county,precinct,office,district,party,candidate,votes
Appling,5B,Public Service Commissioner,3,Democrat,Keisha Sean Waites,0
Appling,5A,Public Service Commissioner,3,Democrat,Keisha Sean Waites,0
Appling,4D,Public Service Commissioner,3,Democrat,Keisha Sean Waites,0
Appling,4B,Public Service Commissioner,3,Democrat,Keisha Sean Waites,0
Appling,3C,Public Service Commissioner,3,Democrat,Keisha Sean Waites,0
Appling,3A1,Public Service Commissioner,3,Democrat,Keisha Sean Waites,0
Appling,2,Public Service Commissioner,3,Democrat,Keisha Sean Waites,14
Appling,1C,Public Service Commissioner,3,Democrat,Keisha Sean Waites,0
Appling,1B,Public Service Commissioner,3,Democrat,Keisha Sean Waites,3
Appling,1B,Public Service Commissioner,3,Democrat,Peter Hubbard,2
Appling,1C,Public Service Commissioner,3,Democrat,Peter Hubbard,0
Appling,2,Public Service Commissioner,3,Democrat,Peter Hubbard,2
Appling,3A1,Public Service Commissioner,3,Democrat,Peter Hubbard,0
Appling,3C,Public Service Commissioner,3,Democrat,Peter Hubbard,0
Appling,4B,Public Service Commissioner,3,Democrat,Peter Hubbard,0
Appling,4D,Public Service Commissioner,3,Democrat,Peter Hubbard,0
Appling,5A,Public Service Commissioner,3,Democrat,Peter Hubbard,0
Appling,5B,Public Service Commissioner,3,Democrat,Peter Hubbard,0
Atkinson,Pearson City,Public Service Commissioner,3,Democrat,Keisha Sean Waites,0
Atkinson,Willacoochee,Public Service Commissioner,3,Democrat,Keisha Sean Waites,11
Atkinson,Axson,Public Service Commissioner,3,Democrat,Keisha Sean Waites,0
Atkinson,Pearson County,Public Service Commissioner,3,Democrat,Keisha Sean Waites,0
Atkinson,Pearson County,Public Service Commissioner,3,Democrat,Peter Hubbard,0
Atkinson,Axson,Public Service Commissioner,3,Democrat,Peter Hubbard,0
Atkinson,Willacoochee,Public Service Commissioner,3,Democrat,Peter Hubbard,1
Atkinson,Pearson City,Public Service Commissioner,3,Democrat,Peter Hubbard,0
Bacon,Douglas,Public Service Commissioner,3,Democrat,Keisha Sean Waites,45
Bacon,Douglas,Public Service Commissioner,3,Democrat,Peter Hubbard,7
Baker,Milford,Public Service Commissioner,3,Democrat,Keisha Sean Waites,0
Baker,Hoggards Mill,Public Service Commissioner,3,Democrat,Keisha Sean Waites,8
Baker,Elmodel,Public Service Commissioner,3,Democrat,Keisha Sean Waites,0
Baker,Anna,Public Service Commissioner,3,Democrat,Keisha Sean Waites,15
Baker,Newton,Public Service Commissioner,3,Democrat,Keisha Sean Waites,5
Baker,Anna,Public Service Commissioner,3,Democrat,Peter Hubbard,6
Baker,Elmodel,Public Service Commissioner,3,Democrat,Peter Hubbard,0
Baker,Hoggards Mill,Public Service Commissioner,3,Democrat,Peter Hubbard,0
Baker,Milford,Public Service Commissioner,3,Democrat,Peter Hubbard,0
Baker,Newton,Public Service Commissioner,3,Democrat,Peter Hubbard,2
Baldwin,East Baldwin,Public Service Commissioner,3,Democrat,Keisha Sean Waites,35
Baldwin,Meriwether,Public Service Commissioner,3,Democrat,Keisha Sean Waites,29
Baldwin,North Milledgeville,Public Service Commissioner,3,Democrat,Keisha Sean Waites,13
Baldwin,Scottsboro,Public Service Commissioner,3,Democrat,Keisha Sean Waites,6
Baldwin,South Milledgeville,Public Service Commissioner,3,Democrat,Keisha Sean Waites,14
Baldwin,West Baldwin,Public Service Commissioner,3,Democrat,Keisha Sean Waites,15
Baldwin,West Hardwick,Public Service Commissioner,3,Democrat,Keisha Sean Waites,53
Baldwin,West Thomas,Public Service Commissioner,3,Democrat,Keisha Sean Waites,25
Baldwin,Courthouse,Public Service Commissioner,3,Democrat,Keisha Sean Waites,7
Baldwin,Coopers,Public Service Commissioner,3,Democrat,Keisha Sean Waites,11
Baldwin,East Milledgeville,Public Service Commissioner,3,Democrat,Keisha Sean Waites,13
Baldwin,East Hardwick,Public Service Commissioner,3,Democrat,Keisha Sean Waites,10
Baldwin,City Hall Annex,Public Service Commissioner,3,Democrat,Keisha Sean Waites,4
Baldwin,North Baldwin,Public Service Commissioner,3,Democrat,Keisha Sean Waites,29
Baldwin,North Milledgeville,Public Service Commissioner,3,Democrat,Peter Hubbard,21
Baldwin,Meriwether,Public Service Commissioner,3,Democrat,Peter Hubbard,19
Baldwin,Scottsboro,Public Service Commissioner,3,Democrat,Peter Hubbard,19
Baldwin,South Milledgeville,Public Service Commissioner,3,Democrat,Peter Hubbard,15
Baldwin,West Baldwin,Public Service Commissioner,3,Democrat,Peter Hubbard,26
Baldwin,West Hardwick,Public Service Commissioner,3,Democrat,Peter Hubbard,39
Baldwin,West Thomas,Public Service Commissioner,3,Democrat,Peter Hubbard,21
Baldwin,East Baldwin,Public Service Commissioner,3,Democrat,Peter Hubbard,33
Baldwin,East Milledgeville,Public Service Commissioner,3,Democrat,Peter Hubbard,7
Baldwin,East Hardwick,Public Service Commissioner,3,Democrat,Peter Hubbard,9
Baldwin,City Hall Annex,Public Service Commissioner,3,Democrat,Peter Hubbard,8
Baldwin,Courthouse,Public Service Commissioner,3,Democrat,Peter Hubbard,3
Baldwin,Coopers,Public Service Commissioner,3,Democrat,Peter Hubbard,10
Baldwin,North Baldwin,Public Service Commissioner,3,Democrat,Peter Hubbard,37
Banks,Poplar Springs,Public Service Commissioner,3,Democrat,Keisha Sean Waites,0
Banks,Anderson,Public Service Commissioner,3,Democrat,Keisha Sean Waites,0
Banks,Baldwin,Public Service Commissioner,3,Democrat,Keisha Sean Waites,0
Banks,Berlin,Public Service Commissioner,3,Democrat,Keisha Sean Waites,0
Banks,Bushville,Public Service Commissioner,3,Democrat,Keisha Sean Waites,0
Banks,Columbia,Public Service Commissioner,3,Democrat,Keisha Sean Waites,0
Banks,Davids,Public Service Commissioner,3,Democrat,Keisha Sean Waites,0
Banks,Golden Hill,Public Service Commissioner,3,Democrat,Keisha Sean Waites,0
Banks,Grove River,Public Service Commissioner,3,Democrat,Keisha Sean Waites,0
Banks,Wilmonts,Public Service Commissioner,3,Democrat,Keisha Sean Waites,0
Banks,Hollingsworth,Public Service Commissioner,3,Democrat,Keisha Sean Waites,0
Banks,Homer,Public Service Commissioner,3,Democrat,Keisha Sean Waites,0
Banks,Washington,Public Service Commissioner,3,Democrat,Keisha Sean Waites,0
Banks,Hollingsworth,Public Service Commissioner,3,Democrat,Peter Hubbard,0
Banks,Wilmonts,Public Service Commissioner,3,Democrat,Peter Hubbard,0
Banks,Washington,Public Service Commissioner,3,Democrat,Peter Hubbard,0
Banks,Poplar Springs,Public Service Commissioner,3,Democrat,Peter Hubbard,0
Banks,Homer,Public Service Commissioner,3,Democrat,Peter Hubbard,0
Banks,Grove River,Public Service Commissioner,3,Democrat,Peter Hubbard,0
Banks,Golden Hill,Public Service Commissioner,3,Democrat,Peter Hubbard,0
Banks,Davids,Public Service Commissioner,3,Democrat,Peter Hubbard,0
Banks,Columbia,Public Service Commissioner,3,Democrat,Peter Hubbard,0
Banks,Bushville,Public Service Commissioner,3,Democrat,Peter Hubbard,0
Banks,Berlin,Public Service Commissioner,3,Democrat,Peter Hubbard,0
Banks,Baldwin,Public Service Commissioner,3,Democrat,Peter Hubbard,0
Banks,Anderson,Public Service Commissioner,3,Democrat,Peter Hubbard,0
Barrow,13,Public Service Commissioner,3,Democrat,Keisha Sean Waites,12
Barrow,16,Public Service Commissioner,3,Democrat,Keisha Sean Waites,15
Barrow,01,Public Service Commissioner,3,Democrat,Keisha Sean Waites,2
Barrow,02,Public Service Commissioner,3,Democrat,Keisha Sean Waites,2
Barrow,03,Public Service Commissioner,3,Democrat,Keisha Sean Waites,3
Barrow,04,Public Service Commissioner,3,Democrat,Keisha Sean Waites,0
Barrow,05,Public Service Commissioner,3,Democrat,Keisha Sean Waites,12
Barrow,08,Public Service Commissioner,3,Democrat,Keisha Sean Waites,9
Barrow,04,Public Service Commissioner,3,Democrat,Peter Hubbard,0
Barrow,05,Public Service Commissioner,3,Democrat,Peter Hubbard,15
Barrow,16,Public Service Commissioner,3,Democrat,Peter Hubbard,20
Barrow,13,Public Service Commissioner,3,Democrat,Peter Hubbard,36
Barrow,08,Public Service Commissioner,3,Democrat,Peter Hubbard,15
Barrow,01,Public Service Commissioner,3,Democrat,Peter Hubbard,7
Barrow,02,Public Service Commissioner,3,Democrat,Peter Hubbard,5
Barrow,03,Public Service Commissioner,3,Democrat,Peter Hubbard,11
Bartow,Adairsville,Public Service Commissioner,3,Democrat,Keisha Sean Waites,7
Bartow,Folsom,Public Service Commissioner,3,Democrat,Keisha Sean Waites,0
Bartow,Kingston,Public Service Commissioner,3,Democrat,Keisha Sean Waites,7
Bartow,Mission Road,Public Service Commissioner,3,Democrat,Keisha Sean Waites,14
Bartow,Allatoona,Public Service Commissioner,3,Democrat,Keisha Sean Waites,7
Bartow,Cartersville East,Public Service Commissioner,3,Democrat,Keisha Sean Waites,8
Bartow,Euharlee,Public Service Commissioner,3,Democrat,Keisha Sean Waites,16
Bartow,Emerson,Public Service Commissioner,3,Democrat,Keisha Sean Waites,0
Bartow,Center,Public Service Commissioner,3,Democrat,Keisha Sean Waites,1
Bartow,Cassville,Public Service Commissioner,3,Democrat,Keisha Sean Waites,10
Bartow,Cartersville West,Public Service Commissioner,3,Democrat,Keisha Sean Waites,13
Bartow,Zena Drive,Public Service Commissioner,3,Democrat,Keisha Sean Waites,15
Bartow,Pine Log,Public Service Commissioner,3,Democrat,Keisha Sean Waites,0
Bartow,White,Public Service Commissioner,3,Democrat,Keisha Sean Waites,1
Bartow,Woodland,Public Service Commissioner,3,Democrat,Keisha Sean Waites,2
Bartow,Hamilton Crossing,Public Service Commissioner,3,Democrat,Keisha Sean Waites,10
Bartow,Taylorsville,Public Service Commissioner,3,Democrat,Keisha Sean Waites,4
Bartow,Mission Road,Public Service Commissioner,3,Democrat,Peter Hubbard,6
Bartow,Zena Drive,Public Service Commissioner,3,Democrat,Peter Hubbard,11
Bartow,White,Public Service Commissioner,3,Democrat,Peter Hubbard,4
Bartow,Taylorsville,Public Service Commissioner,3,Democrat,Peter Hubbard,4
Bartow,Pine Log,Public Service Commissioner,3,Democrat,Peter Hubbard,5
Bartow,Adairsville,Public Service Commissioner,3,Democrat,Peter Hubbard,8
Bartow,Allatoona,Public Service Commissioner,3,Democrat,Peter Hubbard,6
Bartow,Folsom,Public Service Commissioner,3,Democrat,Peter Hubbard,0
Bartow,Woodland,Public Service Commissioner,3,Democrat,Peter Hubbard,4
Bartow,Cassville,Public Service Commissioner,3,Democrat,Peter Hubbard,8
Bartow,Hamilton Crossing,Public Service Commissioner,3,Democrat,Peter Hubbard,16
Bartow,Cartersville East,Public Service Commissioner,3,Democrat,Peter Hubbard,24
Bartow,Cartersville West,Public Service Commissioner,3,Democrat,Peter Hubbard,30
Bartow,Kingston,Public Service Commissioner,3,Democrat,Peter Hubbard,3
Bartow,Center,Public Service Commissioner,3,Democrat,Peter Hubbard,16
Bartow,Emerson,Public Service Commissioner,3,Democrat,Peter Hubbard,0
Bartow,Euharlee,Public Service Commissioner,3,Democrat,Peter Hubbard,20
Ben Hill,East,Public Service Commissioner,3,Democrat,Keisha Sean Waites,58
Ben Hill,East,Public Service Commissioner,3,Democrat,Peter Hubbard,29
Berrien,Nashville,Public Service Commissioner,3,Democrat,Keisha Sean Waites,6
Berrien,Enigma,Public Service Commissioner,3,Democrat,Keisha Sean Waites,1
Berrien,Alapaha,Public Service Commissioner,3,Democrat,Keisha Sean Waites,10
Berrien,West Berrien,Public Service Commissioner,3,Democrat,Keisha Sean Waites,0
Berrien,Ray City,Public Service Commissioner,3,Democrat,Keisha Sean Waites,0
Berrien,Enigma,Public Service Commissioner,3,Democrat,Peter Hubbard,5
Berrien,Nashville,Public Service Commissioner,3,Democrat,Peter Hubbard,5
Berrien,Ray City,Public Service Commissioner,3,Democrat,Peter Hubbard,0
Berrien,West Berrien,Public Service Commissioner,3,Democrat,Peter Hubbard,0
Berrien,Alapaha,Public Service Commissioner,3,Democrat,Peter Hubbard,11
Bibb,East Macon 1,Public Service Commissioner,3,Democrat,Keisha Sean Waites,26
Bibb,Vineville 2,Public Service Commissioner,3,Democrat,Keisha Sean Waites,18
Bibb,East Macon 3,Public Service Commissioner,3,Democrat,Keisha Sean Waites,28
Bibb,East Macon 4,Public Service Commissioner,3,Democrat,Keisha Sean Waites,55
Bibb,East Macon 5,Public Service Commissioner,3,Democrat,Keisha Sean Waites,60
Bibb,Godfrey 1,Public Service Commissioner,3,Democrat,Keisha Sean Waites,43
Bibb,Godfrey 2,Public Service Commissioner,3,Democrat,Keisha Sean Waites,8
Bibb,Godfrey 3,Public Service Commissioner,3,Democrat,Keisha Sean Waites,40
Bibb,East Macon 2,Public Service Commissioner,3,Democrat,Keisha Sean Waites,73
Bibb,Godfrey 5,Public Service Commissioner,3,Democrat,Keisha Sean Waites,42
Bibb,Hazzard 1,Public Service Commissioner,3,Democrat,Keisha Sean Waites,39
Bibb,Hazzard 2,Public Service Commissioner,3,Democrat,Keisha Sean Waites,23
Bibb,Hazzard 3,Public Service Commissioner,3,Democrat,Keisha Sean Waites,70
Bibb,Hazzard 4,Public Service Commissioner,3,Democrat,Keisha Sean Waites,61
Bibb,Howard 1,Public Service Commissioner,3,Democrat,Keisha Sean Waites,17
Bibb,Howard 2,Public Service Commissioner,3,Democrat,Keisha Sean Waites,16
Bibb,Howard 3,Public Service Commissioner,3,Democrat,Keisha Sean Waites,22
Bibb,Howard 4,Public Service Commissioner,3,Democrat,Keisha Sean Waites,10
Bibb,Howard 5,Public Service Commissioner,3,Democrat,Keisha Sean Waites,27
Bibb,Howard 6,Public Service Commissioner,3,Democrat,Keisha Sean Waites,11
Bibb,Howard 7,Public Service Commissioner,3,Democrat,Keisha Sean Waites,17
Bibb,Rutland 1,Public Service Commissioner,3,Democrat,Keisha Sean Waites,91
Bibb,Rutland 2,Public Service Commissioner,3,Democrat,Keisha Sean Waites,11
Bibb,Vineville 1,Public Service Commissioner,3,Democrat,Keisha Sean Waites,31
Bibb,Warrior 2,Public Service Commissioner,3,Democrat,Keisha Sean Waites,50
Bibb,Vineville 3,Public Service Commissioner,3,Democrat,Keisha Sean Waites,46
Bibb,Vineville 4,Public Service Commissioner,3,Democrat,Keisha Sean Waites,49
Bibb,Vineville 5,Public Service Commissioner,3,Democrat,Keisha Sean Waites,13
Bibb,Vineville 6,Public Service Commissioner,3,Democrat,Keisha Sean Waites,17
Bibb,Warrior 1,Public Service Commissioner,3,Democrat,Keisha Sean Waites,28
Bibb,Godfrey 4,Public Service Commissioner,3,Democrat,Keisha Sean Waites,15
Bibb,East Macon 1,Public Service Commissioner,3,Democrat,Peter Hubbard,11
Bibb,Howard 4,Public Service Commissioner,3,Democrat,Peter Hubbard,14
Bibb,Warrior 1,Public Service Commissioner,3,Democrat,Peter Hubbard,13
Bibb,Vineville 4,Public Service Commissioner,3,Democrat,Peter Hubbard,52
Bibb,Vineville 3,Public Service Commissioner,3,Democrat,Peter Hubbard,22
Bibb,East Macon 3,Public Service Commissioner,3,Democrat,Peter Hubbard,61
Bibb,East Macon 4,Public Service Commissioner,3,Democrat,Peter Hubbard,25
Bibb,East Macon 5,Public Service Commissioner,3,Democrat,Peter Hubbard,24
Bibb,Howard 3,Public Service Commissioner,3,Democrat,Peter Hubbard,39
Bibb,Hazzard 3,Public Service Commissioner,3,Democrat,Peter Hubbard,68
Bibb,Vineville 2,Public Service Commissioner,3,Democrat,Peter Hubbard,39
Bibb,Vineville 1,Public Service Commissioner,3,Democrat,Peter Hubbard,69
Bibb,Howard 1,Public Service Commissioner,3,Democrat,Peter Hubbard,46
Bibb,Godfrey 1,Public Service Commissioner,3,Democrat,Peter Hubbard,51
Bibb,Howard 2,Public Service Commissioner,3,Democrat,Peter Hubbard,19
Bibb,Rutland 2,Public Service Commissioner,3,Democrat,Peter Hubbard,22
Bibb,Vineville 5,Public Service Commissioner,3,Democrat,Peter Hubbard,16
Bibb,Rutland 1,Public Service Commissioner,3,Democrat,Peter Hubbard,36
Bibb,Godfrey 3,Public Service Commissioner,3,Democrat,Peter Hubbard,10
Bibb,Howard 7,Public Service Commissioner,3,Democrat,Peter Hubbard,36
Bibb,Howard 6,Public Service Commissioner,3,Democrat,Peter Hubbard,31
Bibb,Hazzard 4,Public Service Commissioner,3,Democrat,Peter Hubbard,40
Bibb,Godfrey 2,Public Service Commissioner,3,Democrat,Peter Hubbard,3
Bibb,Howard 5,Public Service Commissioner,3,Democrat,Peter Hubbard,23
Bibb,Hazzard 2,Public Service Commissioner,3,Democrat,Peter Hubbard,23
Bibb,Godfrey 4,Public Service Commissioner,3,Democrat,Peter Hubbard,10
Bibb,East Macon 2,Public Service Commissioner,3,Democrat,Peter Hubbard,36
Bibb,Hazzard 1,Public Service Commissioner,3,Democrat,Peter Hubbard,27
Bibb,Godfrey 5,Public Service Commissioner,3,Democrat,Peter Hubbard,25
Bibb,Warrior 2,Public Service Commissioner,3,Democrat,Peter Hubbard,23
Bibb,Vineville 6,Public Service Commissioner,3,Democrat,Peter Hubbard,60
Bleckley,1,Public Service Commissioner,3,Democrat,Keisha Sean Waites,27
Bleckley,1,Public Service Commissioner,3,Democrat,Peter Hubbard,13
Brantley,Waynesville,Public Service Commissioner,3,Democrat,Keisha Sean Waites,0
Brantley,Nahunta,Public Service Commissioner,3,Democrat,Keisha Sean Waites,8
Brantley,Hoboken,Public Service Commissioner,3,Democrat,Keisha Sean Waites,0
Brantley,Nahunta,Public Service Commissioner,3,Democrat,Peter Hubbard,5
Brantley,Waynesville,Public Service Commissioner,3,Democrat,Peter Hubbard,0
Brantley,Hoboken,Public Service Commissioner,3,Democrat,Peter Hubbard,0
Brooks,Quitman,Public Service Commissioner,3,Democrat,Keisha Sean Waites,34
Brooks,Barwick,Public Service Commissioner,3,Democrat,Keisha Sean Waites,6
Brooks,Dixie,Public Service Commissioner,3,Democrat,Keisha Sean Waites,4
Brooks,Briggs,Public Service Commissioner,3,Democrat,Keisha Sean Waites,4
Brooks,Pavo,Public Service Commissioner,3,Democrat,Keisha Sean Waites,8
Brooks,Nankin,Public Service Commissioner,3,Democrat,Keisha Sean Waites,4
Brooks,Morven,Public Service Commissioner,3,Democrat,Keisha Sean Waites,8
Brooks,Pavo,Public Service Commissioner,3,Democrat,Peter Hubbard,0
Brooks,Morven,Public Service Commissioner,3,Democrat,Peter Hubbard,11
Brooks,Quitman,Public Service Commissioner,3,Democrat,Peter Hubbard,30
Brooks,Dixie,Public Service Commissioner,3,Democrat,Peter Hubbard,2
Brooks,Nankin,Public Service Commissioner,3,Democrat,Peter Hubbard,2
Brooks,Barwick,Public Service Commissioner,3,Democrat,Peter Hubbard,2
Brooks,Briggs,Public Service Commissioner,3,Democrat,Peter Hubbard,5
Bryan,Lanier,Public Service Commissioner,3,Democrat,Keisha Sean Waites,0
Bryan,Harn Community Center,Public Service Commissioner,3,Democrat,Keisha Sean Waites,15
Bryan,First Baptist Church,Public Service Commissioner,3,Democrat,Keisha Sean Waites,16
Bryan,Devaul Henderson Park Gym,Public Service Commissioner,3,Democrat,Keisha Sean Waites,21
Bryan,Daniel Siding,Public Service Commissioner,3,Democrat,Keisha Sean Waites,12
Bryan,Wetlands Center,Public Service Commissioner,3,Democrat,Keisha Sean Waites,5
Bryan,Timber Trail,Public Service Commissioner,3,Democrat,Keisha Sean Waites,10
Bryan,Spirit of Peace Lutheran Church,Public Service Commissioner,3,Democrat,Keisha Sean Waites,13
Bryan,Olive Branch Baptist,Public Service Commissioner,3,Democrat,Keisha Sean Waites,8
Bryan,New Beginnings,Public Service Commissioner,3,Democrat,Keisha Sean Waites,5
Bryan,First Baptist Church,Public Service Commissioner,3,Democrat,Peter Hubbard,10
Bryan,Daniel Siding,Public Service Commissioner,3,Democrat,Peter Hubbard,11
Bryan,New Beginnings,Public Service Commissioner,3,Democrat,Peter Hubbard,13
Bryan,Harn Community Center,Public Service Commissioner,3,Democrat,Peter Hubbard,9
Bryan,Olive Branch Baptist,Public Service Commissioner,3,Democrat,Peter Hubbard,6
Bryan,Spirit of Peace Lutheran Church,Public Service Commissioner,3,Democrat,Peter Hubbard,18
Bryan,Timber Trail,Public Service Commissioner,3,Democrat,Peter Hubbard,11
Bryan,Lanier,Public Service Commissioner,3,Democrat,Peter Hubbard,0
Bryan,Devaul Henderson Park Gym,Public Service Commissioner,3,Democrat,Peter Hubbard,18
Bryan,Wetlands Center,Public Service Commissioner,3,Democrat,Peter Hubbard,17
Bulloch,Blitch,Public Service Commissioner,3,Democrat,Keisha Sean Waites,11
Bulloch,Bay,Public Service Commissioner,3,Democrat,Keisha Sean Waites,2
Bulloch,Stilson,Public Service Commissioner,3,Democrat,Keisha Sean Waites,0
Bulloch,Statesboro,Public Service Commissioner,3,Democrat,Keisha Sean Waites,29
Bulloch,Sinkhole,Public Service Commissioner,3,Democrat,Keisha Sean Waites,0
Bulloch,Register,Public Service Commissioner,3,Democrat,Keisha Sean Waites,1
Bulloch,Portal,Public Service Commissioner,3,Democrat,Keisha Sean Waites,0
Bulloch,Pittman Park,Public Service Commissioner,3,Democrat,Keisha Sean Waites,5
Bulloch,Nevils,Public Service Commissioner,3,Democrat,Keisha Sean Waites,3
Bulloch,Lockhart,Public Service Commissioner,3,Democrat,Keisha Sean Waites,0
Bulloch,Leefield,Public Service Commissioner,3,Democrat,Keisha Sean Waites,0
Bulloch,Hagin,Public Service Commissioner,3,Democrat,Keisha Sean Waites,4
Bulloch,Fair,Public Service Commissioner,3,Democrat,Keisha Sean Waites,11
Bulloch,Emit,Public Service Commissioner,3,Democrat,Keisha Sean Waites,7
Bulloch,Church,Public Service Commissioner,3,Democrat,Keisha Sean Waites,34
Bulloch,Brooklet,Public Service Commissioner,3,Democrat,Keisha Sean Waites,5
Bulloch,Emit,Public Service Commissioner,3,Democrat,Peter Hubbard,11
Bulloch,Statesboro,Public Service Commissioner,3,Democrat,Peter Hubbard,26
Bulloch,Bay,Public Service Commissioner,3,Democrat,Peter Hubbard,3
Bulloch,Blitch,Public Service Commissioner,3,Democrat,Peter Hubbard,8
Bulloch,Brooklet,Public Service Commissioner,3,Democrat,Peter Hubbard,9
Bulloch,Church,Public Service Commissioner,3,Democrat,Peter Hubbard,21
Bulloch,Fair,Public Service Commissioner,3,Democrat,Peter Hubbard,25
Bulloch,Hagin,Public Service Commissioner,3,Democrat,Peter Hubbard,4
Bulloch,Leefield,Public Service Commissioner,3,Democrat,Peter Hubbard,0
Bulloch,Lockhart,Public Service Commissioner,3,Democrat,Peter Hubbard,0
Bulloch,Nevils,Public Service Commissioner,3,Democrat,Peter Hubbard,3
Bulloch,Portal,Public Service Commissioner,3,Democrat,Peter Hubbard,0
Bulloch,Register,Public Service Commissioner,3,Democrat,Peter Hubbard,6
Bulloch,Sinkhole,Public Service Commissioner,3,Democrat,Peter Hubbard,0
Bulloch,Stilson,Public Service Commissioner,3,Democrat,Peter Hubbard,0
Bulloch,Pittman Park,Public Service Commissioner,3,Democrat,Peter Hubbard,25
Burke,Scotts Crossroads,Public Service Commissioner,3,Democrat,Keisha Sean Waites,4
Burke,Sardis,Public Service Commissioner,3,Democrat,Keisha Sean Waites,3
Burke,Midville,Public Service Commissioner,3,Democrat,Keisha Sean Waites,10
Burke,Greenscut,Public Service Commissioner,3,Democrat,Keisha Sean Waites,7
Burke,Keysville,Public Service Commissioner,3,Democrat,Keisha Sean Waites,12
Burke,Munnerlyn,Public Service Commissioner,3,Democrat,Keisha Sean Waites,0
Burke,Girard,Public Service Commissioner,3,Democrat,Keisha Sean Waites,12
Burke,Gough,Public Service Commissioner,3,Democrat,Keisha Sean Waites,23
Burke,North Waynesboro,Public Service Commissioner,3,Democrat,Keisha Sean Waites,41
Burke,Four Points,Public Service Commissioner,3,Democrat,Keisha Sean Waites,12
Burke,Blakeney,Public Service Commissioner,3,Democrat,Keisha Sean Waites,11
Burke,Alexander,Public Service Commissioner,3,Democrat,Keisha Sean Waites,0
Burke,Vidette,Public Service Commissioner,3,Democrat,Keisha Sean Waites,5
Burke,Telfair,Public Service Commissioner,3,Democrat,Keisha Sean Waites,10
Burke,St. Clair,Public Service Commissioner,3,Democrat,Keisha Sean Waites,8
Burke,South Waynesboro,Public Service Commissioner,3,Democrat,Keisha Sean Waites,43
Burke,Keysville,Public Service Commissioner,3,Democrat,Peter Hubbard,3
Burke,Munnerlyn,Public Service Commissioner,3,Democrat,Peter Hubbard,0
Burke,Greenscut,Public Service Commissioner,3,Democrat,Peter Hubbard,6
Burke,Sardis,Public Service Commissioner,3,Democrat,Peter Hubbard,4
Burke,Alexander,Public Service Commissioner,3,Democrat,Peter Hubbard,0
Burke,Girard,Public Service Commissioner,3,Democrat,Peter Hubbard,1
Burke,Four Points,Public Service Commissioner,3,Democrat,Peter Hubbard,9
Burke,Blakeney,Public Service Commissioner,3,Democrat,Peter Hubbard,0
Burke,North Waynesboro,Public Service Commissioner,3,Democrat,Peter Hubbard,20
Burke,Scotts Crossroads,Public Service Commissioner,3,Democrat,Peter Hubbard,3
Burke,South Waynesboro,Public Service Commissioner,3,Democrat,Peter Hubbard,18
Burke,St. Clair,Public Service Commissioner,3,Democrat,Peter Hubbard,3
Burke,Midville,Public Service Commissioner,3,Democrat,Peter Hubbard,5
Burke,Telfair,Public Service Commissioner,3,Democrat,Peter Hubbard,5
Burke,Vidette,Public Service Commissioner,3,Democrat,Peter Hubbard,6
Burke,Gough,Public Service Commissioner,3,Democrat,Peter Hubbard,4
Butts,Butts County Admin Building,Public Service Commissioner,3,Democrat,Keisha Sean Waites,63
Butts,Butts County Admin Building,Public Service Commissioner,3,Democrat,Peter Hubbard,28
Calhoun,Arlington,Public Service Commissioner,3,Democrat,Keisha Sean Waites,18
Calhoun,Edison-Arlington,Public Service Commissioner,3,Democrat,Keisha Sean Waites,16
Calhoun,Edison,Public Service Commissioner,3,Democrat,Keisha Sean Waites,20
Calhoun,Morgan,Public Service Commissioner,3,Democrat,Keisha Sean Waites,9
Calhoun,Leary,Public Service Commissioner,3,Democrat,Keisha Sean Waites,28
Calhoun,Arlington,Public Service Commissioner,3,Democrat,Peter Hubbard,13
Calhoun,Edison-Arlington,Public Service Commissioner,3,Democrat,Peter Hubbard,1
Calhoun,Edison,Public Service Commissioner,3,Democrat,Peter Hubbard,5
Calhoun,Leary,Public Service Commissioner,3,Democrat,Peter Hubbard,7
Calhoun,Morgan,Public Service Commissioner,3,Democrat,Peter Hubbard,5
Camden,Harrietts Bluff,Public Service Commissioner,3,Democrat,Keisha Sean Waites,4
Camden,Historic Kingsland,Public Service Commissioner,3,Democrat,Keisha Sean Waites,10
Camden,Woodbine,Public Service Commissioner,3,Democrat,Keisha Sean Waites,23
Camden,West Saint Marys,Public Service Commissioner,3,Democrat,Keisha Sean Waites,8
Camden,West Kingsland,Public Service Commissioner,3,Democrat,Keisha Sean Waites,4
Camden,South St. Marys,Public Service Commissioner,3,Democrat,Keisha Sean Waites,3
Camden,St. Marys,Public Service Commissioner,3,Democrat,Keisha Sean Waites,13
Camden,Tarboro,Public Service Commissioner,3,Democrat,Keisha Sean Waites,0
Camden,Waverly,Public Service Commissioner,3,Democrat,Keisha Sean Waites,8
Camden,North St. Marys,Public Service Commissioner,3,Democrat,Keisha Sean Waites,1
Camden,East Kingsland,Public Service Commissioner,3,Democrat,Keisha Sean Waites,35
Camden,East Kingsland,Public Service Commissioner,3,Democrat,Peter Hubbard,28
Camden,Harrietts Bluff,Public Service Commissioner,3,Democrat,Peter Hubbard,7
Camden,Historic Kingsland,Public Service Commissioner,3,Democrat,Peter Hubbard,9
Camden,North St. Marys,Public Service Commissioner,3,Democrat,Peter Hubbard,8
Camden,South St. Marys,Public Service Commissioner,3,Democrat,Peter Hubbard,10
Camden,St. Marys,Public Service Commissioner,3,Democrat,Peter Hubbard,9
Camden,Tarboro,Public Service Commissioner,3,Democrat,Peter Hubbard,0
Camden,Waverly,Public Service Commissioner,3,Democrat,Peter Hubbard,21
Camden,West Kingsland,Public Service Commissioner,3,Democrat,Peter Hubbard,1
Camden,West Saint Marys,Public Service Commissioner,3,Democrat,Peter Hubbard,6
Camden,Woodbine,Public Service Commissioner,3,Democrat,Peter Hubbard,5
Candler,Jack Strickland Community Center,Public Service Commissioner,3,Democrat,Keisha Sean Waites,15
Candler,Jack Strickland Community Center,Public Service Commissioner,3,Democrat,Peter Hubbard,20
Carroll,Catherine Hardy,Public Service Commissioner,3,Democrat,Keisha Sean Waites,16
Carroll,Roopville,Public Service Commissioner,3,Democrat,Keisha Sean Waites,3
Carroll,VR Sports Complex,Public Service Commissioner,3,Democrat,Keisha Sean Waites,6
Carroll,Tyus,Public Service Commissioner,3,Democrat,Keisha Sean Waites,0
Carroll,Townsend Ctr UWG,Public Service Commissioner,3,Democrat,Keisha Sean Waites,3
Carroll,Temple County,Public Service Commissioner,3,Democrat,Keisha Sean Waites,0
Carroll,Temple City,Public Service Commissioner,3,Democrat,Keisha Sean Waites,3
Carroll,Bethany,Public Service Commissioner,3,Democrat,Keisha Sean Waites,13
Carroll,Bonner Rec Ctr,Public Service Commissioner,3,Democrat,Keisha Sean Waites,14
Carroll,Bowden Sr Ctr,Public Service Commissioner,3,Democrat,Keisha Sean Waites,2
Carroll,Carroll EMC,Public Service Commissioner,3,Democrat,Keisha Sean Waites,0
Carroll,Tabernacle,Public Service Commissioner,3,Democrat,Keisha Sean Waites,6
Carroll,Center Point,Public Service Commissioner,3,Democrat,Keisha Sean Waites,0
Carroll,Clem Comm Ctr,Public Service Commissioner,3,Democrat,Keisha Sean Waites,11
Carroll,Fairfield Rec Ctr,Public Service Commissioner,3,Democrat,Keisha Sean Waites,10
Carroll,VR Gold Dust Park,Public Service Commissioner,3,Democrat,Keisha Sean Waites,1
Carroll,Kansas,Public Service Commissioner,3,Democrat,Keisha Sean Waites,0
Carroll,Lakeshore Rec Ctr,Public Service Commissioner,3,Democrat,Keisha Sean Waites,7
Carroll,Mars Hill,Public Service Commissioner,3,Democrat,Keisha Sean Waites,0
Carroll,Midway,Public Service Commissioner,3,Democrat,Keisha Sean Waites,5
Carroll,Mount Holly,Public Service Commissioner,3,Democrat,Keisha Sean Waites,3
Carroll,Mt Zion,Public Service Commissioner,3,Democrat,Keisha Sean Waites,4
Carroll,Shiloh,Public Service Commissioner,3,Democrat,Keisha Sean Waites,0
Carroll,Neva Lomason,Public Service Commissioner,3,Democrat,Keisha Sean Waites,12
Carroll,Oak Grove,Public Service Commissioner,3,Democrat,Keisha Sean Waites,0
Carroll,Old Camp Church,Public Service Commissioner,3,Democrat,Keisha Sean Waites,3
Carroll,Powell Park Rec Ctr,Public Service Commissioner,3,Democrat,Keisha Sean Waites,15
Carroll,Whitesburg Rec Dept,Public Service Commissioner,3,Democrat,Keisha Sean Waites,2
Carroll,Shiloh,Public Service Commissioner,3,Democrat,Peter Hubbard,0
Carroll,Old Camp Church,Public Service Commissioner,3,Democrat,Peter Hubbard,10
Carroll,Carroll EMC,Public Service Commissioner,3,Democrat,Peter Hubbard,5
Carroll,Bowden Sr Ctr,Public Service Commissioner,3,Democrat,Peter Hubbard,3
Carroll,Bonner Rec Ctr,Public Service Commissioner,3,Democrat,Peter Hubbard,16
Carroll,Bethany,Public Service Commissioner,3,Democrat,Peter Hubbard,10
Carroll,Whitesburg Rec Dept,Public Service Commissioner,3,Democrat,Peter Hubbard,8
Carroll,VR Sports Complex,Public Service Commissioner,3,Democrat,Peter Hubbard,5
Carroll,Powell Park Rec Ctr,Public Service Commissioner,3,Democrat,Peter Hubbard,9
Carroll,Center Point,Public Service Commissioner,3,Democrat,Peter Hubbard,7
Carroll,Clem Comm Ctr,Public Service Commissioner,3,Democrat,Peter Hubbard,11
Carroll,Fairfield Rec Ctr,Public Service Commissioner,3,Democrat,Peter Hubbard,17
Carroll,VR Gold Dust Park,Public Service Commissioner,3,Democrat,Peter Hubbard,7
Carroll,Kansas,Public Service Commissioner,3,Democrat,Peter Hubbard,0
Carroll,Lakeshore Rec Ctr,Public Service Commissioner,3,Democrat,Peter Hubbard,13
Carroll,Mars Hill,Public Service Commissioner,3,Democrat,Peter Hubbard,0
Carroll,Midway,Public Service Commissioner,3,Democrat,Peter Hubbard,8
Carroll,Mount Holly,Public Service Commissioner,3,Democrat,Peter Hubbard,3
Carroll,Mt Zion,Public Service Commissioner,3,Democrat,Peter Hubbard,5
Carroll,Neva Lomason,Public Service Commissioner,3,Democrat,Peter Hubbard,25
Carroll,Catherine Hardy,Public Service Commissioner,3,Democrat,Peter Hubbard,18
Carroll,Temple City,Public Service Commissioner,3,Democrat,Peter Hubbard,5
Carroll,Temple County,Public Service Commissioner,3,Democrat,Peter Hubbard,0
Carroll,Townsend Ctr UWG,Public Service Commissioner,3,Democrat,Peter Hubbard,13
Carroll,Tyus,Public Service Commissioner,3,Democrat,Peter Hubbard,0
Carroll,Roopville,Public Service Commissioner,3,Democrat,Peter Hubbard,18
Carroll,Oak Grove,Public Service Commissioner,3,Democrat,Peter Hubbard,0
Carroll,Tabernacle,Public Service Commissioner,3,Democrat,Peter Hubbard,16
Catoosa,Ft Oglethorpe,Public Service Commissioner,3,Democrat,Keisha Sean Waites,5
Catoosa,Chambers,Public Service Commissioner,3,Democrat,Keisha Sean Waites,4
Catoosa,Catoosa Keith,Public Service Commissioner,3,Democrat,Keisha Sean Waites,2
Catoosa,Blackstock,Public Service Commissioner,3,Democrat,Keisha Sean Waites,2
Catoosa,Boynton,Public Service Commissioner,3,Democrat,Keisha Sean Waites,11
Catoosa,Woodstation,Public Service Commissioner,3,Democrat,Keisha Sean Waites,4
Catoosa,Westside,Public Service Commissioner,3,Democrat,Keisha Sean Waites,8
Catoosa,Ringgold,Public Service Commissioner,3,Democrat,Keisha Sean Waites,10
Catoosa,Poplar Springs,Public Service Commissioner,3,Democrat,Keisha Sean Waites,1
Catoosa,Lakeview,Public Service Commissioner,3,Democrat,Keisha Sean Waites,3
Catoosa,Graysville,Public Service Commissioner,3,Democrat,Keisha Sean Waites,6
Catoosa,Blackstock,Public Service Commissioner,3,Democrat,Peter Hubbard,5
Catoosa,Boynton,Public Service Commissioner,3,Democrat,Peter Hubbard,27
Catoosa,Catoosa Keith,Public Service Commissioner,3,Democrat,Peter Hubbard,8
Catoosa,Chambers,Public Service Commissioner,3,Democrat,Peter Hubbard,15
Catoosa,Woodstation,Public Service Commissioner,3,Democrat,Peter Hubbard,5
Catoosa,Westside,Public Service Commissioner,3,Democrat,Peter Hubbard,16
Catoosa,Ringgold,Public Service Commissioner,3,Democrat,Peter Hubbard,19
Catoosa,Poplar Springs,Public Service Commissioner,3,Democrat,Peter Hubbard,15
Catoosa,Lakeview,Public Service Commissioner,3,Democrat,Peter Hubbard,5
Catoosa,Ft Oglethorpe,Public Service Commissioner,3,Democrat,Peter Hubbard,7
Catoosa,Graysville,Public Service Commissioner,3,Democrat,Peter Hubbard,17
Charlton,Racepond,Public Service Commissioner,3,Democrat,Keisha Sean Waites,0
Charlton,Winokur,Public Service Commissioner,3,Democrat,Keisha Sean Waites,0
Charlton,Folkston,Public Service Commissioner,3,Democrat,Keisha Sean Waites,5
Charlton,GA Bend,Public Service Commissioner,3,Democrat,Keisha Sean Waites,0
Charlton,St. George,Public Service Commissioner,3,Democrat,Keisha Sean Waites,0
Charlton,Homeland,Public Service Commissioner,3,Democrat,Keisha Sean Waites,0
Charlton,Winokur,Public Service Commissioner,3,Democrat,Peter Hubbard,0
Charlton,Folkston,Public Service Commissioner,3,Democrat,Peter Hubbard,8
Charlton,GA Bend,Public Service Commissioner,3,Democrat,Peter Hubbard,0
Charlton,St. George,Public Service Commissioner,3,Democrat,Peter Hubbard,0
Charlton,Homeland,Public Service Commissioner,3,Democrat,Peter Hubbard,0
Charlton,Racepond,Public Service Commissioner,3,Democrat,Peter Hubbard,0
Chatham,2-06C,Public Service Commissioner,3,Democrat,Keisha Sean Waites,22
Chatham,6-01C,Public Service Commissioner,3,Democrat,Keisha Sean Waites,9
Chatham,7-06C,Public Service Commissioner,3,Democrat,Keisha Sean Waites,14
Chatham,5-06C,Public Service Commissioner,3,Democrat,Keisha Sean Waites,26
Chatham,5-07C,Public Service Commissioner,3,Democrat,Keisha Sean Waites,11
Chatham,5-08C,Public Service Commissioner,3,Democrat,Keisha Sean Waites,22
Chatham,6-03C,Public Service Commissioner,3,Democrat,Keisha Sean Waites,48
Chatham,3-04C,Public Service Commissioner,3,Democrat,Keisha Sean Waites,49
Chatham,1-14C,Public Service Commissioner,3,Democrat,Keisha Sean Waites,6
Chatham,2-05C,Public Service Commissioner,3,Democrat,Keisha Sean Waites,45
Chatham,2-04C,Public Service Commissioner,3,Democrat,Keisha Sean Waites,39
Chatham,1-13C,Public Service Commissioner,3,Democrat,Keisha Sean Waites,6
Chatham,3-02C,Public Service Commissioner,3,Democrat,Keisha Sean Waites,7
Chatham,6-10C,Public Service Commissioner,3,Democrat,Keisha Sean Waites,36
Chatham,6-09C,Public Service Commissioner,3,Democrat,Keisha Sean Waites,30
Chatham,6-08C,Public Service Commissioner,3,Democrat,Keisha Sean Waites,24
Chatham,2-12C,Public Service Commissioner,3,Democrat,Keisha Sean Waites,42
Chatham,5-05C,Public Service Commissioner,3,Democrat,Keisha Sean Waites,72
Chatham,5-03C,Public Service Commissioner,3,Democrat,Keisha Sean Waites,19
Chatham,4-14C,Public Service Commissioner,3,Democrat,Keisha Sean Waites,6
Chatham,4-13C,Public Service Commissioner,3,Democrat,Keisha Sean Waites,7
Chatham,4-12C,Public Service Commissioner,3,Democrat,Keisha Sean Waites,4
Chatham,4-11C,Public Service Commissioner,3,Democrat,Keisha Sean Waites,9
Chatham,4-10C,Public Service Commissioner,3,Democrat,Keisha Sean Waites,10
Chatham,4-08C,Public Service Commissioner,3,Democrat,Keisha Sean Waites,4
Chatham,4-07C,Public Service Commissioner,3,Democrat,Keisha Sean Waites,11
Chatham,1-01C,Public Service Commissioner,3,Democrat,Keisha Sean Waites,17
Chatham,4-05C,Public Service Commissioner,3,Democrat,Keisha Sean Waites,3
Chatham,4-04C,Public Service Commissioner,3,Democrat,Keisha Sean Waites,5
Chatham,4-02C,Public Service Commissioner,3,Democrat,Keisha Sean Waites,8
Chatham,3-14C,Public Service Commissioner,3,Democrat,Keisha Sean Waites,38
Chatham,3-13C,Public Service Commissioner,3,Democrat,Keisha Sean Waites,12
Chatham,3-12C,Public Service Commissioner,3,Democrat,Keisha Sean Waites,14
Chatham,3-11C,Public Service Commissioner,3,Democrat,Keisha Sean Waites,12
Chatham,2-11C,Public Service Commissioner,3,Democrat,Keisha Sean Waites,24
Chatham,3-10C,Public Service Commissioner,3,Democrat,Keisha Sean Waites,54
Chatham,3-09C,Public Service Commissioner,3,Democrat,Keisha Sean Waites,42
Chatham,2-09C,Public Service Commissioner,3,Democrat,Keisha Sean Waites,52
Chatham,3-05C,Public Service Commissioner,3,Democrat,Keisha Sean Waites,17
Chatham,2-02C,Public Service Commissioner,3,Democrat,Keisha Sean Waites,23
Chatham,1-17C,Public Service Commissioner,3,Democrat,Keisha Sean Waites,7
Chatham,1-16C,Public Service Commissioner,3,Democrat,Keisha Sean Waites,9
Chatham,5-11C,Public Service Commissioner,3,Democrat,Keisha Sean Waites,28
Chatham,5-10C,Public Service Commissioner,3,Democrat,Keisha Sean Waites,57
Chatham,1-09C,Public Service Commissioner,3,Democrat,Keisha Sean Waites,10
Chatham,1-08C,Public Service Commissioner,3,Democrat,Keisha Sean Waites,10
Chatham,1-06C,Public Service Commissioner,3,Democrat,Keisha Sean Waites,9
Chatham,1-05C,Public Service Commissioner,3,Democrat,Keisha Sean Waites,15
Chatham,6-06C,Public Service Commissioner,3,Democrat,Keisha Sean Waites,6
Chatham,6-05C,Public Service Commissioner,3,Democrat,Keisha Sean Waites,23
Chatham,2-03C,Public Service Commissioner,3,Democrat,Keisha Sean Waites,20
Chatham,8-18C,Public Service Commissioner,3,Democrat,Keisha Sean Waites,6
Chatham,8-17C,Public Service Commissioner,3,Democrat,Keisha Sean Waites,20
Chatham,8-16C,Public Service Commissioner,3,Democrat,Keisha Sean Waites,12
Chatham,8-15C,Public Service Commissioner,3,Democrat,Keisha Sean Waites,32
Chatham,8-12C,Public Service Commissioner,3,Democrat,Keisha Sean Waites,13
Chatham,8-11C,Public Service Commissioner,3,Democrat,Keisha Sean Waites,50
Chatham,8-10C,Public Service Commissioner,3,Democrat,Keisha Sean Waites,45
Chatham,8-09C,Public Service Commissioner,3,Democrat,Keisha Sean Waites,18
Chatham,8-08C,Public Service Commissioner,3,Democrat,Keisha Sean Waites,43
Chatham,8-06C,Public Service Commissioner,3,Democrat,Keisha Sean Waites,18
Chatham,8-05C,Public Service Commissioner,3,Democrat,Keisha Sean Waites,12
Chatham,8-03C,Public Service Commissioner,3,Democrat,Keisha Sean Waites,6
Chatham,8-02C,Public Service Commissioner,3,Democrat,Keisha Sean Waites,6
Chatham,8-01C,Public Service Commissioner,3,Democrat,Keisha Sean Waites,2
Chatham,7-17C,Public Service Commissioner,3,Democrat,Keisha Sean Waites,9
Chatham,7-16C,Public Service Commissioner,3,Democrat,Keisha Sean Waites,21
Chatham,7-15C,Public Service Commissioner,3,Democrat,Keisha Sean Waites,34
Chatham,7-14C,Public Service Commissioner,3,Democrat,Keisha Sean Waites,39
Chatham,7-13C,Public Service Commissioner,3,Democrat,Keisha Sean Waites,23
Chatham,7-12C,Public Service Commissioner,3,Democrat,Keisha Sean Waites,30
Chatham,7-11C,Public Service Commissioner,3,Democrat,Keisha Sean Waites,14
Chatham,7-10C,Public Service Commissioner,3,Democrat,Keisha Sean Waites,28
Chatham,7-09C,Public Service Commissioner,3,Democrat,Keisha Sean Waites,20
Chatham,7-08C,Public Service Commissioner,3,Democrat,Keisha Sean Waites,18
Chatham,7-07C,Public Service Commissioner,3,Democrat,Keisha Sean Waites,14
Chatham,2-07C,Public Service Commissioner,3,Democrat,Keisha Sean Waites,36
Chatham,7-05C,Public Service Commissioner,3,Democrat,Keisha Sean Waites,7
Chatham,7-04C,Public Service Commissioner,3,Democrat,Keisha Sean Waites,25
Chatham,7-03C,Public Service Commissioner,3,Democrat,Keisha Sean Waites,3
Chatham,7-01C,Public Service Commissioner,3,Democrat,Keisha Sean Waites,12
Chatham,6-11C,Public Service Commissioner,3,Democrat,Keisha Sean Waites,44
Chatham,1-12C,Public Service Commissioner,3,Democrat,Keisha Sean Waites,1
Chatham,1-10C,Public Service Commissioner,3,Democrat,Keisha Sean Waites,0
Chatham,6-02C,Public Service Commissioner,3,Democrat,Keisha Sean Waites,18
Chatham,4-06C,Public Service Commissioner,3,Democrat,Keisha Sean Waites,7
Chatham,1-01C,Public Service Commissioner,3,Democrat,Peter Hubbard,163
Chatham,4-02C,Public Service Commissioner,3,Democrat,Peter Hubbard,20
Chatham,4-08C,Public Service Commissioner,3,Democrat,Peter Hubbard,43
Chatham,4-10C,Public Service Commissioner,3,Democrat,Peter Hubbard,59
Chatham,4-11C,Public Service Commissioner,3,Democrat,Peter Hubbard,50
Chatham,4-12C,Public Service Commissioner,3,Democrat,Peter Hubbard,53
Chatham,4-13C,Public Service Commissioner,3,Democrat,Peter Hubbard,47
Chatham,4-14C,Public Service Commissioner,3,Democrat,Peter Hubbard,59
Chatham,5-03C,Public Service Commissioner,3,Democrat,Peter Hubbard,20
Chatham,5-05C,Public Service Commissioner,3,Democrat,Peter Hubbard,23
Chatham,5-06C,Public Service Commissioner,3,Democrat,Peter Hubbard,18
Chatham,5-07C,Public Service Commissioner,3,Democrat,Peter Hubbard,15
Chatham,5-08C,Public Service Commissioner,3,Democrat,Peter Hubbard,15
Chatham,5-10C,Public Service Commissioner,3,Democrat,Peter Hubbard,24
Chatham,1-06C,Public Service Commissioner,3,Democrat,Peter Hubbard,49
Chatham,4-06C,Public Service Commissioner,3,Democrat,Peter Hubbard,26
Chatham,4-05C,Public Service Commissioner,3,Democrat,Peter Hubbard,22
Chatham,1-09C,Public Service Commissioner,3,Democrat,Peter Hubbard,19
Chatham,1-08C,Public Service Commissioner,3,Democrat,Peter Hubbard,23
Chatham,1-05C,Public Service Commissioner,3,Democrat,Peter Hubbard,72
Chatham,1-10C,Public Service Commissioner,3,Democrat,Peter Hubbard,16
Chatham,1-12C,Public Service Commissioner,3,Democrat,Peter Hubbard,26
Chatham,4-07C,Public Service Commissioner,3,Democrat,Peter Hubbard,33
Chatham,6-01C,Public Service Commissioner,3,Democrat,Peter Hubbard,16
Chatham,6-02C,Public Service Commissioner,3,Democrat,Peter Hubbard,38
Chatham,1-13C,Public Service Commissioner,3,Democrat,Peter Hubbard,22
Chatham,1-14C,Public Service Commissioner,3,Democrat,Peter Hubbard,27
Chatham,1-16C,Public Service Commissioner,3,Democrat,Peter Hubbard,31
Chatham,1-17C,Public Service Commissioner,3,Democrat,Peter Hubbard,29
Chatham,2-02C,Public Service Commissioner,3,Democrat,Peter Hubbard,23
Chatham,2-03C,Public Service Commissioner,3,Democrat,Peter Hubbard,25
Chatham,2-04C,Public Service Commissioner,3,Democrat,Peter Hubbard,26
Chatham,2-05C,Public Service Commissioner,3,Democrat,Peter Hubbard,52
Chatham,2-06C,Public Service Commissioner,3,Democrat,Peter Hubbard,12
Chatham,2-07C,Public Service Commissioner,3,Democrat,Peter Hubbard,63
Chatham,2-09C,Public Service Commissioner,3,Democrat,Peter Hubbard,74
Chatham,6-03C,Public Service Commissioner,3,Democrat,Peter Hubbard,41
Chatham,6-05C,Public Service Commissioner,3,Democrat,Peter Hubbard,15
Chatham,6-06C,Public Service Commissioner,3,Democrat,Peter Hubbard,14
Chatham,6-08C,Public Service Commissioner,3,Democrat,Peter Hubbard,8
Chatham,6-09C,Public Service Commissioner,3,Democrat,Peter Hubbard,43
Chatham,6-10C,Public Service Commissioner,3,Democrat,Peter Hubbard,45
Chatham,6-11C,Public Service Commissioner,3,Democrat,Peter Hubbard,22
Chatham,7-01C,Public Service Commissioner,3,Democrat,Peter Hubbard,9
Chatham,7-03C,Public Service Commissioner,3,Democrat,Peter Hubbard,6
Chatham,7-04C,Public Service Commissioner,3,Democrat,Peter Hubbard,12
Chatham,7-05C,Public Service Commissioner,3,Democrat,Peter Hubbard,2
Chatham,7-06C,Public Service Commissioner,3,Democrat,Peter Hubbard,5
Chatham,7-07C,Public Service Commissioner,3,Democrat,Peter Hubbard,12
Chatham,7-08C,Public Service Commissioner,3,Democrat,Peter Hubbard,18
Chatham,7-09C,Public Service Commissioner,3,Democrat,Peter Hubbard,25
Chatham,7-10C,Public Service Commissioner,3,Democrat,Peter Hubbard,21
Chatham,7-11C,Public Service Commissioner,3,Democrat,Peter Hubbard,16
Chatham,7-12C,Public Service Commissioner,3,Democrat,Peter Hubbard,27
Chatham,7-13C,Public Service Commissioner,3,Democrat,Peter Hubbard,46
Chatham,7-14C,Public Service Commissioner,3,Democrat,Peter Hubbard,33
Chatham,7-15C,Public Service Commissioner,3,Democrat,Peter Hubbard,11
Chatham,7-16C,Public Service Commissioner,3,Democrat,Peter Hubbard,17
Chatham,7-17C,Public Service Commissioner,3,Democrat,Peter Hubbard,15
Chatham,8-01C,Public Service Commissioner,3,Democrat,Peter Hubbard,12
Chatham,8-02C,Public Service Commissioner,3,Democrat,Peter Hubbard,43
Chatham,8-03C,Public Service Commissioner,3,Democrat,Peter Hubbard,9
Chatham,8-05C,Public Service Commissioner,3,Democrat,Peter Hubbard,5
Chatham,8-06C,Public Service Commissioner,3,Democrat,Peter Hubbard,5
Chatham,8-08C,Public Service Commissioner,3,Democrat,Peter Hubbard,9
Chatham,8-09C,Public Service Commissioner,3,Democrat,Peter Hubbard,10
Chatham,4-04C,Public Service Commissioner,3,Democrat,Peter Hubbard,39
Chatham,8-11C,Public Service Commissioner,3,Democrat,Peter Hubbard,13
Chatham,8-12C,Public Service Commissioner,3,Democrat,Peter Hubbard,7
Chatham,8-15C,Public Service Commissioner,3,Democrat,Peter Hubbard,2
Chatham,8-16C,Public Service Commissioner,3,Democrat,Peter Hubbard,27
Chatham,8-17C,Public Service Commissioner,3,Democrat,Peter Hubbard,6
Chatham,8-18C,Public Service Commissioner,3,Democrat,Peter Hubbard,2
Chatham,8-10C,Public Service Commissioner,3,Democrat,Peter Hubbard,10
Chatham,2-11C,Public Service Commissioner,3,Democrat,Peter Hubbard,23
Chatham,2-12C,Public Service Commissioner,3,Democrat,Peter Hubbard,33
Chatham,3-02C,Public Service Commissioner,3,Democrat,Peter Hubbard,45
Chatham,3-04C,Public Service Commissioner,3,Democrat,Peter Hubbard,15
Chatham,3-05C,Public Service Commissioner,3,Democrat,Peter Hubbard,30
Chatham,3-09C,Public Service Commissioner,3,Democrat,Peter Hubbard,45
Chatham,3-10C,Public Service Commissioner,3,Democrat,Peter Hubbard,32
Chatham,3-11C,Public Service Commissioner,3,Democrat,Peter Hubbard,7
Chatham,3-12C,Public Service Commissioner,3,Democrat,Peter Hubbard,20
Chatham,3-13C,Public Service Commissioner,3,Democrat,Peter Hubbard,28
Chatham,3-14C,Public Service Commissioner,3,Democrat,Peter Hubbard,32
Chatham,5-11C,Public Service Commissioner,3,Democrat,Peter Hubbard,18
Chattahoochee,Robinson Recreation Center,Public Service Commissioner,3,Democrat,Keisha Sean Waites,12
Chattahoochee,Robinson Recreation Center,Public Service Commissioner,3,Democrat,Peter Hubbard,2
Chattooga,Lyerly,Public Service Commissioner,3,Democrat,Keisha Sean Waites,1
Chattooga,Haywood,Public Service Commissioner,3,Democrat,Keisha Sean Waites,0
Chattooga,Dirttown,Public Service Commissioner,3,Democrat,Keisha Sean Waites,0
Chattooga,Trion,Public Service Commissioner,3,Democrat,Keisha Sean Waites,0
Chattooga,Summerville,Public Service Commissioner,3,Democrat,Keisha Sean Waites,12
Chattooga,Subligna,Public Service Commissioner,3,Democrat,Keisha Sean Waites,0
Chattooga,Menlo,Public Service Commissioner,3,Democrat,Keisha Sean Waites,3
Chattooga,Dirttown,Public Service Commissioner,3,Democrat,Peter Hubbard,0
Chattooga,Menlo,Public Service Commissioner,3,Democrat,Peter Hubbard,2
Chattooga,Summerville,Public Service Commissioner,3,Democrat,Peter Hubbard,14
Chattooga,Subligna,Public Service Commissioner,3,Democrat,Peter Hubbard,0
Chattooga,Lyerly,Public Service Commissioner,3,Democrat,Peter Hubbard,4
Chattooga,Haywood,Public Service Commissioner,3,Democrat,Peter Hubbard,0
Chattooga,Trion,Public Service Commissioner,3,Democrat,Peter Hubbard,0
Cherokee,Bradshaw,Public Service Commissioner,3,Democrat,Keisha Sean Waites,4
Cherokee,Ball Ground,Public Service Commissioner,3,Democrat,Keisha Sean Waites,4
Cherokee,Sixes,Public Service Commissioner,3,Democrat,Keisha Sean Waites,9
Cherokee,Bridgemill,Public Service Commissioner,3,Democrat,Keisha Sean Waites,2
Cherokee,Hickory Log,Public Service Commissioner,3,Democrat,Keisha Sean Waites,27
Cherokee,Sutallee,Public Service Commissioner,3,Democrat,Keisha Sean Waites,0
Cherokee,River Green,Public Service Commissioner,3,Democrat,Keisha Sean Waites,12
Cherokee,Toonigh,Public Service Commissioner,3,Democrat,Keisha Sean Waites,6
Cherokee,Union Hill,Public Service Commissioner,3,Democrat,Keisha Sean Waites,2
Cherokee,Carmel,Public Service Commissioner,3,Democrat,Keisha Sean Waites,5
Cherokee,Bells,Public Service Commissioner,3,Democrat,Keisha Sean Waites,2
Cherokee,Salacoa,Public Service Commissioner,3,Democrat,Keisha Sean Waites,0
Cherokee,Woodstock,Public Service Commissioner,3,Democrat,Keisha Sean Waites,10
Cherokee,Airport,Public Service Commissioner,3,Democrat,Keisha Sean Waites,8
Cherokee,Conns Creek,Public Service Commissioner,3,Democrat,Keisha Sean Waites,0
Cherokee,Macedonia,Public Service Commissioner,3,Democrat,Keisha Sean Waites,5
Cherokee,Dixie,Public Service Commissioner,3,Democrat,Keisha Sean Waites,13
Cherokee,Booth,Public Service Commissioner,3,Democrat,Keisha Sean Waites,6
Cherokee,Deer Run,Public Service Commissioner,3,Democrat,Keisha Sean Waites,3
Cherokee,Free Home,Public Service Commissioner,3,Democrat,Keisha Sean Waites,9
Cherokee,Hickory Flat,Public Service Commissioner,3,Democrat,Keisha Sean Waites,11
Cherokee,Little River,Public Service Commissioner,3,Democrat,Keisha Sean Waites,10
Cherokee,Clark Creek,Public Service Commissioner,3,Democrat,Keisha Sean Waites,4
Cherokee,Hightower,Public Service Commissioner,3,Democrat,Keisha Sean Waites,3
Cherokee,Hillside,Public Service Commissioner,3,Democrat,Keisha Sean Waites,0
Cherokee,Holly Springs,Public Service Commissioner,3,Democrat,Keisha Sean Waites,6
Cherokee,Univeter,Public Service Commissioner,3,Democrat,Keisha Sean Waites,2
Cherokee,Victoria,Public Service Commissioner,3,Democrat,Keisha Sean Waites,2
Cherokee,Waleska,Public Service Commissioner,3,Democrat,Keisha Sean Waites,2
Cherokee,Air Acres,Public Service Commissioner,3,Democrat,Keisha Sean Waites,7
Cherokee,Arnold Mill,Public Service Commissioner,3,Democrat,Keisha Sean Waites,3
Cherokee,Avery,Public Service Commissioner,3,Democrat,Keisha Sean Waites,2
Cherokee,Bascomb,Public Service Commissioner,3,Democrat,Keisha Sean Waites,2
Cherokee,Wildcat,Public Service Commissioner,3,Democrat,Keisha Sean Waites,4
Cherokee,Mountain Road,Public Service Commissioner,3,Democrat,Keisha Sean Waites,2
Cherokee,Woodlands,Public Service Commissioner,3,Democrat,Keisha Sean Waites,3
Cherokee,Lickskillet,Public Service Commissioner,3,Democrat,Keisha Sean Waites,10
Cherokee,R M Moore,Public Service Commissioner,3,Democrat,Keisha Sean Waites,3
Cherokee,Canton,Public Service Commissioner,3,Democrat,Keisha Sean Waites,6
Cherokee,Oak Grove,Public Service Commissioner,3,Democrat,Keisha Sean Waites,4
Cherokee,Rosecreek,Public Service Commissioner,3,Democrat,Keisha Sean Waites,0
Cherokee,Liberty,Public Service Commissioner,3,Democrat,Keisha Sean Waites,6
Cherokee,Lickskillet,Public Service Commissioner,3,Democrat,Peter Hubbard,68
Cherokee,Deer Run,Public Service Commissioner,3,Democrat,Peter Hubbard,14
Cherokee,Woodlands,Public Service Commissioner,3,Democrat,Peter Hubbard,18
Cherokee,Wildcat,Public Service Commissioner,3,Democrat,Peter Hubbard,14
Cherokee,Waleska,Public Service Commissioner,3,Democrat,Peter Hubbard,24
Cherokee,Victoria,Public Service Commissioner,3,Democrat,Peter Hubbard,20
Cherokee,Univeter,Public Service Commissioner,3,Democrat,Peter Hubbard,26
Cherokee,Union Hill,Public Service Commissioner,3,Democrat,Peter Hubbard,15
Cherokee,Toonigh,Public Service Commissioner,3,Democrat,Peter Hubbard,39
Cherokee,River Green,Public Service Commissioner,3,Democrat,Peter Hubbard,41
Cherokee,Sutallee,Public Service Commissioner,3,Democrat,Peter Hubbard,7
Cherokee,Air Acres,Public Service Commissioner,3,Democrat,Peter Hubbard,16
Cherokee,Salacoa,Public Service Commissioner,3,Democrat,Peter Hubbard,0
Cherokee,Rosecreek,Public Service Commissioner,3,Democrat,Peter Hubbard,18
Cherokee,Canton,Public Service Commissioner,3,Democrat,Peter Hubbard,27
Cherokee,R M Moore,Public Service Commissioner,3,Democrat,Peter Hubbard,6
Cherokee,Oak Grove,Public Service Commissioner,3,Democrat,Peter Hubbard,7
Cherokee,Mountain Road,Public Service Commissioner,3,Democrat,Peter Hubbard,23
Cherokee,Macedonia,Public Service Commissioner,3,Democrat,Peter Hubbard,20
Cherokee,Little River,Public Service Commissioner,3,Democrat,Peter Hubbard,43
Cherokee,Liberty,Public Service Commissioner,3,Democrat,Peter Hubbard,36
Cherokee,Bells,Public Service Commissioner,3,Democrat,Peter Hubbard,26
Cherokee,Holly Springs,Public Service Commissioner,3,Democrat,Peter Hubbard,19
Cherokee,Hillside,Public Service Commissioner,3,Democrat,Peter Hubbard,17
Cherokee,Bridgemill,Public Service Commissioner,3,Democrat,Peter Hubbard,19
Cherokee,Bradshaw,Public Service Commissioner,3,Democrat,Peter Hubbard,33
Cherokee,Booth,Public Service Commissioner,3,Democrat,Peter Hubbard,20
Cherokee,Clark Creek,Public Service Commissioner,3,Democrat,Peter Hubbard,27
Cherokee,Bascomb,Public Service Commissioner,3,Democrat,Peter Hubbard,19
Cherokee,Ball Ground,Public Service Commissioner,3,Democrat,Peter Hubbard,17
Cherokee,Avery,Public Service Commissioner,3,Democrat,Peter Hubbard,20
Cherokee,Arnold Mill,Public Service Commissioner,3,Democrat,Peter Hubbard,23
Cherokee,Dixie,Public Service Commissioner,3,Democrat,Peter Hubbard,25
Cherokee,Conns Creek,Public Service Commissioner,3,Democrat,Peter Hubbard,0
Cherokee,Airport,Public Service Commissioner,3,Democrat,Peter Hubbard,38
Cherokee,Woodstock,Public Service Commissioner,3,Democrat,Peter Hubbard,48
Cherokee,Carmel,Public Service Commissioner,3,Democrat,Peter Hubbard,42
Cherokee,Hickory Log,Public Service Commissioner,3,Democrat,Peter Hubbard,89
Cherokee,Hightower,Public Service Commissioner,3,Democrat,Peter Hubbard,30
Cherokee,Hickory Flat,Public Service Commissioner,3,Democrat,Peter Hubbard,47
Cherokee,Free Home,Public Service Commissioner,3,Democrat,Peter Hubbard,24
Cherokee,Sixes,Public Service Commissioner,3,Democrat,Peter Hubbard,30
Clarke,1C,Public Service Commissioner,3,Democrat,Keisha Sean Waites,30
Clarke,1B,Public Service Commissioner,3,Democrat,Keisha Sean Waites,28
Clarke,1A,Public Service Commissioner,3,Democrat,Keisha Sean Waites,26
Clarke,8C,Public Service Commissioner,3,Democrat,Keisha Sean Waites,28
Clarke,8B,Public Service Commissioner,3,Democrat,Keisha Sean Waites,11
Clarke,8A,Public Service Commissioner,3,Democrat,Keisha Sean Waites,15
Clarke,7C,Public Service Commissioner,3,Democrat,Keisha Sean Waites,15
Clarke,7B,Public Service Commissioner,3,Democrat,Keisha Sean Waites,29
Clarke,7A,Public Service Commissioner,3,Democrat,Keisha Sean Waites,24
Clarke,6C,Public Service Commissioner,3,Democrat,Keisha Sean Waites,23
Clarke,6B,Public Service Commissioner,3,Democrat,Keisha Sean Waites,27
Clarke,6A,Public Service Commissioner,3,Democrat,Keisha Sean Waites,26
Clarke,5D,Public Service Commissioner,3,Democrat,Keisha Sean Waites,38
Clarke,5C,Public Service Commissioner,3,Democrat,Keisha Sean Waites,29
Clarke,5B,Public Service Commissioner,3,Democrat,Keisha Sean Waites,23
Clarke,5A,Public Service Commissioner,3,Democrat,Keisha Sean Waites,34
Clarke,4B,Public Service Commissioner,3,Democrat,Keisha Sean Waites,12
Clarke,4A,Public Service Commissioner,3,Democrat,Keisha Sean Waites,19
Clarke,3B,Public Service Commissioner,3,Democrat,Keisha Sean Waites,13
Clarke,3A,Public Service Commissioner,3,Democrat,Keisha Sean Waites,17
Clarke,2C,Public Service Commissioner,3,Democrat,Keisha Sean Waites,24
Clarke,2B,Public Service Commissioner,3,Democrat,Keisha Sean Waites,29
Clarke,2A,Public Service Commissioner,3,Democrat,Keisha Sean Waites,25
Clarke,1D,Public Service Commissioner,3,Democrat,Keisha Sean Waites,45
Clarke,1A,Public Service Commissioner,3,Democrat,Peter Hubbard,60
Clarke,8C,Public Service Commissioner,3,Democrat,Peter Hubbard,110
Clarke,1C,Public Service Commissioner,3,Democrat,Peter Hubbard,124
Clarke,1D,Public Service Commissioner,3,Democrat,Peter Hubbard,123
Clarke,2A,Public Service Commissioner,3,Democrat,Peter Hubbard,15
Clarke,2B,Public Service Commissioner,3,Democrat,Peter Hubbard,44
Clarke,2C,Public Service Commissioner,3,Democrat,Peter Hubbard,27
Clarke,3A,Public Service Commissioner,3,Democrat,Peter Hubbard,42
Clarke,1B,Public Service Commissioner,3,Democrat,Peter Hubbard,96
Clarke,4A,Public Service Commissioner,3,Democrat,Peter Hubbard,25
Clarke,4B,Public Service Commissioner,3,Democrat,Peter Hubbard,85
Clarke,5A,Public Service Commissioner,3,Democrat,Peter Hubbard,88
Clarke,5B,Public Service Commissioner,3,Democrat,Peter Hubbard,73
Clarke,5C,Public Service Commissioner,3,Democrat,Peter Hubbard,162
Clarke,5D,Public Service Commissioner,3,Democrat,Peter Hubbard,70
Clarke,6A,Public Service Commissioner,3,Democrat,Peter Hubbard,50
Clarke,6B,Public Service Commissioner,3,Democrat,Peter Hubbard,94
Clarke,6C,Public Service Commissioner,3,Democrat,Peter Hubbard,76
Clarke,7A,Public Service Commissioner,3,Democrat,Peter Hubbard,73
Clarke,7B,Public Service Commissioner,3,Democrat,Peter Hubbard,72
Clarke,7C,Public Service Commissioner,3,Democrat,Peter Hubbard,85
Clarke,8A,Public Service Commissioner,3,Democrat,Peter Hubbard,65
Clarke,8B,Public Service Commissioner,3,Democrat,Peter Hubbard,63
Clarke,3B,Public Service Commissioner,3,Democrat,Peter Hubbard,35
Clay,Zetto,Public Service Commissioner,3,Democrat,Keisha Sean Waites,0
Clay,Days Cross Road,Public Service Commissioner,3,Democrat,Keisha Sean Waites,4
Clay,Old Head Start,Public Service Commissioner,3,Democrat,Keisha Sean Waites,0
Clay,Court House,Public Service Commissioner,3,Democrat,Keisha Sean Waites,3
Clay,Bluffton,Public Service Commissioner,3,Democrat,Keisha Sean Waites,0
Clay,Bluffton,Public Service Commissioner,3,Democrat,Peter Hubbard,0
Clay,Zetto,Public Service Commissioner,3,Democrat,Peter Hubbard,0
Clay,Court House,Public Service Commissioner,3,Democrat,Peter Hubbard,2
Clay,Old Head Start,Public Service Commissioner,3,Democrat,Peter Hubbard,0
Clay,Days Cross Road,Public Service Commissioner,3,Democrat,Peter Hubbard,1
Clayton,Oak 6,Public Service Commissioner,3,Democrat,Keisha Sean Waites,21
Clayton,Ellenwood 1,Public Service Commissioner,3,Democrat,Keisha Sean Waites,63
Clayton,Forest Park 1,Public Service Commissioner,3,Democrat,Keisha Sean Waites,21
Clayton,Riverdale 10,Public Service Commissioner,3,Democrat,Keisha Sean Waites,12
Clayton,Oak 5,Public Service Commissioner,3,Democrat,Keisha Sean Waites,15
Clayton,Panhandle 2,Public Service Commissioner,3,Democrat,Keisha Sean Waites,56
Clayton,Riverdale 1,Public Service Commissioner,3,Democrat,Keisha Sean Waites,61
Clayton,Riverdale 2,Public Service Commissioner,3,Democrat,Keisha Sean Waites,34
Clayton,Riverdale 3,Public Service Commissioner,3,Democrat,Keisha Sean Waites,49
Clayton,Forest Park 4,Public Service Commissioner,3,Democrat,Keisha Sean Waites,25
Clayton,Riverdale 5,Public Service Commissioner,3,Democrat,Keisha Sean Waites,45
Clayton,Riverdale 6,Public Service Commissioner,3,Democrat,Keisha Sean Waites,16
Clayton,Riverdale 7,Public Service Commissioner,3,Democrat,Keisha Sean Waites,8
Clayton,Forest Park 3,Public Service Commissioner,3,Democrat,Keisha Sean Waites,27
Clayton,Riverdale 11,Public Service Commissioner,3,Democrat,Keisha Sean Waites,58
Clayton,Riverdale 12,Public Service Commissioner,3,Democrat,Keisha Sean Waites,55
Clayton,Forest Park 2,Public Service Commissioner,3,Democrat,Keisha Sean Waites,21
Clayton,Ellenwood 2,Public Service Commissioner,3,Democrat,Keisha Sean Waites,79
Clayton,Riverdale 8,Public Service Commissioner,3,Democrat,Keisha Sean Waites,84
Clayton,Panhandle 1,Public Service Commissioner,3,Democrat,Keisha Sean Waites,71
Clayton,Riverdale 9,Public Service Commissioner,3,Democrat,Keisha Sean Waites,35
Clayton,Riverdale 4,Public Service Commissioner,3,Democrat,Keisha Sean Waites,51
Clayton,Forest Park 5,Public Service Commissioner,3,Democrat,Keisha Sean Waites,16
Clayton,Forest Park 6,Public Service Commissioner,3,Democrat,Keisha Sean Waites,22
Clayton,Jonesboro 1,Public Service Commissioner,3,Democrat,Keisha Sean Waites,40
Clayton,Jonesboro 2,Public Service Commissioner,3,Democrat,Keisha Sean Waites,24
Clayton,Jonesboro 3,Public Service Commissioner,3,Democrat,Keisha Sean Waites,16
Clayton,Jonesboro 4,Public Service Commissioner,3,Democrat,Keisha Sean Waites,16
Clayton,Jonesboro 5,Public Service Commissioner,3,Democrat,Keisha Sean Waites,29
Clayton,Jonesboro 6,Public Service Commissioner,3,Democrat,Keisha Sean Waites,32
Clayton,Jonesboro 7,Public Service Commissioner,3,Democrat,Keisha Sean Waites,34
Clayton,Jonesboro 8,Public Service Commissioner,3,Democrat,Keisha Sean Waites,33
Clayton,Jonesboro 9,Public Service Commissioner,3,Democrat,Keisha Sean Waites,8
Clayton,Jonesboro 10,Public Service Commissioner,3,Democrat,Keisha Sean Waites,18
Clayton,Oak 1,Public Service Commissioner,3,Democrat,Keisha Sean Waites,27
Clayton,Jonesboro 12,Public Service Commissioner,3,Democrat,Keisha Sean Waites,39
Clayton,Jonesboro 11,Public Service Commissioner,3,Democrat,Keisha Sean Waites,58
Clayton,Oak 4,Public Service Commissioner,3,Democrat,Keisha Sean Waites,40
Clayton,Oak 3,Public Service Commissioner,3,Democrat,Keisha Sean Waites,28
Clayton,Oak 2,Public Service Commissioner,3,Democrat,Keisha Sean Waites,16
Clayton,Jonesboro 13,Public Service Commissioner,3,Democrat,Keisha Sean Waites,48
Clayton,Jonesboro 14,Public Service Commissioner,3,Democrat,Keisha Sean Waites,61
Clayton,Jonesboro 15,Public Service Commissioner,3,Democrat,Keisha Sean Waites,11
Clayton,Jonesboro 16,Public Service Commissioner,3,Democrat,Keisha Sean Waites,28
Clayton,Jonesboro 17,Public Service Commissioner,3,Democrat,Keisha Sean Waites,31
Clayton,Jonesboro 18,Public Service Commissioner,3,Democrat,Keisha Sean Waites,35
Clayton,Jonesboro 19,Public Service Commissioner,3,Democrat,Keisha Sean Waites,50
Clayton,Jonesboro 20,Public Service Commissioner,3,Democrat,Keisha Sean Waites,42
Clayton,Jonesboro 21,Public Service Commissioner,3,Democrat,Keisha Sean Waites,31
Clayton,Jonesboro 22,Public Service Commissioner,3,Democrat,Keisha Sean Waites,32
Clayton,Lake City,Public Service Commissioner,3,Democrat,Keisha Sean Waites,21
Clayton,Lovejoy 1,Public Service Commissioner,3,Democrat,Keisha Sean Waites,57
Clayton,Morrow 3,Public Service Commissioner,3,Democrat,Keisha Sean Waites,23
Clayton,Morrow 6,Public Service Commissioner,3,Democrat,Keisha Sean Waites,40
Clayton,Morrow 11,Public Service Commissioner,3,Democrat,Keisha Sean Waites,36
Clayton,Lovejoy 3,Public Service Commissioner,3,Democrat,Keisha Sean Waites,18
Clayton,Lovejoy 4,Public Service Commissioner,3,Democrat,Keisha Sean Waites,32
Clayton,Lovejoy 5,Public Service Commissioner,3,Democrat,Keisha Sean Waites,26
Clayton,Lovejoy 6,Public Service Commissioner,3,Democrat,Keisha Sean Waites,40
Clayton,Lovejoy 2,Public Service Commissioner,3,Democrat,Keisha Sean Waites,49
Clayton,Lovejoy 8,Public Service Commissioner,3,Democrat,Keisha Sean Waites,24
Clayton,Morrow 10,Public Service Commissioner,3,Democrat,Keisha Sean Waites,32
Clayton,Morrow 9,Public Service Commissioner,3,Democrat,Keisha Sean Waites,10
Clayton,Morrow 8,Public Service Commissioner,3,Democrat,Keisha Sean Waites,29
Clayton,Morrow 7,Public Service Commissioner,3,Democrat,Keisha Sean Waites,15
Clayton,Morrow 1,Public Service Commissioner,3,Democrat,Keisha Sean Waites,23
Clayton,Morrow 2,Public Service Commissioner,3,Democrat,Keisha Sean Waites,34
Clayton,Morrow 5,Public Service Commissioner,3,Democrat,Keisha Sean Waites,50
Clayton,Morrow 4,Public Service Commissioner,3,Democrat,Keisha Sean Waites,26
Clayton,Lovejoy 7,Public Service Commissioner,3,Democrat,Keisha Sean Waites,50
Clayton,Panhandle 1,Public Service Commissioner,3,Democrat,Peter Hubbard,33
Clayton,Lovejoy 8,Public Service Commissioner,3,Democrat,Peter Hubbard,19
Clayton,Jonesboro 20,Public Service Commissioner,3,Democrat,Peter Hubbard,28
Clayton,Jonesboro 19,Public Service Commissioner,3,Democrat,Peter Hubbard,35
Clayton,Jonesboro 18,Public Service Commissioner,3,Democrat,Peter Hubbard,35
Clayton,Morrow 9,Public Service Commissioner,3,Democrat,Peter Hubbard,14
Clayton,Morrow 5,Public Service Commissioner,3,Democrat,Peter Hubbard,36
Clayton,Morrow 10,Public Service Commissioner,3,Democrat,Peter Hubbard,27
Clayton,Jonesboro 9,Public Service Commissioner,3,Democrat,Peter Hubbard,12
Clayton,Jonesboro 14,Public Service Commissioner,3,Democrat,Peter Hubbard,68
Clayton,Morrow 8,Public Service Commissioner,3,Democrat,Peter Hubbard,33
Clayton,Morrow 7,Public Service Commissioner,3,Democrat,Peter Hubbard,13
Clayton,Morrow 6,Public Service Commissioner,3,Democrat,Peter Hubbard,33
Clayton,Jonesboro 13,Public Service Commissioner,3,Democrat,Peter Hubbard,25
Clayton,Forest Park 1,Public Service Commissioner,3,Democrat,Peter Hubbard,24
Clayton,Ellenwood 2,Public Service Commissioner,3,Democrat,Peter Hubbard,72
Clayton,Lake City,Public Service Commissioner,3,Democrat,Peter Hubbard,26
Clayton,Jonesboro 21,Public Service Commissioner,3,Democrat,Peter Hubbard,21
Clayton,Jonesboro 16,Public Service Commissioner,3,Democrat,Peter Hubbard,16
Clayton,Lovejoy 2,Public Service Commissioner,3,Democrat,Peter Hubbard,24
Clayton,Morrow 4,Public Service Commissioner,3,Democrat,Peter Hubbard,15
Clayton,Morrow 3,Public Service Commissioner,3,Democrat,Peter Hubbard,27
Clayton,Lovejoy 7,Public Service Commissioner,3,Democrat,Peter Hubbard,36
Clayton,Jonesboro 22,Public Service Commissioner,3,Democrat,Peter Hubbard,23
Clayton,Lovejoy 6,Public Service Commissioner,3,Democrat,Peter Hubbard,41
Clayton,Jonesboro 7,Public Service Commissioner,3,Democrat,Peter Hubbard,44
Clayton,Jonesboro 8,Public Service Commissioner,3,Democrat,Peter Hubbard,15
Clayton,Jonesboro 10,Public Service Commissioner,3,Democrat,Peter Hubbard,14
Clayton,Jonesboro 11,Public Service Commissioner,3,Democrat,Peter Hubbard,25
Clayton,Jonesboro 12,Public Service Commissioner,3,Democrat,Peter Hubbard,28
Clayton,Morrow 1,Public Service Commissioner,3,Democrat,Peter Hubbard,19
Clayton,Morrow 2,Public Service Commissioner,3,Democrat,Peter Hubbard,33
Clayton,Jonesboro 6,Public Service Commissioner,3,Democrat,Peter Hubbard,53
Clayton,Jonesboro 5,Public Service Commissioner,3,Democrat,Peter Hubbard,14
Clayton,Jonesboro 4,Public Service Commissioner,3,Democrat,Peter Hubbard,16
Clayton,Jonesboro 3,Public Service Commissioner,3,Democrat,Peter Hubbard,11
Clayton,Jonesboro 2,Public Service Commissioner,3,Democrat,Peter Hubbard,22
Clayton,Jonesboro 1,Public Service Commissioner,3,Democrat,Peter Hubbard,42
Clayton,Forest Park 6,Public Service Commissioner,3,Democrat,Peter Hubbard,24
Clayton,Forest Park 5,Public Service Commissioner,3,Democrat,Peter Hubbard,25
Clayton,Forest Park 4,Public Service Commissioner,3,Democrat,Peter Hubbard,18
Clayton,Forest Park 3,Public Service Commissioner,3,Democrat,Peter Hubbard,30
Clayton,Forest Park 2,Public Service Commissioner,3,Democrat,Peter Hubbard,25
Clayton,Morrow 11,Public Service Commissioner,3,Democrat,Peter Hubbard,12
Clayton,Riverdale 12,Public Service Commissioner,3,Democrat,Peter Hubbard,49
Clayton,Riverdale 11,Public Service Commissioner,3,Democrat,Peter Hubbard,35
Clayton,Riverdale 10,Public Service Commissioner,3,Democrat,Peter Hubbard,12
Clayton,Riverdale 9,Public Service Commissioner,3,Democrat,Peter Hubbard,27
Clayton,Riverdale 7,Public Service Commissioner,3,Democrat,Peter Hubbard,7
Clayton,Riverdale 6,Public Service Commissioner,3,Democrat,Peter Hubbard,19
Clayton,Riverdale 5,Public Service Commissioner,3,Democrat,Peter Hubbard,29
Clayton,Oak 2,Public Service Commissioner,3,Democrat,Peter Hubbard,7
Clayton,Oak 1,Public Service Commissioner,3,Democrat,Peter Hubbard,9
Clayton,Ellenwood 1,Public Service Commissioner,3,Democrat,Peter Hubbard,44
Clayton,Oak 6,Public Service Commissioner,3,Democrat,Peter Hubbard,6
Clayton,Oak 5,Public Service Commissioner,3,Democrat,Peter Hubbard,8
Clayton,Oak 4,Public Service Commissioner,3,Democrat,Peter Hubbard,25
Clayton,Oak 3,Public Service Commissioner,3,Democrat,Peter Hubbard,13
Clayton,Panhandle 2,Public Service Commissioner,3,Democrat,Peter Hubbard,30
Clayton,Riverdale 1,Public Service Commissioner,3,Democrat,Peter Hubbard,43
Clayton,Riverdale 2,Public Service Commissioner,3,Democrat,Peter Hubbard,31
Clayton,Riverdale 3,Public Service Commissioner,3,Democrat,Peter Hubbard,34
Clayton,Lovejoy 1,Public Service Commissioner,3,Democrat,Peter Hubbard,63
Clayton,Riverdale 4,Public Service Commissioner,3,Democrat,Peter Hubbard,39
Clayton,Lovejoy 3,Public Service Commissioner,3,Democrat,Peter Hubbard,16
Clayton,Lovejoy 4,Public Service Commissioner,3,Democrat,Peter Hubbard,40
Clayton,Lovejoy 5,Public Service Commissioner,3,Democrat,Peter Hubbard,24
Clayton,Jonesboro 17,Public Service Commissioner,3,Democrat,Peter Hubbard,20
Clayton,Jonesboro 15,Public Service Commissioner,3,Democrat,Peter Hubbard,15
Clayton,Riverdale 8,Public Service Commissioner,3,Democrat,Peter Hubbard,69
Clinch,Arabia,Public Service Commissioner,3,Democrat,Keisha Sean Waites,0
Clinch,Argyle,Public Service Commissioner,3,Democrat,Keisha Sean Waites,0
Clinch,Dupont,Public Service Commissioner,3,Democrat,Keisha Sean Waites,0
Clinch,Fargo,Public Service Commissioner,3,Democrat,Keisha Sean Waites,0
Clinch,Homerville,Public Service Commissioner,3,Democrat,Keisha Sean Waites,9
Clinch,Dupont,Public Service Commissioner,3,Democrat,Peter Hubbard,0
Clinch,Argyle,Public Service Commissioner,3,Democrat,Peter Hubbard,0
Clinch,Arabia,Public Service Commissioner,3,Democrat,Peter Hubbard,0
Clinch,Homerville,Public Service Commissioner,3,Democrat,Peter Hubbard,3
Clinch,Fargo,Public Service Commissioner,3,Democrat,Peter Hubbard,0
Cobb,Lost Mountain 04,Public Service Commissioner,3,Democrat,Keisha Sean Waites,13
Cobb,Kennesaw 5A,Public Service Commissioner,3,Democrat,Keisha Sean Waites,47
Cobb,Kell 01,Public Service Commissioner,3,Democrat,Keisha Sean Waites,8
Cobb,Kemp 01,Public Service Commissioner,3,Democrat,Keisha Sean Waites,8
Cobb,Kemp 02,Public Service Commissioner,3,Democrat,Keisha Sean Waites,24
Cobb,Kemp 03,Public Service Commissioner,3,Democrat,Keisha Sean Waites,24
Cobb,Lassiter 01,Public Service Commissioner,3,Democrat,Keisha Sean Waites,18
Cobb,Lost Mountain 01,Public Service Commissioner,3,Democrat,Keisha Sean Waites,23
Cobb,Lost Mountain 02,Public Service Commissioner,3,Democrat,Keisha Sean Waites,12
Cobb,Lost Mountain 03,Public Service Commissioner,3,Democrat,Keisha Sean Waites,38
Cobb,Marietta 2A,Public Service Commissioner,3,Democrat,Keisha Sean Waites,9
Cobb,Marietta 2B,Public Service Commissioner,3,Democrat,Keisha Sean Waites,28
Cobb,Marietta 3A,Public Service Commissioner,3,Democrat,Keisha Sean Waites,32
Cobb,Marietta 3B,Public Service Commissioner,3,Democrat,Keisha Sean Waites,41
Cobb,Marietta 4A,Public Service Commissioner,3,Democrat,Keisha Sean Waites,5
Cobb,Marietta 4B,Public Service Commissioner,3,Democrat,Keisha Sean Waites,10
Cobb,Marietta 4C,Public Service Commissioner,3,Democrat,Keisha Sean Waites,19
Cobb,Marietta 5A,Public Service Commissioner,3,Democrat,Keisha Sean Waites,29
Cobb,Marietta 5B,Public Service Commissioner,3,Democrat,Keisha Sean Waites,12
Cobb,Marietta 6A,Public Service Commissioner,3,Democrat,Keisha Sean Waites,12
Cobb,Marietta 6B,Public Service Commissioner,3,Democrat,Keisha Sean Waites,37
Cobb,Marietta 7A,Public Service Commissioner,3,Democrat,Keisha Sean Waites,18
Cobb,Mars Hill 01,Public Service Commissioner,3,Democrat,Keisha Sean Waites,8
Cobb,Sweetwater 01,Public Service Commissioner,3,Democrat,Keisha Sean Waites,33
Cobb,Sope Creek 03,Public Service Commissioner,3,Democrat,Keisha Sean Waites,10
Cobb,Mars Hill 02,Public Service Commissioner,3,Democrat,Keisha Sean Waites,6
Cobb,Mt. Bethel 01,Public Service Commissioner,3,Democrat,Keisha Sean Waites,13
Cobb,Timber Ridge 01,Public Service Commissioner,3,Democrat,Keisha Sean Waites,4
Cobb,Vaughan 01,Public Service Commissioner,3,Democrat,Keisha Sean Waites,19
Cobb,Vinings 01,Public Service Commissioner,3,Democrat,Keisha Sean Waites,22
Cobb,Mt. Bethel 03,Public Service Commissioner,3,Democrat,Keisha Sean Waites,12
Cobb,Terrell Mill 01,Public Service Commissioner,3,Democrat,Keisha Sean Waites,32
Cobb,Mt. Bethel 04,Public Service Commissioner,3,Democrat,Keisha Sean Waites,11
Cobb,North Cobb 01,Public Service Commissioner,3,Democrat,Keisha Sean Waites,18
Cobb,Nickajack 01,Public Service Commissioner,3,Democrat,Keisha Sean Waites,30
Cobb,Powder Springs 1A,Public Service Commissioner,3,Democrat,Keisha Sean Waites,42
Cobb,Norton Park 01,Public Service Commissioner,3,Democrat,Keisha Sean Waites,39
Cobb,Nicholson 01,Public Service Commissioner,3,Democrat,Keisha Sean Waites,11
Cobb,Oakdale 01,Public Service Commissioner,3,Democrat,Keisha Sean Waites,35
Cobb,Post Oak 01,Public Service Commissioner,3,Democrat,Keisha Sean Waites,9
Cobb,Smyrna 2A,Public Service Commissioner,3,Democrat,Keisha Sean Waites,38
Cobb,Smyrna 3A,Public Service Commissioner,3,Democrat,Keisha Sean Waites,16
Cobb,Mableton 2A,Public Service Commissioner,3,Democrat,Keisha Sean Waites,42
Cobb,Smyrna 3B,Public Service Commissioner,3,Democrat,Keisha Sean Waites,19
Cobb,Smyrna 4A,Public Service Commissioner,3,Democrat,Keisha Sean Waites,60
Cobb,Smyrna 5A,Public Service Commissioner,3,Democrat,Keisha Sean Waites,51
Cobb,Acworth 1A,Public Service Commissioner,3,Democrat,Keisha Sean Waites,21
Cobb,Acworth 1B,Public Service Commissioner,3,Democrat,Keisha Sean Waites,27
Cobb,Acworth 1C,Public Service Commissioner,3,Democrat,Keisha Sean Waites,26
Cobb,Addison 01,Public Service Commissioner,3,Democrat,Keisha Sean Waites,17
Cobb,Austell 1A,Public Service Commissioner,3,Democrat,Keisha Sean Waites,25
Cobb,Austell 1B,Public Service Commissioner,3,Democrat,Keisha Sean Waites,25
Cobb,Baker 01,Public Service Commissioner,3,Democrat,Keisha Sean Waites,9
Cobb,Bells Ferry 02,Public Service Commissioner,3,Democrat,Keisha Sean Waites,14
Cobb,Bells Ferry 03,Public Service Commissioner,3,Democrat,Keisha Sean Waites,6
Cobb,Pope 01,Public Service Commissioner,3,Democrat,Keisha Sean Waites,18
Cobb,Bells Ferry 04,Public Service Commissioner,3,Democrat,Keisha Sean Waites,16
Cobb,Big Shanty 01,Public Service Commissioner,3,Democrat,Keisha Sean Waites,1
Cobb,Big Shanty 02,Public Service Commissioner,3,Democrat,Keisha Sean Waites,16
Cobb,Birney 01,Public Service Commissioner,3,Democrat,Keisha Sean Waites,26
Cobb,Blackwell 01,Public Service Commissioner,3,Democrat,Keisha Sean Waites,11
Cobb,Chattahoochee 01,Public Service Commissioner,3,Democrat,Keisha Sean Waites,22
Cobb,Cheatham Hill 02,Public Service Commissioner,3,Democrat,Keisha Sean Waites,20
Cobb,Cheatham Hill 03,Public Service Commissioner,3,Democrat,Keisha Sean Waites,60
Cobb,Chalker 01,Public Service Commissioner,3,Democrat,Keisha Sean Waites,26
Cobb,Clarkdale 01,Public Service Commissioner,3,Democrat,Keisha Sean Waites,48
Cobb,Clarkdale 02,Public Service Commissioner,3,Democrat,Keisha Sean Waites,65
Cobb,Oregon 01,Public Service Commissioner,3,Democrat,Keisha Sean Waites,21
Cobb,Oregon 02,Public Service Commissioner,3,Democrat,Keisha Sean Waites,75
Cobb,Oregon 03,Public Service Commissioner,3,Democrat,Keisha Sean Waites,36
Cobb,Oregon 04,Public Service Commissioner,3,Democrat,Keisha Sean Waites,57
Cobb,Chestnut Ridge 01,Public Service Commissioner,3,Democrat,Keisha Sean Waites,17
Cobb,Palmer 01,Public Service Commissioner,3,Democrat,Keisha Sean Waites,16
Cobb,Sope Creek 01,Public Service Commissioner,3,Democrat,Keisha Sean Waites,13
Cobb,Sope Creek 02,Public Service Commissioner,3,Democrat,Keisha Sean Waites,30
Cobb,Dickerson 01,Public Service Commissioner,3,Democrat,Keisha Sean Waites,4
Cobb,Dobbins 01,Public Service Commissioner,3,Democrat,Keisha Sean Waites,8
Cobb,Dobbins 02,Public Service Commissioner,3,Democrat,Keisha Sean Waites,7
Cobb,Dowell 01,Public Service Commissioner,3,Democrat,Keisha Sean Waites,28
Cobb,Dodgen 01,Public Service Commissioner,3,Democrat,Keisha Sean Waites,12
Cobb,Durham 01,Public Service Commissioner,3,Democrat,Keisha Sean Waites,20
Cobb,Davis 01,Public Service Commissioner,3,Democrat,Keisha Sean Waites,16
Cobb,Eastside 01,Public Service Commissioner,3,Democrat,Keisha Sean Waites,20
Cobb,Eastside 02,Public Service Commissioner,3,Democrat,Keisha Sean Waites,15
Cobb,Elizabeth 01,Public Service Commissioner,3,Democrat,Keisha Sean Waites,15
Cobb,Elizabeth 02,Public Service Commissioner,3,Democrat,Keisha Sean Waites,11
Cobb,Elizabeth 03,Public Service Commissioner,3,Democrat,Keisha Sean Waites,19
Cobb,Oregon 05,Public Service Commissioner,3,Democrat,Keisha Sean Waites,35
Cobb,Powers Ferry 01,Public Service Commissioner,3,Democrat,Keisha Sean Waites,11
Cobb,Elizabeth 04,Public Service Commissioner,3,Democrat,Keisha Sean Waites,22
Cobb,Elizabeth 05,Public Service Commissioner,3,Democrat,Keisha Sean Waites,22
Cobb,Smyrna 6A,Public Service Commissioner,3,Democrat,Keisha Sean Waites,33
Cobb,East Piedmont 01,Public Service Commissioner,3,Democrat,Keisha Sean Waites,11
Cobb,Fair Oaks 02,Public Service Commissioner,3,Democrat,Keisha Sean Waites,48
Cobb,Fair Oaks 04,Public Service Commissioner,3,Democrat,Keisha Sean Waites,19
Cobb,Fullers Park 01,Public Service Commissioner,3,Democrat,Keisha Sean Waites,11
Cobb,Mableton 1A,Public Service Commissioner,3,Democrat,Keisha Sean Waites,61
Cobb,Mableton 1B,Public Service Commissioner,3,Democrat,Keisha Sean Waites,48
Cobb,Ford 01,Public Service Commissioner,3,Democrat,Keisha Sean Waites,20
Cobb,Frey 01,Public Service Commissioner,3,Democrat,Keisha Sean Waites,20
Cobb,Rocky Mount 01,Public Service Commissioner,3,Democrat,Keisha Sean Waites,19
Cobb,Roswell 01,Public Service Commissioner,3,Democrat,Keisha Sean Waites,13
Cobb,Garrison Mill 01,Public Service Commissioner,3,Democrat,Keisha Sean Waites,15
Cobb,Gritters 01,Public Service Commissioner,3,Democrat,Keisha Sean Waites,20
Cobb,Harrison 01,Public Service Commissioner,3,Democrat,Keisha Sean Waites,11
Cobb,Hightower 01,Public Service Commissioner,3,Democrat,Keisha Sean Waites,15
Cobb,Hayes 01,Public Service Commissioner,3,Democrat,Keisha Sean Waites,12
Cobb,Kennesaw 3A,Public Service Commissioner,3,Democrat,Keisha Sean Waites,28
Cobb,Kennesaw 4A,Public Service Commissioner,3,Democrat,Keisha Sean Waites,13
Cobb,Mableton 6A,Public Service Commissioner,3,Democrat,Keisha Sean Waites,47
Cobb,Roswell 02,Public Service Commissioner,3,Democrat,Keisha Sean Waites,13
Cobb,Mableton 6B,Public Service Commissioner,3,Democrat,Keisha Sean Waites,46
Cobb,Mabry 01,Public Service Commissioner,3,Democrat,Keisha Sean Waites,3
Cobb,Macland 01,Public Service Commissioner,3,Democrat,Keisha Sean Waites,56
Cobb,Murdock 01,Public Service Commissioner,3,Democrat,Keisha Sean Waites,21
Cobb,Sandy Plains 01,Public Service Commissioner,3,Democrat,Keisha Sean Waites,19
Cobb,Shallowford Falls 01,Public Service Commissioner,3,Democrat,Keisha Sean Waites,10
Cobb,Simpson 01,Public Service Commissioner,3,Democrat,Keisha Sean Waites,5
Cobb,Mableton 2B,Public Service Commissioner,3,Democrat,Keisha Sean Waites,42
Cobb,Mableton 3A,Public Service Commissioner,3,Democrat,Keisha Sean Waites,54
Cobb,Mableton 3B,Public Service Commissioner,3,Democrat,Keisha Sean Waites,46
Cobb,Mableton 3C,Public Service Commissioner,3,Democrat,Keisha Sean Waites,65
Cobb,Mableton 4A,Public Service Commissioner,3,Democrat,Keisha Sean Waites,25
Cobb,Mableton 4B,Public Service Commissioner,3,Democrat,Keisha Sean Waites,20
Cobb,Mableton 4C,Public Service Commissioner,3,Democrat,Keisha Sean Waites,99
Cobb,Mableton 5A,Public Service Commissioner,3,Democrat,Keisha Sean Waites,68
Cobb,Mableton 5B,Public Service Commissioner,3,Democrat,Keisha Sean Waites,66
Cobb,Smyrna 7A,Public Service Commissioner,3,Democrat,Keisha Sean Waites,78
Cobb,Kennesaw 1A,Public Service Commissioner,3,Democrat,Keisha Sean Waites,10
Cobb,Sewell Mill 01,Public Service Commissioner,3,Democrat,Keisha Sean Waites,15
Cobb,Sewell Mill 03,Public Service Commissioner,3,Democrat,Keisha Sean Waites,24
Cobb,Smyrna 1A,Public Service Commissioner,3,Democrat,Keisha Sean Waites,48
Cobb,McEachern 01,Public Service Commissioner,3,Democrat,Keisha Sean Waites,60
Cobb,McCleskey 01,Public Service Commissioner,3,Democrat,Keisha Sean Waites,8
Cobb,McClure 01,Public Service Commissioner,3,Democrat,Keisha Sean Waites,13
Cobb,Powder Springs 2A,Public Service Commissioner,3,Democrat,Keisha Sean Waites,57
Cobb,Powder Springs 3A,Public Service Commissioner,3,Democrat,Keisha Sean Waites,40
Cobb,Pitner 01,Public Service Commissioner,3,Democrat,Keisha Sean Waites,14
Cobb,Kennesaw 2A,Public Service Commissioner,3,Democrat,Keisha Sean Waites,37
Cobb,Pine Mountain 01,Public Service Commissioner,3,Democrat,Keisha Sean Waites,16
Cobb,Pine Mountain 02,Public Service Commissioner,3,Democrat,Keisha Sean Waites,3
Cobb,Marietta 1A,Public Service Commissioner,3,Democrat,Keisha Sean Waites,31
Cobb,Vinings 02,Public Service Commissioner,3,Democrat,Keisha Sean Waites,30
Cobb,Vinings 03,Public Service Commissioner,3,Democrat,Keisha Sean Waites,25
Cobb,Vinings 04,Public Service Commissioner,3,Democrat,Keisha Sean Waites,9
Cobb,Wade Green 01,Public Service Commissioner,3,Democrat,Keisha Sean Waites,15
Cobb,Wade Green 02,Public Service Commissioner,3,Democrat,Keisha Sean Waites,21
Cobb,Willeo 01,Public Service Commissioner,3,Democrat,Keisha Sean Waites,13
Cobb,Kennesaw 2A,Public Service Commissioner,3,Democrat,Peter Hubbard,35
Cobb,Kennesaw 1A,Public Service Commissioner,3,Democrat,Peter Hubbard,19
Cobb,Hayes 01,Public Service Commissioner,3,Democrat,Peter Hubbard,48
Cobb,Hightower 01,Public Service Commissioner,3,Democrat,Peter Hubbard,53
Cobb,Harrison 01,Public Service Commissioner,3,Democrat,Peter Hubbard,20
Cobb,Gritters 01,Public Service Commissioner,3,Democrat,Peter Hubbard,55
Cobb,Garrison Mill 01,Public Service Commissioner,3,Democrat,Peter Hubbard,45
Cobb,Frey 01,Public Service Commissioner,3,Democrat,Peter Hubbard,21
Cobb,Ford 01,Public Service Commissioner,3,Democrat,Peter Hubbard,27
Cobb,Fullers Park 01,Public Service Commissioner,3,Democrat,Peter Hubbard,48
Cobb,Fair Oaks 04,Public Service Commissioner,3,Democrat,Peter Hubbard,38
Cobb,Fair Oaks 02,Public Service Commissioner,3,Democrat,Peter Hubbard,58
Cobb,East Piedmont 01,Public Service Commissioner,3,Democrat,Peter Hubbard,21
Cobb,Elizabeth 05,Public Service Commissioner,3,Democrat,Peter Hubbard,54
Cobb,Elizabeth 04,Public Service Commissioner,3,Democrat,Peter Hubbard,58
Cobb,Elizabeth 03,Public Service Commissioner,3,Democrat,Peter Hubbard,43
Cobb,Elizabeth 02,Public Service Commissioner,3,Democrat,Peter Hubbard,25
Cobb,Elizabeth 01,Public Service Commissioner,3,Democrat,Peter Hubbard,29
Cobb,Eastside 02,Public Service Commissioner,3,Democrat,Peter Hubbard,72
Cobb,Eastside 01,Public Service Commissioner,3,Democrat,Peter Hubbard,87
Cobb,Davis 01,Public Service Commissioner,3,Democrat,Peter Hubbard,20
Cobb,Kemp 02,Public Service Commissioner,3,Democrat,Peter Hubbard,52
Cobb,Kemp 01,Public Service Commissioner,3,Democrat,Peter Hubbard,15
Cobb,Kell 01,Public Service Commissioner,3,Democrat,Peter Hubbard,25
Cobb,Durham 01,Public Service Commissioner,3,Democrat,Peter Hubbard,31
Cobb,Dodgen 01,Public Service Commissioner,3,Democrat,Peter Hubbard,40
Cobb,Dowell 01,Public Service Commissioner,3,Democrat,Peter Hubbard,41
Cobb,Dobbins 02,Public Service Commissioner,3,Democrat,Peter Hubbard,18
Cobb,Dobbins 01,Public Service Commissioner,3,Democrat,Peter Hubbard,27
Cobb,Dickerson 01,Public Service Commissioner,3,Democrat,Peter Hubbard,38
Cobb,Chestnut Ridge 01,Public Service Commissioner,3,Democrat,Peter Hubbard,35
Cobb,Clarkdale 02,Public Service Commissioner,3,Democrat,Peter Hubbard,30
Cobb,Clarkdale 01,Public Service Commissioner,3,Democrat,Peter Hubbard,30
Cobb,Chalker 01,Public Service Commissioner,3,Democrat,Peter Hubbard,37
Cobb,Cheatham Hill 03,Public Service Commissioner,3,Democrat,Peter Hubbard,32
Cobb,Cheatham Hill 02,Public Service Commissioner,3,Democrat,Peter Hubbard,35
Cobb,Austell 1A,Public Service Commissioner,3,Democrat,Peter Hubbard,24
Cobb,Addison 01,Public Service Commissioner,3,Democrat,Peter Hubbard,51
Cobb,Chattahoochee 01,Public Service Commissioner,3,Democrat,Peter Hubbard,42
Cobb,Acworth 1A,Public Service Commissioner,3,Democrat,Peter Hubbard,53
Cobb,Mableton 2A,Public Service Commissioner,3,Democrat,Peter Hubbard,56
Cobb,Baker 01,Public Service Commissioner,3,Democrat,Peter Hubbard,32
Cobb,Austell 1B,Public Service Commissioner,3,Democrat,Peter Hubbard,32
Cobb,Mableton 1B,Public Service Commissioner,3,Democrat,Peter Hubbard,41
Cobb,Willeo 01,Public Service Commissioner,3,Democrat,Peter Hubbard,41
Cobb,Wade Green 02,Public Service Commissioner,3,Democrat,Peter Hubbard,14
Cobb,Wade Green 01,Public Service Commissioner,3,Democrat,Peter Hubbard,12
Cobb,Vinings 04,Public Service Commissioner,3,Democrat,Peter Hubbard,52
Cobb,Vinings 03,Public Service Commissioner,3,Democrat,Peter Hubbard,63
Cobb,Vinings 02,Public Service Commissioner,3,Democrat,Peter Hubbard,85
Cobb,Vinings 01,Public Service Commissioner,3,Democrat,Peter Hubbard,89
Cobb,Vaughan 01,Public Service Commissioner,3,Democrat,Peter Hubbard,21
Cobb,Timber Ridge 01,Public Service Commissioner,3,Democrat,Peter Hubbard,54
Cobb,Terrell Mill 01,Public Service Commissioner,3,Democrat,Peter Hubbard,55
Cobb,Sweetwater 01,Public Service Commissioner,3,Democrat,Peter Hubbard,15
Cobb,Sope Creek 03,Public Service Commissioner,3,Democrat,Peter Hubbard,29
Cobb,Sope Creek 02,Public Service Commissioner,3,Democrat,Peter Hubbard,73
Cobb,Sope Creek 01,Public Service Commissioner,3,Democrat,Peter Hubbard,51
Cobb,Smyrna 7A,Public Service Commissioner,3,Democrat,Peter Hubbard,107
Cobb,Smyrna 6A,Public Service Commissioner,3,Democrat,Peter Hubbard,117
Cobb,Smyrna 5A,Public Service Commissioner,3,Democrat,Peter Hubbard,77
Cobb,Smyrna 4A,Public Service Commissioner,3,Democrat,Peter Hubbard,134
Cobb,Smyrna 3B,Public Service Commissioner,3,Democrat,Peter Hubbard,44
Cobb,Smyrna 3A,Public Service Commissioner,3,Democrat,Peter Hubbard,61
Cobb,Smyrna 2A,Public Service Commissioner,3,Democrat,Peter Hubbard,88
Cobb,Smyrna 1A,Public Service Commissioner,3,Democrat,Peter Hubbard,73
Cobb,Sewell Mill 03,Public Service Commissioner,3,Democrat,Peter Hubbard,54
Cobb,Sewell Mill 01,Public Service Commissioner,3,Democrat,Peter Hubbard,51
Cobb,Simpson 01,Public Service Commissioner,3,Democrat,Peter Hubbard,32
Cobb,Shallowford Falls 01,Public Service Commissioner,3,Democrat,Peter Hubbard,33
Cobb,Sandy Plains 01,Public Service Commissioner,3,Democrat,Peter Hubbard,29
Cobb,Roswell 02,Public Service Commissioner,3,Democrat,Peter Hubbard,48
Cobb,Roswell 01,Public Service Commissioner,3,Democrat,Peter Hubbard,81
Cobb,Rocky Mount 01,Public Service Commissioner,3,Democrat,Peter Hubbard,42
Cobb,Pitner 01,Public Service Commissioner,3,Democrat,Peter Hubbard,32
Cobb,Powder Springs 3A,Public Service Commissioner,3,Democrat,Peter Hubbard,35
Cobb,Powder Springs 2A,Public Service Commissioner,3,Democrat,Peter Hubbard,50
Cobb,Powder Springs 1A,Public Service Commissioner,3,Democrat,Peter Hubbard,48
Cobb,Palmer 01,Public Service Commissioner,3,Democrat,Peter Hubbard,35
Cobb,Pope 01,Public Service Commissioner,3,Democrat,Peter Hubbard,30
Cobb,Post Oak 01,Public Service Commissioner,3,Democrat,Peter Hubbard,41
Cobb,Pine Mountain 02,Public Service Commissioner,3,Democrat,Peter Hubbard,30
Cobb,Pine Mountain 01,Public Service Commissioner,3,Democrat,Peter Hubbard,12
Cobb,Powers Ferry 01,Public Service Commissioner,3,Democrat,Peter Hubbard,62
Cobb,Oregon 05,Public Service Commissioner,3,Democrat,Peter Hubbard,36
Cobb,Oregon 04,Public Service Commissioner,3,Democrat,Peter Hubbard,61
Cobb,Oregon 03,Public Service Commissioner,3,Democrat,Peter Hubbard,45
Cobb,Oregon 02,Public Service Commissioner,3,Democrat,Peter Hubbard,57
Cobb,Mableton 1A,Public Service Commissioner,3,Democrat,Peter Hubbard,38
Cobb,Mableton 3B,Public Service Commissioner,3,Democrat,Peter Hubbard,43
Cobb,Mableton 3A,Public Service Commissioner,3,Democrat,Peter Hubbard,38
Cobb,Mableton 2B,Public Service Commissioner,3,Democrat,Peter Hubbard,37
Cobb,Oregon 01,Public Service Commissioner,3,Democrat,Peter Hubbard,24
Cobb,Oakdale 01,Public Service Commissioner,3,Democrat,Peter Hubbard,56
Cobb,Nicholson 01,Public Service Commissioner,3,Democrat,Peter Hubbard,26
Cobb,Norton Park 01,Public Service Commissioner,3,Democrat,Peter Hubbard,69
Cobb,Nickajack 01,Public Service Commissioner,3,Democrat,Peter Hubbard,72
Cobb,North Cobb 01,Public Service Commissioner,3,Democrat,Peter Hubbard,20
Cobb,Mt. Bethel 04,Public Service Commissioner,3,Democrat,Peter Hubbard,47
Cobb,Mt. Bethel 03,Public Service Commissioner,3,Democrat,Peter Hubbard,49
Cobb,Mt. Bethel 01,Public Service Commissioner,3,Democrat,Peter Hubbard,60
Cobb,Blackwell 01,Public Service Commissioner,3,Democrat,Peter Hubbard,35
Cobb,Birney 01,Public Service Commissioner,3,Democrat,Peter Hubbard,33
Cobb,Kennesaw 5A,Public Service Commissioner,3,Democrat,Peter Hubbard,67
Cobb,Lost Mountain 04,Public Service Commissioner,3,Democrat,Peter Hubbard,16
Cobb,Lost Mountain 03,Public Service Commissioner,3,Democrat,Peter Hubbard,37
Cobb,Bells Ferry 02,Public Service Commissioner,3,Democrat,Peter Hubbard,30
Cobb,Kennesaw 4A,Public Service Commissioner,3,Democrat,Peter Hubbard,55
Cobb,Acworth 1C,Public Service Commissioner,3,Democrat,Peter Hubbard,36
Cobb,Mars Hill 02,Public Service Commissioner,3,Democrat,Peter Hubbard,17
Cobb,Mars Hill 01,Public Service Commissioner,3,Democrat,Peter Hubbard,12
Cobb,Marietta 7A,Public Service Commissioner,3,Democrat,Peter Hubbard,22
Cobb,Marietta 6B,Public Service Commissioner,3,Democrat,Peter Hubbard,43
Cobb,Marietta 6A,Public Service Commissioner,3,Democrat,Peter Hubbard,21
Cobb,Marietta 5B,Public Service Commissioner,3,Democrat,Peter Hubbard,16
Cobb,Marietta 5A,Public Service Commissioner,3,Democrat,Peter Hubbard,57
Cobb,Marietta 4C,Public Service Commissioner,3,Democrat,Peter Hubbard,37
Cobb,Marietta 4B,Public Service Commissioner,3,Democrat,Peter Hubbard,45
Cobb,Marietta 4A,Public Service Commissioner,3,Democrat,Peter Hubbard,26
Cobb,Marietta 3B,Public Service Commissioner,3,Democrat,Peter Hubbard,21
Cobb,Marietta 3A,Public Service Commissioner,3,Democrat,Peter Hubbard,90
Cobb,Marietta 2B,Public Service Commissioner,3,Democrat,Peter Hubbard,65
Cobb,Marietta 2A,Public Service Commissioner,3,Democrat,Peter Hubbard,40
Cobb,Marietta 1A,Public Service Commissioner,3,Democrat,Peter Hubbard,57
Cobb,McClure 01,Public Service Commissioner,3,Democrat,Peter Hubbard,32
Cobb,McCleskey 01,Public Service Commissioner,3,Democrat,Peter Hubbard,24
Cobb,McEachern 01,Public Service Commissioner,3,Democrat,Peter Hubbard,39
Cobb,Murdock 01,Public Service Commissioner,3,Democrat,Peter Hubbard,84
Cobb,Macland 01,Public Service Commissioner,3,Democrat,Peter Hubbard,36
Cobb,Mabry 01,Public Service Commissioner,3,Democrat,Peter Hubbard,19
Cobb,Mableton 6B,Public Service Commissioner,3,Democrat,Peter Hubbard,43
Cobb,Mableton 6A,Public Service Commissioner,3,Democrat,Peter Hubbard,24
Cobb,Mableton 5B,Public Service Commissioner,3,Democrat,Peter Hubbard,66
Cobb,Mableton 5A,Public Service Commissioner,3,Democrat,Peter Hubbard,66
Cobb,Mableton 4C,Public Service Commissioner,3,Democrat,Peter Hubbard,113
Cobb,Mableton 4B,Public Service Commissioner,3,Democrat,Peter Hubbard,44
Cobb,Mableton 4A,Public Service Commissioner,3,Democrat,Peter Hubbard,41
Cobb,Mableton 3C,Public Service Commissioner,3,Democrat,Peter Hubbard,55
Cobb,Lost Mountain 02,Public Service Commissioner,3,Democrat,Peter Hubbard,26
Cobb,Bells Ferry 04,Public Service Commissioner,3,Democrat,Peter Hubbard,28
Cobb,Bells Ferry 03,Public Service Commissioner,3,Democrat,Peter Hubbard,20
Cobb,Big Shanty 02,Public Service Commissioner,3,Democrat,Peter Hubbard,36
Cobb,Acworth 1B,Public Service Commissioner,3,Democrat,Peter Hubbard,35
Cobb,Big Shanty 01,Public Service Commissioner,3,Democrat,Peter Hubbard,8
Cobb,Kennesaw 3A,Public Service Commissioner,3,Democrat,Peter Hubbard,43
Cobb,Lost Mountain 01,Public Service Commissioner,3,Democrat,Peter Hubbard,23
Cobb,Lassiter 01,Public Service Commissioner,3,Democrat,Peter Hubbard,34
Cobb,Kemp 03,Public Service Commissioner,3,Democrat,Peter Hubbard,29
Coffee,Douglas,Public Service Commissioner,3,Democrat,Keisha Sean Waites,24
Coffee,Ambrose,Public Service Commissioner,3,Democrat,Keisha Sean Waites,0
Coffee,Bridgetown,Public Service Commissioner,3,Democrat,Keisha Sean Waites,0
Coffee,Broxton,Public Service Commissioner,3,Democrat,Keisha Sean Waites,0
Coffee,Nicholls,Public Service Commissioner,3,Democrat,Keisha Sean Waites,0
Coffee,West Green,Public Service Commissioner,3,Democrat,Keisha Sean Waites,0
Coffee,Bridgetown,Public Service Commissioner,3,Democrat,Peter Hubbard,0
Coffee,Nicholls,Public Service Commissioner,3,Democrat,Peter Hubbard,0
Coffee,West Green,Public Service Commissioner,3,Democrat,Peter Hubbard,0
Coffee,Douglas,Public Service Commissioner,3,Democrat,Peter Hubbard,14
Coffee,Ambrose,Public Service Commissioner,3,Democrat,Peter Hubbard,0
Coffee,Broxton,Public Service Commissioner,3,Democrat,Peter Hubbard,0
Colquitt,Hopewell,Public Service Commissioner,3,Democrat,Keisha Sean Waites,0
Colquitt,Norman Park,Public Service Commissioner,3,Democrat,Keisha Sean Waites,2
Colquitt,Thigpen,Public Service Commissioner,3,Democrat,Keisha Sean Waites,0
Colquitt,TyTy,Public Service Commissioner,3,Democrat,Keisha Sean Waites,0
Colquitt,Warrior,Public Service Commissioner,3,Democrat,Keisha Sean Waites,0
Colquitt,Shaw,Public Service Commissioner,3,Democrat,Keisha Sean Waites,39
Colquitt,Moultrie,Public Service Commissioner,3,Democrat,Keisha Sean Waites,14
Colquitt,Murphy,Public Service Commissioner,3,Democrat,Keisha Sean Waites,0
Colquitt,Monk,Public Service Commissioner,3,Democrat,Keisha Sean Waites,5
Colquitt,Millcreek,Public Service Commissioner,3,Democrat,Keisha Sean Waites,0
Colquitt,Lee,Public Service Commissioner,3,Democrat,Keisha Sean Waites,0
Colquitt,Autreyville,Public Service Commissioner,3,Democrat,Keisha Sean Waites,0
Colquitt,Robinson,Public Service Commissioner,3,Democrat,Keisha Sean Waites,0
Colquitt,Bridgecreek,Public Service Commissioner,3,Democrat,Keisha Sean Waites,0
Colquitt,Hartsfield,Public Service Commissioner,3,Democrat,Keisha Sean Waites,0
Colquitt,Hamilton,Public Service Commissioner,3,Democrat,Keisha Sean Waites,0
Colquitt,Funston,Public Service Commissioner,3,Democrat,Keisha Sean Waites,0
Colquitt,Doerun,Public Service Commissioner,3,Democrat,Keisha Sean Waites,0
Colquitt,Crosland,Public Service Commissioner,3,Democrat,Keisha Sean Waites,0
Colquitt,Shaw,Public Service Commissioner,3,Democrat,Peter Hubbard,6
Colquitt,Moultrie,Public Service Commissioner,3,Democrat,Peter Hubbard,15
Colquitt,Autreyville,Public Service Commissioner,3,Democrat,Peter Hubbard,0
Colquitt,Bridgecreek,Public Service Commissioner,3,Democrat,Peter Hubbard,0
Colquitt,Crosland,Public Service Commissioner,3,Democrat,Peter Hubbard,0
Colquitt,Doerun,Public Service Commissioner,3,Democrat,Peter Hubbard,0
Colquitt,Funston,Public Service Commissioner,3,Democrat,Peter Hubbard,0
Colquitt,Hamilton,Public Service Commissioner,3,Democrat,Peter Hubbard,0
Colquitt,Hartsfield,Public Service Commissioner,3,Democrat,Peter Hubbard,0
Colquitt,Hopewell,Public Service Commissioner,3,Democrat,Peter Hubbard,0
Colquitt,Lee,Public Service Commissioner,3,Democrat,Peter Hubbard,0
Colquitt,Millcreek,Public Service Commissioner,3,Democrat,Peter Hubbard,0
Colquitt,Monk,Public Service Commissioner,3,Democrat,Peter Hubbard,2
Colquitt,Murphy,Public Service Commissioner,3,Democrat,Peter Hubbard,0
Colquitt,Norman Park,Public Service Commissioner,3,Democrat,Peter Hubbard,8
Colquitt,Robinson,Public Service Commissioner,3,Democrat,Peter Hubbard,0
Colquitt,Thigpen,Public Service Commissioner,3,Democrat,Peter Hubbard,0
Colquitt,TyTy,Public Service Commissioner,3,Democrat,Peter Hubbard,0
Colquitt,Warrior,Public Service Commissioner,3,Democrat,Peter Hubbard,0
Columbia,Abilene Baptist,Public Service Commissioner,3,Democrat,Keisha Sean Waites,15
Columbia,Stevens Creek Church-Grovetown,Public Service Commissioner,3,Democrat,Keisha Sean Waites,5
Columbia,Columbia Co. Health Dept.,Public Service Commissioner,3,Democrat,Keisha Sean Waites,13
Columbia,Harlem Branch Library,Public Service Commissioner,3,Democrat,Keisha Sean Waites,7
Columbia,Harlem Senior Center,Public Service Commissioner,3,Democrat,Keisha Sean Waites,8
Columbia,Second Mount Moriah Baptist Church,Public Service Commissioner,3,Democrat,Keisha Sean Waites,0
Columbia,Liberty Park-Grovetown,Public Service Commissioner,3,Democrat,Keisha Sean Waites,7
Columbia,Grovetown Methodist,Public Service Commissioner,3,Democrat,Keisha Sean Waites,15
Columbia,G A Apostolic Church,Public Service Commissioner,3,Democrat,Keisha Sean Waites,9
Columbia,"Grovetown Dept of Public Safety Station #2",Public Service Commissioner,3,Democrat,Keisha Sean Waites,10
Columbia,Augusta Christian,Public Service Commissioner,3,Democrat,Keisha Sean Waites,8
Columbia,Patriots Park,Public Service Commissioner,3,Democrat,Keisha Sean Waites,11
Columbia,Woodlawn Bapt Church,Public Service Commissioner,3,Democrat,Keisha Sean Waites,4
Columbia,Lewis Methodist,Public Service Commissioner,3,Democrat,Keisha Sean Waites,8
Columbia,Columbia Co. Fire HDQTR,Public Service Commissioner,3,Democrat,Keisha Sean Waites,0
Columbia,Martinez Baptist,Public Service Commissioner,3,Democrat,Keisha Sean Waites,9
Columbia,Church of Our Savior,Public Service Commissioner,3,Democrat,Keisha Sean Waites,4
Columbia,Grovetown Branch Library,Public Service Commissioner,3,Democrat,Keisha Sean Waites,2
Columbia,Eubank/Blanchard Ctr,Public Service Commissioner,3,Democrat,Keisha Sean Waites,9
Columbia,Second Mt. Carmel Baptist Church,Public Service Commissioner,3,Democrat,Keisha Sean Waites,0
Columbia,Damascus Bapt Church,Public Service Commissioner,3,Democrat,Keisha Sean Waites,0
Columbia,Col Cty Board of Edu,Public Service Commissioner,3,Democrat,Keisha Sean Waites,5
Columbia,Parkway Baptist Church,Public Service Commissioner,3,Democrat,Keisha Sean Waites,23
Columbia,Grace Baptist Church,Public Service Commissioner,3,Democrat,Keisha Sean Waites,39
Columbia,Stevens Creek Church,Public Service Commissioner,3,Democrat,Keisha Sean Waites,5
Columbia,ACS-Furys Ferry Rd Campus,Public Service Commissioner,3,Democrat,Keisha Sean Waites,3
Columbia,West Acres Baptist,Public Service Commissioner,3,Democrat,Keisha Sean Waites,5
Columbia,Journey Comm Church,Public Service Commissioner,3,Democrat,Keisha Sean Waites,3
Columbia,Wesley Methodist,Public Service Commissioner,3,Democrat,Keisha Sean Waites,5
Columbia,Gospel Water Branch,Public Service Commissioner,3,Democrat,Keisha Sean Waites,3
Columbia,Col Cty Main Library,Public Service Commissioner,3,Democrat,Keisha Sean Waites,4
Columbia,Christ Church Presbyterian,Public Service Commissioner,3,Democrat,Keisha Sean Waites,0
Columbia,CCBOE-Support Complex,Public Service Commissioner,3,Democrat,Keisha Sean Waites,10
Columbia,Christ The King Church,Public Service Commissioner,3,Democrat,Keisha Sean Waites,5
Columbia,Former Euchee Creek Library,Public Service Commissioner,3,Democrat,Keisha Sean Waites,14
Columbia,Christ Sanctified,Public Service Commissioner,3,Democrat,Keisha Sean Waites,13
Columbia,Parkway Elementary,Public Service Commissioner,3,Democrat,Keisha Sean Waites,13
Columbia,Belair Baptist Church,Public Service Commissioner,3,Democrat,Keisha Sean Waites,14
Columbia,Westminster Presb Church,Public Service Commissioner,3,Democrat,Keisha Sean Waites,11
Columbia,Trinity Bapt Church,Public Service Commissioner,3,Democrat,Keisha Sean Waites,3
Columbia,Kiokee Bapt Church,Public Service Commissioner,3,Democrat,Keisha Sean Waites,12
Columbia,Macedonia Church of Grovetown,Public Service Commissioner,3,Democrat,Keisha Sean Waites,1
Columbia,New Life Church,Public Service Commissioner,3,Democrat,Keisha Sean Waites,7
Columbia,Former Euchee Creek Library,Public Service Commissioner,3,Democrat,Peter Hubbard,12
Columbia,Parkway Baptist Church,Public Service Commissioner,3,Democrat,Peter Hubbard,14
Columbia,Col Cty Board of Edu,Public Service Commissioner,3,Democrat,Peter Hubbard,11
Columbia,Columbia Co. Fire HDQTR,Public Service Commissioner,3,Democrat,Peter Hubbard,0
Columbia,Damascus Bapt Church,Public Service Commissioner,3,Democrat,Peter Hubbard,0
Columbia,Second Mt. Carmel Baptist Church,Public Service Commissioner,3,Democrat,Peter Hubbard,0
Columbia,Eubank/Blanchard Ctr,Public Service Commissioner,3,Democrat,Peter Hubbard,2
Columbia,Grovetown Branch Library,Public Service Commissioner,3,Democrat,Peter Hubbard,4
Columbia,"Grovetown Dept of Public Safety Station #2",Public Service Commissioner,3,Democrat,Peter Hubbard,4
Columbia,G A Apostolic Church,Public Service Commissioner,3,Democrat,Peter Hubbard,7
Columbia,Grovetown Methodist,Public Service Commissioner,3,Democrat,Peter Hubbard,10
Columbia,Liberty Park-Grovetown,Public Service Commissioner,3,Democrat,Peter Hubbard,8
Columbia,Trinity Bapt Church,Public Service Commissioner,3,Democrat,Peter Hubbard,16
Columbia,Second Mount Moriah Baptist Church,Public Service Commissioner,3,Democrat,Peter Hubbard,0
Columbia,Harlem Senior Center,Public Service Commissioner,3,Democrat,Peter Hubbard,10
Columbia,Harlem Branch Library,Public Service Commissioner,3,Democrat,Peter Hubbard,4
Columbia,Columbia Co. Health Dept.,Public Service Commissioner,3,Democrat,Peter Hubbard,10
Columbia,New Life Church,Public Service Commissioner,3,Democrat,Peter Hubbard,2
Columbia,Patriots Park,Public Service Commissioner,3,Democrat,Peter Hubbard,11
Columbia,Wesley Methodist,Public Service Commissioner,3,Democrat,Peter Hubbard,11
Columbia,Belair Baptist Church,Public Service Commissioner,3,Democrat,Peter Hubbard,10
Columbia,Journey Comm Church,Public Service Commissioner,3,Democrat,Peter Hubbard,11
Columbia,West Acres Baptist,Public Service Commissioner,3,Democrat,Peter Hubbard,9
Columbia,Woodlawn Bapt Church,Public Service Commissioner,3,Democrat,Peter Hubbard,4
Columbia,Lewis Methodist,Public Service Commissioner,3,Democrat,Peter Hubbard,19
Columbia,Church of Our Savior,Public Service Commissioner,3,Democrat,Peter Hubbard,3
Columbia,Martinez Baptist,Public Service Commissioner,3,Democrat,Peter Hubbard,0
Columbia,Stevens Creek Church-Grovetown,Public Service Commissioner,3,Democrat,Peter Hubbard,8
Columbia,Stevens Creek Church,Public Service Commissioner,3,Democrat,Peter Hubbard,15
Columbia,Macedonia Church of Grovetown,Public Service Commissioner,3,Democrat,Peter Hubbard,6
Columbia,Kiokee Bapt Church,Public Service Commissioner,3,Democrat,Peter Hubbard,4
Columbia,Parkway Elementary,Public Service Commissioner,3,Democrat,Peter Hubbard,9
Columbia,Christ Sanctified,Public Service Commissioner,3,Democrat,Peter Hubbard,26
Columbia,Grace Baptist Church,Public Service Commissioner,3,Democrat,Peter Hubbard,37
Columbia,Augusta Christian,Public Service Commissioner,3,Democrat,Peter Hubbard,4
Columbia,Abilene Baptist,Public Service Commissioner,3,Democrat,Peter Hubbard,14
Columbia,Christ The King Church,Public Service Commissioner,3,Democrat,Peter Hubbard,3
Columbia,CCBOE-Support Complex,Public Service Commissioner,3,Democrat,Peter Hubbard,13
Columbia,Christ Church Presbyterian,Public Service Commissioner,3,Democrat,Peter Hubbard,14
Columbia,Col Cty Main Library,Public Service Commissioner,3,Democrat,Peter Hubbard,14
Columbia,ACS-Furys Ferry Rd Campus,Public Service Commissioner,3,Democrat,Peter Hubbard,11
Columbia,Gospel Water Branch,Public Service Commissioner,3,Democrat,Peter Hubbard,5
Columbia,Westminster Presb Church,Public Service Commissioner,3,Democrat,Peter Hubbard,12
Cook,Cecil,Public Service Commissioner,3,Democrat,Keisha Sean Waites,21
Cook,Delle Beamguard,Public Service Commissioner,3,Democrat,Keisha Sean Waites,5
Cook,Elm Pine,Public Service Commissioner,3,Democrat,Keisha Sean Waites,6
Cook,Lenox,Public Service Commissioner,3,Democrat,Keisha Sean Waites,1
Cook,Massee,Public Service Commissioner,3,Democrat,Keisha Sean Waites,1
Cook,New Life Baptist Church,Public Service Commissioner,3,Democrat,Keisha Sean Waites,0
Cook,Riverbend,Public Service Commissioner,3,Democrat,Keisha Sean Waites,0
Cook,Sparks,Public Service Commissioner,3,Democrat,Keisha Sean Waites,4
Cook,Sparks,Public Service Commissioner,3,Democrat,Peter Hubbard,2
Cook,Riverbend,Public Service Commissioner,3,Democrat,Peter Hubbard,0
Cook,New Life Baptist Church,Public Service Commissioner,3,Democrat,Peter Hubbard,0
Cook,Massee,Public Service Commissioner,3,Democrat,Peter Hubbard,5
Cook,Lenox,Public Service Commissioner,3,Democrat,Peter Hubbard,5
Cook,Elm Pine,Public Service Commissioner,3,Democrat,Peter Hubbard,15
Cook,Delle Beamguard,Public Service Commissioner,3,Democrat,Peter Hubbard,9
Cook,Cecil,Public Service Commissioner,3,Democrat,Peter Hubbard,4
Coweta,Newnan Centre,Public Service Commissioner,3,Democrat,Keisha Sean Waites,86
Coweta,Greentop,Public Service Commissioner,3,Democrat,Keisha Sean Waites,6
Coweta,Welcome,Public Service Commissioner,3,Democrat,Keisha Sean Waites,5
Coweta,Panther Creek,Public Service Commissioner,3,Democrat,Keisha Sean Waites,3
Coweta,Raymond,Public Service Commissioner,3,Democrat,Keisha Sean Waites,10
Coweta,Turin,Public Service Commissioner,3,Democrat,Keisha Sean Waites,10
Coweta,Smokey Road,Public Service Commissioner,3,Democrat,Keisha Sean Waites,4
Coweta,Expo Center,Public Service Commissioner,3,Democrat,Keisha Sean Waites,1
Coweta,White Oak,Public Service Commissioner,3,Democrat,Keisha Sean Waites,13
Coweta,Central,Public Service Commissioner,3,Democrat,Keisha Sean Waites,25
Coweta,Madras,Public Service Commissioner,3,Democrat,Keisha Sean Waites,33
Coweta,Canongate,Public Service Commissioner,3,Democrat,Keisha Sean Waites,17
Coweta,Westside,Public Service Commissioner,3,Democrat,Keisha Sean Waites,8
Coweta,Northside,Public Service Commissioner,3,Democrat,Keisha Sean Waites,8
Coweta,Thomas Crossroads,Public Service Commissioner,3,Democrat,Keisha Sean Waites,10
Coweta,Coweta Central Library,Public Service Commissioner,3,Democrat,Keisha Sean Waites,5
Coweta,Senoia,Public Service Commissioner,3,Democrat,Keisha Sean Waites,3
Coweta,Moreland,Public Service Commissioner,3,Democrat,Keisha Sean Waites,2
Coweta,Pine Road,Public Service Commissioner,3,Democrat,Keisha Sean Waites,2
Coweta,Dresden,Public Service Commissioner,3,Democrat,Keisha Sean Waites,0
Coweta,Newnan,Public Service Commissioner,3,Democrat,Keisha Sean Waites,13
Coweta,Sharpsburg,Public Service Commissioner,3,Democrat,Keisha Sean Waites,6
Coweta,Grantville,Public Service Commissioner,3,Democrat,Keisha Sean Waites,7
Coweta,Haralson,Public Service Commissioner,3,Democrat,Keisha Sean Waites,0
Coweta,Sharpsburg,Public Service Commissioner,3,Democrat,Peter Hubbard,11
Coweta,Newnan,Public Service Commissioner,3,Democrat,Peter Hubbard,9
Coweta,Dresden,Public Service Commissioner,3,Democrat,Peter Hubbard,0
Coweta,Pine Road,Public Service Commissioner,3,Democrat,Peter Hubbard,6
Coweta,Moreland,Public Service Commissioner,3,Democrat,Peter Hubbard,11
Coweta,Senoia,Public Service Commissioner,3,Democrat,Peter Hubbard,15
Coweta,Madras,Public Service Commissioner,3,Democrat,Peter Hubbard,28
Coweta,Coweta Central Library,Public Service Commissioner,3,Democrat,Peter Hubbard,12
Coweta,Thomas Crossroads,Public Service Commissioner,3,Democrat,Peter Hubbard,16
Coweta,Northside,Public Service Commissioner,3,Democrat,Peter Hubbard,4
Coweta,Westside,Public Service Commissioner,3,Democrat,Peter Hubbard,1
Coweta,Canongate,Public Service Commissioner,3,Democrat,Peter Hubbard,13
Coweta,Newnan Centre,Public Service Commissioner,3,Democrat,Peter Hubbard,58
Coweta,Central,Public Service Commissioner,3,Democrat,Peter Hubbard,24
Coweta,Smokey Road,Public Service Commissioner,3,Democrat,Peter Hubbard,10
Coweta,Turin,Public Service Commissioner,3,Democrat,Peter Hubbard,13
Coweta,Raymond,Public Service Commissioner,3,Democrat,Peter Hubbard,4
Coweta,Panther Creek,Public Service Commissioner,3,Democrat,Peter Hubbard,8
Coweta,Grantville,Public Service Commissioner,3,Democrat,Peter Hubbard,6
Coweta,Welcome,Public Service Commissioner,3,Democrat,Peter Hubbard,6
Coweta,Haralson,Public Service Commissioner,3,Democrat,Peter Hubbard,0
Coweta,White Oak,Public Service Commissioner,3,Democrat,Peter Hubbard,13
Coweta,Expo Center,Public Service Commissioner,3,Democrat,Peter Hubbard,13
Coweta,Greentop,Public Service Commissioner,3,Democrat,Peter Hubbard,6
Crawford,District 5,Public Service Commissioner,3,Democrat,Keisha Sean Waites,0
Crawford,District 4,Public Service Commissioner,3,Democrat,Keisha Sean Waites,0
Crawford,District 3,Public Service Commissioner,3,Democrat,Keisha Sean Waites,0
Crawford,District 2,Public Service Commissioner,3,Democrat,Keisha Sean Waites,7
Crawford,District 1,Public Service Commissioner,3,Democrat,Keisha Sean Waites,25
Crawford,District 1,Public Service Commissioner,3,Democrat,Peter Hubbard,7
Crawford,District 2,Public Service Commissioner,3,Democrat,Peter Hubbard,7
Crawford,District 3,Public Service Commissioner,3,Democrat,Peter Hubbard,0
Crawford,District 4,Public Service Commissioner,3,Democrat,Peter Hubbard,0
Crawford,District 5,Public Service Commissioner,3,Democrat,Peter Hubbard,0
Crisp,Arabi,Public Service Commissioner,3,Democrat,Keisha Sean Waites,0
Crisp,Coney,Public Service Commissioner,3,Democrat,Keisha Sean Waites,0
Crisp,Cordele,Public Service Commissioner,3,Democrat,Keisha Sean Waites,17
Crisp,Jamestown,Public Service Commissioner,3,Democrat,Keisha Sean Waites,0
Crisp,Listonia,Public Service Commissioner,3,Democrat,Keisha Sean Waites,0
Crisp,Listonia,Public Service Commissioner,3,Democrat,Peter Hubbard,0
Crisp,Jamestown,Public Service Commissioner,3,Democrat,Peter Hubbard,0
Crisp,Cordele,Public Service Commissioner,3,Democrat,Peter Hubbard,8
Crisp,Coney,Public Service Commissioner,3,Democrat,Peter Hubbard,0
Crisp,Arabi,Public Service Commissioner,3,Democrat,Peter Hubbard,0
Dade,West Brow,Public Service Commissioner,3,Democrat,Keisha Sean Waites,3
Dade,New Home,Public Service Commissioner,3,Democrat,Keisha Sean Waites,0
Dade,Davis,Public Service Commissioner,3,Democrat,Keisha Sean Waites,2
Dade,New Salem,Public Service Commissioner,3,Democrat,Keisha Sean Waites,1
Dade,South Dade,Public Service Commissioner,3,Democrat,Keisha Sean Waites,0
Dade,North Dade,Public Service Commissioner,3,Democrat,Keisha Sean Waites,5
Dade,Trenton,Public Service Commissioner,3,Democrat,Keisha Sean Waites,3
Dade,Trenton,Public Service Commissioner,3,Democrat,Peter Hubbard,16
Dade,North Dade,Public Service Commissioner,3,Democrat,Peter Hubbard,12
Dade,South Dade,Public Service Commissioner,3,Democrat,Peter Hubbard,0
Dade,New Salem,Public Service Commissioner,3,Democrat,Peter Hubbard,31
Dade,Davis,Public Service Commissioner,3,Democrat,Peter Hubbard,4
Dade,New Home,Public Service Commissioner,3,Democrat,Peter Hubbard,0
Dade,West Brow,Public Service Commissioner,3,Democrat,Peter Hubbard,21
Dawson,West,Public Service Commissioner,3,Democrat,Keisha Sean Waites,3
Dawson,Central,Public Service Commissioner,3,Democrat,Keisha Sean Waites,4
Dawson,East,Public Service Commissioner,3,Democrat,Keisha Sean Waites,7
Dawson,South,Public Service Commissioner,3,Democrat,Keisha Sean Waites,0
Dawson,South,Public Service Commissioner,3,Democrat,Peter Hubbard,13
Dawson,East,Public Service Commissioner,3,Democrat,Peter Hubbard,13
Dawson,Central,Public Service Commissioner,3,Democrat,Peter Hubbard,12
Dawson,West,Public Service Commissioner,3,Democrat,Peter Hubbard,42
DeKalb,Doraville South,Public Service Commissioner,3,Democrat,Keisha Sean Waites,14
DeKalb,Wynbrooke Elem,Public Service Commissioner,3,Democrat,Keisha Sean Waites,108
DeKalb,Winters Chapel,Public Service Commissioner,3,Democrat,Keisha Sean Waites,14
DeKalb,Oak View Elem,Public Service Commissioner,3,Democrat,Keisha Sean Waites,108
DeKalb,Oakhurst,Public Service Commissioner,3,Democrat,Keisha Sean Waites,23
DeKalb,Oakcliff Elem,Public Service Commissioner,3,Democrat,Keisha Sean Waites,5
DeKalb,Oak Grove Elem,Public Service Commissioner,3,Democrat,Keisha Sean Waites,12
DeKalb,North Peachtree,Public Service Commissioner,3,Democrat,Keisha Sean Waites,9
DeKalb,Northlake,Public Service Commissioner,3,Democrat,Keisha Sean Waites,10
DeKalb,Chapel Hill Elem,Public Service Commissioner,3,Democrat,Keisha Sean Waites,137
DeKalb,Candler-Murphey Candler Elem,Public Service Commissioner,3,Democrat,Keisha Sean Waites,76
DeKalb,Chamblee,Public Service Commissioner,3,Democrat,Keisha Sean Waites,20
DeKalb,Cedar Grove Elem,Public Service Commissioner,3,Democrat,Keisha Sean Waites,147
DeKalb,Columbia Elem,Public Service Commissioner,3,Democrat,Keisha Sean Waites,11
DeKalb,Scott,Public Service Commissioner,3,Democrat,Keisha Sean Waites,15
DeKalb,Sagamore Hills Elem,Public Service Commissioner,3,Democrat,Keisha Sean Waites,18
DeKalb,Stone Mtn,Public Service Commissioner,3,Democrat,Keisha Sean Waites,22
DeKalb,Stone Mtn Champion,Public Service Commissioner,3,Democrat,Keisha Sean Waites,37
DeKalb,South Deshon,Public Service Commissioner,3,Democrat,Keisha Sean Waites,61
DeKalb,Shamrock,Public Service Commissioner,3,Democrat,Keisha Sean Waites,9
DeKalb,Salem Middle,Public Service Commissioner,3,Democrat,Keisha Sean Waites,162
DeKalb,Stoneview Elem,Public Service Commissioner,3,Democrat,Keisha Sean Waites,24
DeKalb,Shadow Rock Elem,Public Service Commissioner,3,Democrat,Keisha Sean Waites,130
DeKalb,Young Road,Public Service Commissioner,3,Democrat,Keisha Sean Waites,64
DeKalb,North Hairston,Public Service Commissioner,3,Democrat,Keisha Sean Waites,37
DeKalb,North Decatur,Public Service Commissioner,3,Democrat,Keisha Sean Waites,10
DeKalb,Miller Grove High,Public Service Commissioner,3,Democrat,Keisha Sean Waites,37
DeKalb,Midvale Road,Public Service Commissioner,3,Democrat,Keisha Sean Waites,15
DeKalb,Miller Grove Road,Public Service Commissioner,3,Democrat,Keisha Sean Waites,82
DeKalb,Montgomery Elem,Public Service Commissioner,3,Democrat,Keisha Sean Waites,6
DeKalb,Metropolitan,Public Service Commissioner,3,Democrat,Keisha Sean Waites,38
DeKalb,Mount Vernon West,Public Service Commissioner,3,Democrat,Keisha Sean Waites,12
DeKalb,Mathis-Bob Mathis Elem,Public Service Commissioner,3,Democrat,Keisha Sean Waites,119
DeKalb,Mount Vernon East,Public Service Commissioner,3,Democrat,Keisha Sean Waites,9
DeKalb,McNair Academy,Public Service Commissioner,3,Democrat,Keisha Sean Waites,35
DeKalb,Midway,Public Service Commissioner,3,Democrat,Keisha Sean Waites,31
DeKalb,Memorial South,Public Service Commissioner,3,Democrat,Keisha Sean Waites,28
DeKalb,Meadowview,Public Service Commissioner,3,Democrat,Keisha Sean Waites,72
DeKalb,Montreal,Public Service Commissioner,3,Democrat,Keisha Sean Waites,29
DeKalb,Montclair Elem,Public Service Commissioner,3,Democrat,Keisha Sean Waites,11
DeKalb,Miller Grove,Public Service Commissioner,3,Democrat,Keisha Sean Waites,36
DeKalb,Midvale Elem,Public Service Commissioner,3,Democrat,Keisha Sean Waites,26
DeKalb,Medlock,Public Service Commissioner,3,Democrat,Keisha Sean Waites,14
DeKalb,McWilliams,Public Service Commissioner,3,Democrat,Keisha Sean Waites,65
DeKalb,McLendon,Public Service Commissioner,3,Democrat,Keisha Sean Waites,23
DeKalb,McNair,Public Service Commissioner,3,Democrat,Keisha Sean Waites,46
DeKalb,Marbut Elem,Public Service Commissioner,3,Democrat,Keisha Sean Waites,61
DeKalb,McNair High,Public Service Commissioner,3,Democrat,Keisha Sean Waites,69
DeKalb,Miller-Eldridge L Miller Elem,Public Service Commissioner,3,Democrat,Keisha Sean Waites,51
DeKalb,Livsey Elem,Public Service Commissioner,3,Democrat,Keisha Sean Waites,8
DeKalb,Lithonia High,Public Service Commissioner,3,Democrat,Keisha Sean Waites,30
DeKalb,Lin-Mary Lin Elem,Public Service Commissioner,3,Democrat,Keisha Sean Waites,13
DeKalb,Lithonia,Public Service Commissioner,3,Democrat,Keisha Sean Waites,29
DeKalb,Lavista,Public Service Commissioner,3,Democrat,Keisha Sean Waites,17
DeKalb,Lavista Road,Public Service Commissioner,3,Democrat,Keisha Sean Waites,10
DeKalb,Lakeside High,Public Service Commissioner,3,Democrat,Keisha Sean Waites,23
DeKalb,Kittredge Elem,Public Service Commissioner,3,Democrat,Keisha Sean Waites,13
DeKalb,Knollwood,Public Service Commissioner,3,Democrat,Keisha Sean Waites,43
DeKalb,Kelley Chapel Road,Public Service Commissioner,3,Democrat,Keisha Sean Waites,59
DeKalb,Kingsley Elem,Public Service Commissioner,3,Democrat,Keisha Sean Waites,12
DeKalb,Kelley Lake Elem,Public Service Commissioner,3,Democrat,Keisha Sean Waites,71
DeKalb,Jolly Elem,Public Service Commissioner,3,Democrat,Keisha Sean Waites,33
DeKalb,Johnson Estates,Public Service Commissioner,3,Democrat,Keisha Sean Waites,5
DeKalb,Hambrick Elem,Public Service Commissioner,3,Democrat,Keisha Sean Waites,45
DeKalb,Glenwood Road,Public Service Commissioner,3,Democrat,Keisha Sean Waites,38
DeKalb,Georgetown Sq,Public Service Commissioner,3,Democrat,Keisha Sean Waites,13
DeKalb,Gresham Road,Public Service Commissioner,3,Democrat,Keisha Sean Waites,57
DeKalb,Glenhaven,Public Service Commissioner,3,Democrat,Keisha Sean Waites,33
DeKalb,Glennwood,Public Service Commissioner,3,Democrat,Keisha Sean Waites,40
DeKalb,Freedom Middle,Public Service Commissioner,3,Democrat,Keisha Sean Waites,34
DeKalb,Flat Shoals Library,Public Service Commissioner,3,Democrat,Keisha Sean Waites,36
DeKalb,Flakes Mill,Public Service Commissioner,3,Democrat,Keisha Sean Waites,63
DeKalb,Flat Shoals,Public Service Commissioner,3,Democrat,Keisha Sean Waites,28
DeKalb,Flat Rock Elem,Public Service Commissioner,3,Democrat,Keisha Sean Waites,104
DeKalb,Flat Shoals Parkway,Public Service Commissioner,3,Democrat,Keisha Sean Waites,147
DeKalb,Flat Shoals Elem,Public Service Commissioner,3,Democrat,Keisha Sean Waites,63
DeKalb,Fernbank Elem,Public Service Commissioner,3,Democrat,Keisha Sean Waites,3
DeKalb,Fairington Elem,Public Service Commissioner,3,Democrat,Keisha Sean Waites,63
DeKalb,Emory Road,Public Service Commissioner,3,Democrat,Keisha Sean Waites,6
DeKalb,Emory South,Public Service Commissioner,3,Democrat,Keisha Sean Waites,10
DeKalb,Evansdale Elem,Public Service Commissioner,3,Democrat,Keisha Sean Waites,15
DeKalb,Embry Hills,Public Service Commissioner,3,Democrat,Keisha Sean Waites,10
DeKalb,Canby Lane Elem,Public Service Commissioner,3,Democrat,Keisha Sean Waites,72
DeKalb,Columbia Drive,Public Service Commissioner,3,Democrat,Keisha Sean Waites,46
DeKalb,Burgess Elem,Public Service Commissioner,3,Democrat,Keisha Sean Waites,30
DeKalb,Bethune Middle,Public Service Commissioner,3,Democrat,Keisha Sean Waites,82
DeKalb,Bouldercrest Road,Public Service Commissioner,3,Democrat,Keisha Sean Waites,54
DeKalb,Browns Mill Elem,Public Service Commissioner,3,Democrat,Keisha Sean Waites,125
DeKalb,Brookhaven,Public Service Commissioner,3,Democrat,Keisha Sean Waites,8
DeKalb,Brockett,Public Service Commissioner,3,Democrat,Keisha Sean Waites,20
DeKalb,Briarcliff,Public Service Commissioner,3,Democrat,Keisha Sean Waites,18
DeKalb,Brockett Elem,Public Service Commissioner,3,Democrat,Keisha Sean Waites,29
DeKalb,Briarwood,Public Service Commissioner,3,Democrat,Keisha Sean Waites,9
DeKalb,Briarlake Elem,Public Service Commissioner,3,Democrat,Keisha Sean Waites,7
DeKalb,Briar Vista Elem,Public Service Commissioner,3,Democrat,Keisha Sean Waites,13
DeKalb,Boulevard,Public Service Commissioner,3,Democrat,Keisha Sean Waites,36
DeKalb,Avondale High,Public Service Commissioner,3,Democrat,Keisha Sean Waites,51
DeKalb,Ashford Parkside,Public Service Commissioner,3,Democrat,Keisha Sean Waites,21
DeKalb,Ashford Dunwoody Rd,Public Service Commissioner,3,Democrat,Keisha Sean Waites,15
DeKalb,Austin Drive,Public Service Commissioner,3,Democrat,Keisha Sean Waites,59
DeKalb,Avondale,Public Service Commissioner,3,Democrat,Keisha Sean Waites,34
DeKalb,Austin,Public Service Commissioner,3,Democrat,Keisha Sean Waites,12
DeKalb,Ashford Park Elem,Public Service Commissioner,3,Democrat,Keisha Sean Waites,9
DeKalb,Allgood Elem,Public Service Commissioner,3,Democrat,Keisha Sean Waites,67
DeKalb,Stone Mill Elem,Public Service Commissioner,3,Democrat,Keisha Sean Waites,11
DeKalb,Stone Mtn Middle,Public Service Commissioner,3,Democrat,Keisha Sean Waites,10
DeKalb,Smoke Rise,Public Service Commissioner,3,Democrat,Keisha Sean Waites,31
DeKalb,Snapfinger Elem,Public Service Commissioner,3,Democrat,Keisha Sean Waites,80
DeKalb,Skyland,Public Service Commissioner,3,Democrat,Keisha Sean Waites,5
DeKalb,Redan-Trotti Library,Public Service Commissioner,3,Democrat,Keisha Sean Waites,75
DeKalb,Rowland Elem,Public Service Commissioner,3,Democrat,Keisha Sean Waites,39
DeKalb,Rock Chapel Elem,Public Service Commissioner,3,Democrat,Keisha Sean Waites,44
DeKalb,Rockbridge Elem,Public Service Commissioner,3,Democrat,Keisha Sean Waites,26
DeKalb,Clairemont West,Public Service Commissioner,3,Democrat,Keisha Sean Waites,29
DeKalb,Chesnut Elem,Public Service Commissioner,3,Democrat,Keisha Sean Waites,15
DeKalb,Tilly Mill Road,Public Service Commissioner,3,Democrat,Keisha Sean Waites,4
DeKalb,Tucker Library,Public Service Commissioner,3,Democrat,Keisha Sean Waites,33
DeKalb,Toney Elem,Public Service Commissioner,3,Democrat,Keisha Sean Waites,46
DeKalb,Terry Mill,Public Service Commissioner,3,Democrat,Keisha Sean Waites,38
DeKalb,East Lake,Public Service Commissioner,3,Democrat,Keisha Sean Waites,31
DeKalb,Dunwoody Library,Public Service Commissioner,3,Democrat,Keisha Sean Waites,4
DeKalb,Druid Hills High,Public Service Commissioner,3,Democrat,Keisha Sean Waites,9
DeKalb,Indian Creek,Public Service Commissioner,3,Democrat,Keisha Sean Waites,17
DeKalb,Dunwoody 2,Public Service Commissioner,3,Democrat,Keisha Sean Waites,7
DeKalb,Idlewood Elem,Public Service Commissioner,3,Democrat,Keisha Sean Waites,25
DeKalb,Harris-Margaret Harris ED,Public Service Commissioner,3,Democrat,Keisha Sean Waites,4
DeKalb,Rainbow Elem,Public Service Commissioner,3,Democrat,Keisha Sean Waites,119
DeKalb,Redan Middle,Public Service Commissioner,3,Democrat,Keisha Sean Waites,47
DeKalb,Rock Chapel Road,Public Service Commissioner,3,Democrat,Keisha Sean Waites,67
DeKalb,Woodrow Road,Public Service Commissioner,3,Democrat,Keisha Sean Waites,62
DeKalb,Wesley Chapel Library,Public Service Commissioner,3,Democrat,Keisha Sean Waites,141
DeKalb,Wadsworth,Public Service Commissioner,3,Democrat,Keisha Sean Waites,60
DeKalb,Valley Brook,Public Service Commissioner,3,Democrat,Keisha Sean Waites,13
DeKalb,Tucker,Public Service Commissioner,3,Democrat,Keisha Sean Waites,20
DeKalb,Peachcrest,Public Service Commissioner,3,Democrat,Keisha Sean Waites,36
DeKalb,Dunwoody,Public Service Commissioner,3,Democrat,Keisha Sean Waites,16
DeKalb,Dunaire Elem,Public Service Commissioner,3,Democrat,Keisha Sean Waites,49
DeKalb,Decatur,Public Service Commissioner,3,Democrat,Keisha Sean Waites,21
DeKalb,Dresden Elem,Public Service Commissioner,3,Democrat,Keisha Sean Waites,18
DeKalb,Redan Road,Public Service Commissioner,3,Democrat,Keisha Sean Waites,64
DeKalb,Stonecrest Library,Public Service Commissioner,3,Democrat,Keisha Sean Waites,50
DeKalb,Rowland Road,Public Service Commissioner,3,Democrat,Keisha Sean Waites,59
DeKalb,Rockbridge Road,Public Service Commissioner,3,Democrat,Keisha Sean Waites,111
DeKalb,Snapfinger Road,Public Service Commissioner,3,Democrat,Keisha Sean Waites,118
DeKalb,Silver Lake,Public Service Commissioner,3,Democrat,Keisha Sean Waites,14
DeKalb,Stone Mountain Elem,Public Service Commissioner,3,Democrat,Keisha Sean Waites,24
DeKalb,South Hairston,Public Service Commissioner,3,Democrat,Keisha Sean Waites,86
DeKalb,Snapfinger Road N,Public Service Commissioner,3,Democrat,Keisha Sean Waites,46
DeKalb,Snapfinger Road S,Public Service Commissioner,3,Democrat,Keisha Sean Waites,74
DeKalb,Stephenson High,Public Service Commissioner,3,Democrat,Keisha Sean Waites,80
DeKalb,Doraville North,Public Service Commissioner,3,Democrat,Keisha Sean Waites,12
DeKalb,Panola Road,Public Service Commissioner,3,Democrat,Keisha Sean Waites,46
DeKalb,Piney Grove,Public Service Commissioner,3,Democrat,Keisha Sean Waites,9
DeKalb,Panola Way Elem,Public Service Commissioner,3,Democrat,Keisha Sean Waites,27
DeKalb,Panola,Public Service Commissioner,3,Democrat,Keisha Sean Waites,38
DeKalb,Ponce de Leon,Public Service Commissioner,3,Democrat,Keisha Sean Waites,24
DeKalb,Pleasantdale Road,Public Service Commissioner,3,Democrat,Keisha Sean Waites,13
DeKalb,Pine Lake,Public Service Commissioner,3,Democrat,Keisha Sean Waites,14
DeKalb,Harris-Narvie J Harris Elem,Public Service Commissioner,3,Democrat,Keisha Sean Waites,84
DeKalb,Hugh Howell,Public Service Commissioner,3,Democrat,Keisha Sean Waites,34
DeKalb,Huntley Hills Elem,Public Service Commissioner,3,Democrat,Keisha Sean Waites,19
DeKalb,Henderson Mill,Public Service Commissioner,3,Democrat,Keisha Sean Waites,11
DeKalb,Hawthorne Elem,Public Service Commissioner,3,Democrat,Keisha Sean Waites,19
DeKalb,Princeton Elem,Public Service Commissioner,3,Democrat,Keisha Sean Waites,48
DeKalb,Peachtree Middle,Public Service Commissioner,3,Democrat,Keisha Sean Waites,29
DeKalb,Chamblee 2,Public Service Commissioner,3,Democrat,Keisha Sean Waites,7
DeKalb,Clarkston Community Center,Public Service Commissioner,3,Democrat,Keisha Sean Waites,15
DeKalb,Candler Park,Public Service Commissioner,3,Democrat,Keisha Sean Waites,31
DeKalb,Coralwood,Public Service Commissioner,3,Democrat,Keisha Sean Waites,21
DeKalb,Redan Elem,Public Service Commissioner,3,Democrat,Keisha Sean Waites,63
DeKalb,Stephenson Middle,Public Service Commissioner,3,Democrat,Keisha Sean Waites,88
DeKalb,Shaw-Robert Shaw Elem,Public Service Commissioner,3,Democrat,Keisha Sean Waites,42
DeKalb,Rehoboth,Public Service Commissioner,3,Democrat,Keisha Sean Waites,6
DeKalb,Clairemont East,Public Service Commissioner,3,Democrat,Keisha Sean Waites,23
DeKalb,Covington,Public Service Commissioner,3,Democrat,Keisha Sean Waites,25
DeKalb,Covington Hwy,Public Service Commissioner,3,Democrat,Keisha Sean Waites,4
DeKalb,Cedar Grove South,Public Service Commissioner,3,Democrat,Keisha Sean Waites,130
DeKalb,Cedar Grove Middle,Public Service Commissioner,3,Democrat,Keisha Sean Waites,43
DeKalb,Candler,Public Service Commissioner,3,Democrat,Keisha Sean Waites,36
DeKalb,Crossroads,Public Service Commissioner,3,Democrat,Keisha Sean Waites,58
DeKalb,Cross Keys High,Public Service Commissioner,3,Democrat,Keisha Sean Waites,7
DeKalb,Coan Recreation Center,Public Service Commissioner,3,Democrat,Keisha Sean Waites,33
DeKalb,Columbia Middle,Public Service Commissioner,3,Democrat,Keisha Sean Waites,28
DeKalb,Clifton,Public Service Commissioner,3,Democrat,Keisha Sean Waites,48
DeKalb,Clarkston,Public Service Commissioner,3,Democrat,Keisha Sean Waites,26
DeKalb,Clairmont Road,Public Service Commissioner,3,Democrat,Keisha Sean Waites,15
DeKalb,White Oak,Public Service Commissioner,3,Democrat,Keisha Sean Waites,28
DeKalb,Woodward,Public Service Commissioner,3,Democrat,Keisha Sean Waites,13
DeKalb,Warren Tech,Public Service Commissioner,3,Democrat,Keisha Sean Waites,6
DeKalb,Woodridge Elem,Public Service Commissioner,3,Democrat,Keisha Sean Waites,67
DeKalb,Winnona Park,Public Service Commissioner,3,Democrat,Keisha Sean Waites,9
DeKalb,Snapfinger Road N,Public Service Commissioner,3,Democrat,Peter Hubbard,44
DeKalb,Snapfinger Road S,Public Service Commissioner,3,Democrat,Peter Hubbard,45
DeKalb,Stephenson Middle,Public Service Commissioner,3,Democrat,Peter Hubbard,56
DeKalb,South Hairston,Public Service Commissioner,3,Democrat,Peter Hubbard,49
DeKalb,Tilly Mill Road,Public Service Commissioner,3,Democrat,Peter Hubbard,70
DeKalb,Tucker,Public Service Commissioner,3,Democrat,Peter Hubbard,95
DeKalb,Valley Brook,Public Service Commissioner,3,Democrat,Peter Hubbard,92
DeKalb,Wadsworth,Public Service Commissioner,3,Democrat,Peter Hubbard,54
DeKalb,Wesley Chapel Library,Public Service Commissioner,3,Democrat,Peter Hubbard,66
DeKalb,Woodrow Road,Public Service Commissioner,3,Democrat,Peter Hubbard,31
DeKalb,Winnona Park,Public Service Commissioner,3,Democrat,Peter Hubbard,184
DeKalb,Woodridge Elem,Public Service Commissioner,3,Democrat,Peter Hubbard,49
DeKalb,Warren Tech,Public Service Commissioner,3,Democrat,Peter Hubbard,49
DeKalb,Woodward,Public Service Commissioner,3,Democrat,Peter Hubbard,60
DeKalb,White Oak,Public Service Commissioner,3,Democrat,Peter Hubbard,26
DeKalb,Winters Chapel,Public Service Commissioner,3,Democrat,Peter Hubbard,51
DeKalb,Wynbrooke Elem,Public Service Commissioner,3,Democrat,Peter Hubbard,84
DeKalb,Young Road,Public Service Commissioner,3,Democrat,Peter Hubbard,39
DeKalb,Stephenson High,Public Service Commissioner,3,Democrat,Peter Hubbard,46
DeKalb,Stonecrest Library,Public Service Commissioner,3,Democrat,Peter Hubbard,38
DeKalb,Snapfinger Road,Public Service Commissioner,3,Democrat,Peter Hubbard,75
DeKalb,Terry Mill,Public Service Commissioner,3,Democrat,Peter Hubbard,62
DeKalb,Toney Elem,Public Service Commissioner,3,Democrat,Peter Hubbard,32
DeKalb,Tucker Library,Public Service Commissioner,3,Democrat,Peter Hubbard,141
DeKalb,Allgood Elem,Public Service Commissioner,3,Democrat,Peter Hubbard,75
DeKalb,Ashford Park Elem,Public Service Commissioner,3,Democrat,Peter Hubbard,52
DeKalb,Austin,Public Service Commissioner,3,Democrat,Peter Hubbard,94
DeKalb,Avondale,Public Service Commissioner,3,Democrat,Peter Hubbard,338
DeKalb,Austin Drive,Public Service Commissioner,3,Democrat,Peter Hubbard,51
DeKalb,Ashford Dunwoody Rd,Public Service Commissioner,3,Democrat,Peter Hubbard,98
DeKalb,Ashford Parkside,Public Service Commissioner,3,Democrat,Peter Hubbard,81
DeKalb,Avondale High,Public Service Commissioner,3,Democrat,Peter Hubbard,266
DeKalb,Boulevard,Public Service Commissioner,3,Democrat,Peter Hubbard,371
DeKalb,Briar Vista Elem,Public Service Commissioner,3,Democrat,Peter Hubbard,136
DeKalb,Briarlake Elem,Public Service Commissioner,3,Democrat,Peter Hubbard,125
DeKalb,Briarwood,Public Service Commissioner,3,Democrat,Peter Hubbard,68
DeKalb,Brockett Elem,Public Service Commissioner,3,Democrat,Peter Hubbard,76
DeKalb,Briarcliff,Public Service Commissioner,3,Democrat,Peter Hubbard,102
DeKalb,Brockett,Public Service Commissioner,3,Democrat,Peter Hubbard,127
DeKalb,Brookhaven,Public Service Commissioner,3,Democrat,Peter Hubbard,62
DeKalb,Browns Mill Elem,Public Service Commissioner,3,Democrat,Peter Hubbard,87
DeKalb,Bouldercrest Road,Public Service Commissioner,3,Democrat,Peter Hubbard,16
DeKalb,Bethune Middle,Public Service Commissioner,3,Democrat,Peter Hubbard,54
DeKalb,Burgess Elem,Public Service Commissioner,3,Democrat,Peter Hubbard,224
DeKalb,Columbia Drive,Public Service Commissioner,3,Democrat,Peter Hubbard,37
DeKalb,Canby Lane Elem,Public Service Commissioner,3,Democrat,Peter Hubbard,24
DeKalb,Columbia Elem,Public Service Commissioner,3,Democrat,Peter Hubbard,10
DeKalb,Cedar Grove Elem,Public Service Commissioner,3,Democrat,Peter Hubbard,58
DeKalb,Chamblee,Public Service Commissioner,3,Democrat,Peter Hubbard,62
DeKalb,Candler-Murphey Candler Elem,Public Service Commissioner,3,Democrat,Peter Hubbard,55
DeKalb,Chapel Hill Elem,Public Service Commissioner,3,Democrat,Peter Hubbard,71
DeKalb,Chesnut Elem,Public Service Commissioner,3,Democrat,Peter Hubbard,51
DeKalb,Clairemont West,Public Service Commissioner,3,Democrat,Peter Hubbard,367
DeKalb,Clairmont Road,Public Service Commissioner,3,Democrat,Peter Hubbard,173
DeKalb,Clarkston,Public Service Commissioner,3,Democrat,Peter Hubbard,23
DeKalb,Clifton,Public Service Commissioner,3,Democrat,Peter Hubbard,31
DeKalb,Columbia Middle,Public Service Commissioner,3,Democrat,Peter Hubbard,23
DeKalb,Coan Recreation Center,Public Service Commissioner,3,Democrat,Peter Hubbard,243
DeKalb,Cross Keys High,Public Service Commissioner,3,Democrat,Peter Hubbard,67
DeKalb,Crossroads,Public Service Commissioner,3,Democrat,Peter Hubbard,43
DeKalb,Candler,Public Service Commissioner,3,Democrat,Peter Hubbard,89
DeKalb,Cedar Grove Middle,Public Service Commissioner,3,Democrat,Peter Hubbard,14
DeKalb,Cedar Grove South,Public Service Commissioner,3,Democrat,Peter Hubbard,76
DeKalb,Covington Hwy,Public Service Commissioner,3,Democrat,Peter Hubbard,2
DeKalb,Covington,Public Service Commissioner,3,Democrat,Peter Hubbard,73
DeKalb,Clairemont East,Public Service Commissioner,3,Democrat,Peter Hubbard,441
DeKalb,Coralwood,Public Service Commissioner,3,Democrat,Peter Hubbard,245
DeKalb,Candler Park,Public Service Commissioner,3,Democrat,Peter Hubbard,473
DeKalb,Clarkston Community Center,Public Service Commissioner,3,Democrat,Peter Hubbard,44
DeKalb,Chamblee 2,Public Service Commissioner,3,Democrat,Peter Hubbard,96
DeKalb,Doraville North,Public Service Commissioner,3,Democrat,Peter Hubbard,37
DeKalb,Doraville South,Public Service Commissioner,3,Democrat,Peter Hubbard,46
DeKalb,Dresden Elem,Public Service Commissioner,3,Democrat,Peter Hubbard,128
DeKalb,Decatur,Public Service Commissioner,3,Democrat,Peter Hubbard,166
DeKalb,Dunaire Elem,Public Service Commissioner,3,Democrat,Peter Hubbard,56
DeKalb,Dunwoody,Public Service Commissioner,3,Democrat,Peter Hubbard,52
DeKalb,Dunwoody 2,Public Service Commissioner,3,Democrat,Peter Hubbard,87
DeKalb,Druid Hills High,Public Service Commissioner,3,Democrat,Peter Hubbard,199
DeKalb,Dunwoody Library,Public Service Commissioner,3,Democrat,Peter Hubbard,76
DeKalb,East Lake,Public Service Commissioner,3,Democrat,Peter Hubbard,181
DeKalb,Embry Hills,Public Service Commissioner,3,Democrat,Peter Hubbard,77
DeKalb,Evansdale Elem,Public Service Commissioner,3,Democrat,Peter Hubbard,145
DeKalb,Emory South,Public Service Commissioner,3,Democrat,Peter Hubbard,219
DeKalb,Emory Road,Public Service Commissioner,3,Democrat,Peter Hubbard,58
DeKalb,Fairington Elem,Public Service Commissioner,3,Democrat,Peter Hubbard,22
DeKalb,Fernbank Elem,Public Service Commissioner,3,Democrat,Peter Hubbard,325
DeKalb,Flat Shoals Elem,Public Service Commissioner,3,Democrat,Peter Hubbard,28
DeKalb,Flat Shoals Parkway,Public Service Commissioner,3,Democrat,Peter Hubbard,122
DeKalb,Flat Rock Elem,Public Service Commissioner,3,Democrat,Peter Hubbard,48
DeKalb,Flat Shoals,Public Service Commissioner,3,Democrat,Peter Hubbard,21
DeKalb,Flakes Mill,Public Service Commissioner,3,Democrat,Peter Hubbard,26
DeKalb,Flat Shoals Library,Public Service Commissioner,3,Democrat,Peter Hubbard,42
DeKalb,Freedom Middle,Public Service Commissioner,3,Democrat,Peter Hubbard,54
DeKalb,Glennwood,Public Service Commissioner,3,Democrat,Peter Hubbard,245
DeKalb,Glenhaven,Public Service Commissioner,3,Democrat,Peter Hubbard,25
DeKalb,Gresham Road,Public Service Commissioner,3,Democrat,Peter Hubbard,76
DeKalb,Georgetown Sq,Public Service Commissioner,3,Democrat,Peter Hubbard,69
DeKalb,Glenwood Road,Public Service Commissioner,3,Democrat,Peter Hubbard,25
DeKalb,Hambrick Elem,Public Service Commissioner,3,Democrat,Peter Hubbard,75
DeKalb,Hawthorne Elem,Public Service Commissioner,3,Democrat,Peter Hubbard,137
DeKalb,Henderson Mill,Public Service Commissioner,3,Democrat,Peter Hubbard,130
DeKalb,Huntley Hills Elem,Public Service Commissioner,3,Democrat,Peter Hubbard,82
DeKalb,Hugh Howell,Public Service Commissioner,3,Democrat,Peter Hubbard,77
DeKalb,Harris-Narvie J Harris Elem,Public Service Commissioner,3,Democrat,Peter Hubbard,51
DeKalb,Harris-Margaret Harris ED,Public Service Commissioner,3,Democrat,Peter Hubbard,51
DeKalb,Idlewood Elem,Public Service Commissioner,3,Democrat,Peter Hubbard,46
DeKalb,Indian Creek,Public Service Commissioner,3,Democrat,Peter Hubbard,42
DeKalb,Johnson Estates,Public Service Commissioner,3,Democrat,Peter Hubbard,120
DeKalb,Jolly Elem,Public Service Commissioner,3,Democrat,Peter Hubbard,79
DeKalb,Kelley Lake Elem,Public Service Commissioner,3,Democrat,Peter Hubbard,38
DeKalb,Kingsley Elem,Public Service Commissioner,3,Democrat,Peter Hubbard,96
DeKalb,Kelley Chapel Road,Public Service Commissioner,3,Democrat,Peter Hubbard,41
DeKalb,Knollwood,Public Service Commissioner,3,Democrat,Peter Hubbard,76
DeKalb,Kittredge Elem,Public Service Commissioner,3,Democrat,Peter Hubbard,94
DeKalb,Lakeside High,Public Service Commissioner,3,Democrat,Peter Hubbard,218
DeKalb,Lavista Road,Public Service Commissioner,3,Democrat,Peter Hubbard,111
DeKalb,Lavista,Public Service Commissioner,3,Democrat,Peter Hubbard,70
DeKalb,Lithonia,Public Service Commissioner,3,Democrat,Peter Hubbard,19
DeKalb,Lin-Mary Lin Elem,Public Service Commissioner,3,Democrat,Peter Hubbard,223
DeKalb,Lithonia High,Public Service Commissioner,3,Democrat,Peter Hubbard,36
DeKalb,Livsey Elem,Public Service Commissioner,3,Democrat,Peter Hubbard,53
DeKalb,Miller-Eldridge L Miller Elem,Public Service Commissioner,3,Democrat,Peter Hubbard,35
DeKalb,McNair High,Public Service Commissioner,3,Democrat,Peter Hubbard,118
DeKalb,Marbut Elem,Public Service Commissioner,3,Democrat,Peter Hubbard,30
DeKalb,McNair,Public Service Commissioner,3,Democrat,Peter Hubbard,75
DeKalb,McLendon,Public Service Commissioner,3,Democrat,Peter Hubbard,182
DeKalb,McWilliams,Public Service Commissioner,3,Democrat,Peter Hubbard,51
DeKalb,Medlock,Public Service Commissioner,3,Democrat,Peter Hubbard,179
DeKalb,Midvale Elem,Public Service Commissioner,3,Democrat,Peter Hubbard,138
DeKalb,Miller Grove,Public Service Commissioner,3,Democrat,Peter Hubbard,41
DeKalb,Montclair Elem,Public Service Commissioner,3,Democrat,Peter Hubbard,27
DeKalb,Montreal,Public Service Commissioner,3,Democrat,Peter Hubbard,98
DeKalb,Meadowview,Public Service Commissioner,3,Democrat,Peter Hubbard,75
DeKalb,Memorial South,Public Service Commissioner,3,Democrat,Peter Hubbard,21
DeKalb,Midway,Public Service Commissioner,3,Democrat,Peter Hubbard,67
DeKalb,McNair Academy,Public Service Commissioner,3,Democrat,Peter Hubbard,98
DeKalb,Mount Vernon East,Public Service Commissioner,3,Democrat,Peter Hubbard,71
DeKalb,Mathis-Bob Mathis Elem,Public Service Commissioner,3,Democrat,Peter Hubbard,83
DeKalb,Mount Vernon West,Public Service Commissioner,3,Democrat,Peter Hubbard,110
DeKalb,Metropolitan,Public Service Commissioner,3,Democrat,Peter Hubbard,211
DeKalb,Montgomery Elem,Public Service Commissioner,3,Democrat,Peter Hubbard,64
DeKalb,Miller Grove Road,Public Service Commissioner,3,Democrat,Peter Hubbard,63
DeKalb,Midvale Road,Public Service Commissioner,3,Democrat,Peter Hubbard,49
DeKalb,Miller Grove High,Public Service Commissioner,3,Democrat,Peter Hubbard,19
DeKalb,North Decatur,Public Service Commissioner,3,Democrat,Peter Hubbard,54
DeKalb,North Hairston,Public Service Commissioner,3,Democrat,Peter Hubbard,48
DeKalb,Northlake,Public Service Commissioner,3,Democrat,Peter Hubbard,99
DeKalb,North Peachtree,Public Service Commissioner,3,Democrat,Peter Hubbard,43
DeKalb,Oak Grove Elem,Public Service Commissioner,3,Democrat,Peter Hubbard,134
DeKalb,Oakcliff Elem,Public Service Commissioner,3,Democrat,Peter Hubbard,25
DeKalb,Oakhurst,Public Service Commissioner,3,Democrat,Peter Hubbard,208
DeKalb,Oak View Elem,Public Service Commissioner,3,Democrat,Peter Hubbard,63
DeKalb,Peachcrest,Public Service Commissioner,3,Democrat,Peter Hubbard,56
DeKalb,Peachtree Middle,Public Service Commissioner,3,Democrat,Peter Hubbard,72
DeKalb,Princeton Elem,Public Service Commissioner,3,Democrat,Peter Hubbard,27
DeKalb,Pine Lake,Public Service Commissioner,3,Democrat,Peter Hubbard,68
DeKalb,Pleasantdale Road,Public Service Commissioner,3,Democrat,Peter Hubbard,35
DeKalb,Ponce de Leon,Public Service Commissioner,3,Democrat,Peter Hubbard,259
DeKalb,Panola,Public Service Commissioner,3,Democrat,Peter Hubbard,30
DeKalb,Panola Way Elem,Public Service Commissioner,3,Democrat,Peter Hubbard,18
DeKalb,Piney Grove,Public Service Commissioner,3,Democrat,Peter Hubbard,53
DeKalb,Panola Road,Public Service Commissioner,3,Democrat,Peter Hubbard,43
DeKalb,Rainbow Elem,Public Service Commissioner,3,Democrat,Peter Hubbard,83
DeKalb,Redan Elem,Public Service Commissioner,3,Democrat,Peter Hubbard,45
DeKalb,Rehoboth,Public Service Commissioner,3,Democrat,Peter Hubbard,48
DeKalb,Rockbridge Elem,Public Service Commissioner,3,Democrat,Peter Hubbard,60
DeKalb,Rock Chapel Elem,Public Service Commissioner,3,Democrat,Peter Hubbard,38
DeKalb,Rowland Elem,Public Service Commissioner,3,Democrat,Peter Hubbard,30
DeKalb,Redan-Trotti Library,Public Service Commissioner,3,Democrat,Peter Hubbard,54
DeKalb,Rockbridge Road,Public Service Commissioner,3,Democrat,Peter Hubbard,82
DeKalb,Rowland Road,Public Service Commissioner,3,Democrat,Peter Hubbard,45
DeKalb,Redan Road,Public Service Commissioner,3,Democrat,Peter Hubbard,30
DeKalb,Rock Chapel Road,Public Service Commissioner,3,Democrat,Peter Hubbard,39
DeKalb,Redan Middle,Public Service Commissioner,3,Democrat,Peter Hubbard,33
DeKalb,Sagamore Hills Elem,Public Service Commissioner,3,Democrat,Peter Hubbard,220
DeKalb,Scott,Public Service Commissioner,3,Democrat,Peter Hubbard,239
DeKalb,Shaw-Robert Shaw Elem,Public Service Commissioner,3,Democrat,Peter Hubbard,95
DeKalb,Stone Mountain Elem,Public Service Commissioner,3,Democrat,Peter Hubbard,22
DeKalb,Silver Lake,Public Service Commissioner,3,Democrat,Peter Hubbard,72
DeKalb,Skyland,Public Service Commissioner,3,Democrat,Peter Hubbard,51
DeKalb,Snapfinger Elem,Public Service Commissioner,3,Democrat,Peter Hubbard,69
DeKalb,Smoke Rise,Public Service Commissioner,3,Democrat,Peter Hubbard,49
DeKalb,Stone Mtn Middle,Public Service Commissioner,3,Democrat,Peter Hubbard,19
DeKalb,Stone Mill Elem,Public Service Commissioner,3,Democrat,Peter Hubbard,5
DeKalb,Shadow Rock Elem,Public Service Commissioner,3,Democrat,Peter Hubbard,98
DeKalb,Stoneview Elem,Public Service Commissioner,3,Democrat,Peter Hubbard,18
DeKalb,Salem Middle,Public Service Commissioner,3,Democrat,Peter Hubbard,84
DeKalb,Shamrock,Public Service Commissioner,3,Democrat,Peter Hubbard,194
DeKalb,South Deshon,Public Service Commissioner,3,Democrat,Peter Hubbard,44
DeKalb,Stone Mtn Champion,Public Service Commissioner,3,Democrat,Peter Hubbard,35
DeKalb,Stone Mtn,Public Service Commissioner,3,Democrat,Peter Hubbard,40
Decatur,Kirbo Center,Public Service Commissioner,3,Democrat,Keisha Sean Waites,19
Decatur,Attapulgus,Public Service Commissioner,3,Democrat,Keisha Sean Waites,18
Decatur,Bainbridge-Fairgrounds,Public Service Commissioner,3,Democrat,Keisha Sean Waites,18
Decatur,Joe L. Sweet Jr. Community Center,Public Service Commissioner,3,Democrat,Keisha Sean Waites,14
Decatur,West Bainbridge,Public Service Commissioner,3,Democrat,Keisha Sean Waites,19
Decatur,Brinson,Public Service Commissioner,3,Democrat,Keisha Sean Waites,6
Decatur,Climax,Public Service Commissioner,3,Democrat,Keisha Sean Waites,0
Decatur,Kendrick,Public Service Commissioner,3,Democrat,Keisha Sean Waites,0
Decatur,Recovery,Public Service Commissioner,3,Democrat,Keisha Sean Waites,0
Decatur,Mt. Pleasant,Public Service Commissioner,3,Democrat,Keisha Sean Waites,0
Decatur,Mt. Pleasant,Public Service Commissioner,3,Democrat,Peter Hubbard,0
Decatur,Bainbridge-Fairgrounds,Public Service Commissioner,3,Democrat,Peter Hubbard,6
Decatur,Attapulgus,Public Service Commissioner,3,Democrat,Peter Hubbard,13
Decatur,Kirbo Center,Public Service Commissioner,3,Democrat,Peter Hubbard,14
Decatur,Recovery,Public Service Commissioner,3,Democrat,Peter Hubbard,0
Decatur,Kendrick,Public Service Commissioner,3,Democrat,Peter Hubbard,0
Decatur,Climax,Public Service Commissioner,3,Democrat,Peter Hubbard,0
Decatur,Brinson,Public Service Commissioner,3,Democrat,Peter Hubbard,1
Decatur,West Bainbridge,Public Service Commissioner,3,Democrat,Peter Hubbard,6
Decatur,Joe L. Sweet Jr. Community Center,Public Service Commissioner,3,Democrat,Peter Hubbard,5
Dodge,Chauncey,Public Service Commissioner,3,Democrat,Keisha Sean Waites,0
Dodge,Rhine,Public Service Commissioner,3,Democrat,Keisha Sean Waites,0
Dodge,Plainfield,Public Service Commissioner,3,Democrat,Keisha Sean Waites,0
Dodge,Milan,Public Service Commissioner,3,Democrat,Keisha Sean Waites,0
Dodge,Gresston,Public Service Commissioner,3,Democrat,Keisha Sean Waites,11
Dodge,Eastman,Public Service Commissioner,3,Democrat,Keisha Sean Waites,21
Dodge,Chester,Public Service Commissioner,3,Democrat,Keisha Sean Waites,0
Dodge,Chauncey,Public Service Commissioner,3,Democrat,Peter Hubbard,0
Dodge,Chester,Public Service Commissioner,3,Democrat,Peter Hubbard,0
Dodge,Eastman,Public Service Commissioner,3,Democrat,Peter Hubbard,7
Dodge,Gresston,Public Service Commissioner,3,Democrat,Peter Hubbard,4
Dodge,Milan,Public Service Commissioner,3,Democrat,Peter Hubbard,0
Dodge,Plainfield,Public Service Commissioner,3,Democrat,Peter Hubbard,0
Dodge,Rhine,Public Service Commissioner,3,Democrat,Peter Hubbard,0
Dooly,Byromville,Public Service Commissioner,3,Democrat,Keisha Sean Waites,5
Dooly,Unadilla,Public Service Commissioner,3,Democrat,Keisha Sean Waites,15
Dooly,Lilly,Public Service Commissioner,3,Democrat,Keisha Sean Waites,7
Dooly,Pinehurst,Public Service Commissioner,3,Democrat,Keisha Sean Waites,3
Dooly,Vienna,Public Service Commissioner,3,Democrat,Keisha Sean Waites,35
Dooly,Byromville,Public Service Commissioner,3,Democrat,Peter Hubbard,7
Dooly,Lilly,Public Service Commissioner,3,Democrat,Peter Hubbard,5
Dooly,Pinehurst,Public Service Commissioner,3,Democrat,Peter Hubbard,4
Dooly,Vienna,Public Service Commissioner,3,Democrat,Peter Hubbard,16
Dooly,Unadilla,Public Service Commissioner,3,Democrat,Peter Hubbard,7
Dougherty,Robert H. Harvey Elementary,Public Service Commissioner,3,Democrat,Keisha Sean Waites,52
Dougherty,Bill Miller Community Center,Public Service Commissioner,3,Democrat,Keisha Sean Waites,34
Dougherty,Mt. Zion Center,Public Service Commissioner,3,Democrat,Keisha Sean Waites,76
Dougherty,2nd Mt. Zion Church,Public Service Commissioner,3,Democrat,Keisha Sean Waites,23
Dougherty,Westtown School,Public Service Commissioner,3,Democrat,Keisha Sean Waites,103
Dougherty,ASU West Campus,Public Service Commissioner,3,Democrat,Keisha Sean Waites,36
Dougherty,Merry Acres Middle,Public Service Commissioner,3,Democrat,Keisha Sean Waites,26
Dougherty,Westover High School,Public Service Commissioner,3,Democrat,Keisha Sean Waites,69
Dougherty,Greenbriar Church,Public Service Commissioner,3,Democrat,Keisha Sean Waites,59
Dougherty,Covenant Church,Public Service Commissioner,3,Democrat,Keisha Sean Waites,13
Dougherty,Sherwood Elementary School,Public Service Commissioner,3,Democrat,Keisha Sean Waites,24
Dougherty,Litman Cathedral,Public Service Commissioner,3,Democrat,Keisha Sean Waites,22
Dougherty,First Mount Olive,Public Service Commissioner,3,Democrat,Keisha Sean Waites,21
Dougherty,Shiloh Baptist Church,Public Service Commissioner,3,Democrat,Keisha Sean Waites,15
Dougherty,Christ Church,Public Service Commissioner,3,Democrat,Keisha Sean Waites,32
Dougherty,Lamar Reese School,Public Service Commissioner,3,Democrat,Keisha Sean Waites,32
Dougherty,ASU East Campus,Public Service Commissioner,3,Democrat,Keisha Sean Waites,0
Dougherty,Albany High School,Public Service Commissioner,3,Democrat,Keisha Sean Waites,28
Dougherty,Albany Middle School,Public Service Commissioner,3,Democrat,Keisha Sean Waites,27
Dougherty,Pine Bluff Baptist Church,Public Service Commissioner,3,Democrat,Keisha Sean Waites,21
Dougherty,International Studies,Public Service Commissioner,3,Democrat,Keisha Sean Waites,23
Dougherty,Putney 1st Baptist Church,Public Service Commissioner,3,Democrat,Keisha Sean Waites,54
Dougherty,Radium Middle School,Public Service Commissioner,3,Democrat,Keisha Sean Waites,19
Dougherty,Turner Elementary School,Public Service Commissioner,3,Democrat,Keisha Sean Waites,23
Dougherty,Alice Coachman Elementary,Public Service Commissioner,3,Democrat,Keisha Sean Waites,39
Dougherty,Covenant Church,Public Service Commissioner,3,Democrat,Peter Hubbard,12
Dougherty,Sherwood Elementary School,Public Service Commissioner,3,Democrat,Peter Hubbard,12
Dougherty,First Mount Olive,Public Service Commissioner,3,Democrat,Peter Hubbard,9
Dougherty,Alice Coachman Elementary,Public Service Commissioner,3,Democrat,Peter Hubbard,13
Dougherty,Mt. Zion Center,Public Service Commissioner,3,Democrat,Peter Hubbard,19
Dougherty,2nd Mt. Zion Church,Public Service Commissioner,3,Democrat,Peter Hubbard,18
Dougherty,Westtown School,Public Service Commissioner,3,Democrat,Peter Hubbard,29
Dougherty,Christ Church,Public Service Commissioner,3,Democrat,Peter Hubbard,10
Dougherty,Litman Cathedral,Public Service Commissioner,3,Democrat,Peter Hubbard,3
Dougherty,Albany High School,Public Service Commissioner,3,Democrat,Peter Hubbard,20
Dougherty,Turner Elementary School,Public Service Commissioner,3,Democrat,Peter Hubbard,12
Dougherty,Robert H. Harvey Elementary,Public Service Commissioner,3,Democrat,Peter Hubbard,22
Dougherty,Radium Middle School,Public Service Commissioner,3,Democrat,Peter Hubbard,5
Dougherty,Putney 1st Baptist Church,Public Service Commissioner,3,Democrat,Peter Hubbard,14
Dougherty,International Studies,Public Service Commissioner,3,Democrat,Peter Hubbard,10
Dougherty,ASU West Campus,Public Service Commissioner,3,Democrat,Peter Hubbard,26
Dougherty,Merry Acres Middle,Public Service Commissioner,3,Democrat,Peter Hubbard,13
Dougherty,Westover High School,Public Service Commissioner,3,Democrat,Peter Hubbard,38
Dougherty,Greenbriar Church,Public Service Commissioner,3,Democrat,Peter Hubbard,34
Dougherty,Bill Miller Community Center,Public Service Commissioner,3,Democrat,Peter Hubbard,10
Dougherty,Pine Bluff Baptist Church,Public Service Commissioner,3,Democrat,Peter Hubbard,20
Dougherty,Albany Middle School,Public Service Commissioner,3,Democrat,Peter Hubbard,10
Dougherty,ASU East Campus,Public Service Commissioner,3,Democrat,Peter Hubbard,0
Dougherty,Lamar Reese School,Public Service Commissioner,3,Democrat,Peter Hubbard,9
Dougherty,Shiloh Baptist Church,Public Service Commissioner,3,Democrat,Peter Hubbard,9
Douglas,St. Theresa's,Public Service Commissioner,3,Democrat,Keisha Sean Waites,50
Douglas,Chapel Hill High School,Public Service Commissioner,3,Democrat,Keisha Sean Waites,70
Douglas,Winston Elementary School,Public Service Commissioner,3,Democrat,Keisha Sean Waites,9
Douglas,Dog River Library,Public Service Commissioner,3,Democrat,Keisha Sean Waites,32
Douglas,Atlanta West,Public Service Commissioner,3,Democrat,Keisha Sean Waites,15
Douglas,Ephesus Baptist Church,Public Service Commissioner,3,Democrat,Keisha Sean Waites,19
Douglas,Prays Mill,Public Service Commissioner,3,Democrat,Keisha Sean Waites,27
Douglas,Turner Middle School,Public Service Commissioner,3,Democrat,Keisha Sean Waites,28
Douglas,First Baptist Lithia Springs,Public Service Commissioner,3,Democrat,Keisha Sean Waites,10
Douglas,Lithia Springs High School,Public Service Commissioner,3,Democrat,Keisha Sean Waites,57
Douglas,Deer Lick Park,Public Service Commissioner,3,Democrat,Keisha Sean Waites,21
Douglas,Old Courthouse,Public Service Commissioner,3,Democrat,Keisha Sean Waites,34
Douglas,Boundary Waters,Public Service Commissioner,3,Democrat,Keisha Sean Waites,30
Douglas,Factory Shoals Middle School,Public Service Commissioner,3,Democrat,Keisha Sean Waites,59
Douglas,Lutheran Church,Public Service Commissioner,3,Democrat,Keisha Sean Waites,68
Douglas,St Julians Episcopal,Public Service Commissioner,3,Democrat,Keisha Sean Waites,14
Douglas,Chestnut Log,Public Service Commissioner,3,Democrat,Keisha Sean Waites,36
Douglas,Chapel Hill Middle School,Public Service Commissioner,3,Democrat,Keisha Sean Waites,60
Douglas,Dorsett Shoals,Public Service Commissioner,3,Democrat,Keisha Sean Waites,27
Douglas,Douglas County CSB,Public Service Commissioner,3,Democrat,Keisha Sean Waites,9
Douglas,Arbor Station,Public Service Commissioner,3,Democrat,Keisha Sean Waites,28
Douglas,Stewart,Public Service Commissioner,3,Democrat,Keisha Sean Waites,37
Douglas,Beulah Baptist Church,Public Service Commissioner,3,Democrat,Keisha Sean Waites,21
Douglas,Golden Methodist Church,Public Service Commissioner,3,Democrat,Keisha Sean Waites,37
Douglas,Mirror Lake Elementary,Public Service Commissioner,3,Democrat,Keisha Sean Waites,47
Douglas,Douglas County CSB,Public Service Commissioner,3,Democrat,Peter Hubbard,8
Douglas,Deer Lick Park,Public Service Commissioner,3,Democrat,Peter Hubbard,7
Douglas,First Baptist Lithia Springs,Public Service Commissioner,3,Democrat,Peter Hubbard,14
Douglas,Dorsett Shoals,Public Service Commissioner,3,Democrat,Peter Hubbard,9
Douglas,Chapel Hill Middle School,Public Service Commissioner,3,Democrat,Peter Hubbard,40
Douglas,Chapel Hill High School,Public Service Commissioner,3,Democrat,Peter Hubbard,38
Douglas,Chestnut Log,Public Service Commissioner,3,Democrat,Peter Hubbard,34
Douglas,Golden Methodist Church,Public Service Commissioner,3,Democrat,Peter Hubbard,35
Douglas,Old Courthouse,Public Service Commissioner,3,Democrat,Peter Hubbard,32
Douglas,Beulah Baptist Church,Public Service Commissioner,3,Democrat,Peter Hubbard,21
Douglas,Stewart,Public Service Commissioner,3,Democrat,Peter Hubbard,31
Douglas,St Julians Episcopal,Public Service Commissioner,3,Democrat,Peter Hubbard,17
Douglas,Lutheran Church,Public Service Commissioner,3,Democrat,Peter Hubbard,43
Douglas,St. Theresa's,Public Service Commissioner,3,Democrat,Peter Hubbard,24
Douglas,Factory Shoals Middle School,Public Service Commissioner,3,Democrat,Peter Hubbard,57
Douglas,Boundary Waters,Public Service Commissioner,3,Democrat,Peter Hubbard,31
Douglas,Mirror Lake Elementary,Public Service Commissioner,3,Democrat,Peter Hubbard,39
Douglas,Winston Elementary School,Public Service Commissioner,3,Democrat,Peter Hubbard,12
Douglas,Dog River Library,Public Service Commissioner,3,Democrat,Peter Hubbard,30
Douglas,Atlanta West,Public Service Commissioner,3,Democrat,Peter Hubbard,12
Douglas,Ephesus Baptist Church,Public Service Commissioner,3,Democrat,Peter Hubbard,23
Douglas,Prays Mill,Public Service Commissioner,3,Democrat,Peter Hubbard,24
Douglas,Turner Middle School,Public Service Commissioner,3,Democrat,Peter Hubbard,23
Douglas,Lithia Springs High School,Public Service Commissioner,3,Democrat,Peter Hubbard,31
Douglas,Arbor Station,Public Service Commissioner,3,Democrat,Peter Hubbard,23
Early,Arlington,Public Service Commissioner,3,Democrat,Keisha Sean Waites,14
Early,Urquhart,Public Service Commissioner,3,Democrat,Keisha Sean Waites,0
Early,Cuba,Public Service Commissioner,3,Democrat,Keisha Sean Waites,5
Early,Cedar Springs,Public Service Commissioner,3,Democrat,Keisha Sean Waites,7
Early,Blakely,Public Service Commissioner,3,Democrat,Keisha Sean Waites,18
Early,Cuba,Public Service Commissioner,3,Democrat,Peter Hubbard,4
Early,Cedar Springs,Public Service Commissioner,3,Democrat,Peter Hubbard,2
Early,Blakely,Public Service Commissioner,3,Democrat,Peter Hubbard,16
Early,Arlington,Public Service Commissioner,3,Democrat,Peter Hubbard,2
Early,Urquhart,Public Service Commissioner,3,Democrat,Peter Hubbard,0
Echols,Statenville,Public Service Commissioner,3,Democrat,Keisha Sean Waites,0
Echols,Statenville,Public Service Commissioner,3,Democrat,Peter Hubbard,5
Effingham,3C,Public Service Commissioner,3,Democrat,Keisha Sean Waites,3
Effingham,5D,Public Service Commissioner,3,Democrat,Keisha Sean Waites,3
Effingham,5C,Public Service Commissioner,3,Democrat,Keisha Sean Waites,9
Effingham,5B,Public Service Commissioner,3,Democrat,Keisha Sean Waites,0
Effingham,5A,Public Service Commissioner,3,Democrat,Keisha Sean Waites,9
Effingham,4C,Public Service Commissioner,3,Democrat,Keisha Sean Waites,0
Effingham,4B,Public Service Commissioner,3,Democrat,Keisha Sean Waites,2
Effingham,4A,Public Service Commissioner,3,Democrat,Keisha Sean Waites,12
Effingham,3E,Public Service Commissioner,3,Democrat,Keisha Sean Waites,0
Effingham,3D,Public Service Commissioner,3,Democrat,Keisha Sean Waites,16
Effingham,1A,Public Service Commissioner,3,Democrat,Keisha Sean Waites,3
Effingham,1B,Public Service Commissioner,3,Democrat,Keisha Sean Waites,7
Effingham,1C,Public Service Commissioner,3,Democrat,Keisha Sean Waites,6
Effingham,1D,Public Service Commissioner,3,Democrat,Keisha Sean Waites,0
Effingham,2A,Public Service Commissioner,3,Democrat,Keisha Sean Waites,0
Effingham,2B,Public Service Commissioner,3,Democrat,Keisha Sean Waites,1
Effingham,2C,Public Service Commissioner,3,Democrat,Keisha Sean Waites,0
Effingham,2D,Public Service Commissioner,3,Democrat,Keisha Sean Waites,6
Effingham,3A,Public Service Commissioner,3,Democrat,Keisha Sean Waites,0
Effingham,3B,Public Service Commissioner,3,Democrat,Keisha Sean Waites,3
Effingham,1A,Public Service Commissioner,3,Democrat,Peter Hubbard,10
Effingham,4A,Public Service Commissioner,3,Democrat,Peter Hubbard,8
Effingham,5C,Public Service Commissioner,3,Democrat,Peter Hubbard,7
Effingham,5B,Public Service Commissioner,3,Democrat,Peter Hubbard,0
Effingham,5A,Public Service Commissioner,3,Democrat,Peter Hubbard,9
Effingham,4B,Public Service Commissioner,3,Democrat,Peter Hubbard,4
Effingham,4C,Public Service Commissioner,3,Democrat,Peter Hubbard,0
Effingham,1C,Public Service Commissioner,3,Democrat,Peter Hubbard,1
Effingham,1D,Public Service Commissioner,3,Democrat,Peter Hubbard,0
Effingham,2A,Public Service Commissioner,3,Democrat,Peter Hubbard,0
Effingham,2B,Public Service Commissioner,3,Democrat,Peter Hubbard,4
Effingham,2C,Public Service Commissioner,3,Democrat,Peter Hubbard,0
Effingham,2D,Public Service Commissioner,3,Democrat,Peter Hubbard,5
Effingham,3C,Public Service Commissioner,3,Democrat,Peter Hubbard,3
Effingham,3B,Public Service Commissioner,3,Democrat,Peter Hubbard,3
Effingham,3A,Public Service Commissioner,3,Democrat,Peter Hubbard,7
Effingham,5D,Public Service Commissioner,3,Democrat,Peter Hubbard,2
Effingham,3D,Public Service Commissioner,3,Democrat,Peter Hubbard,5
Effingham,3E,Public Service Commissioner,3,Democrat,Peter Hubbard,0
Effingham,1B,Public Service Commissioner,3,Democrat,Peter Hubbard,4
Elbert,Centerville,Public Service Commissioner,3,Democrat,Keisha Sean Waites,0
Elbert,Webbsboro,Public Service Commissioner,3,Democrat,Keisha Sean Waites,4
Elbert,Gaines,Public Service Commissioner,3,Democrat,Keisha Sean Waites,0
Elbert,Pike,Public Service Commissioner,3,Democrat,Keisha Sean Waites,11
Elbert,Moss-Ruckersville,Public Service Commissioner,3,Democrat,Keisha Sean Waites,0
Elbert,Wyche,Public Service Commissioner,3,Democrat,Keisha Sean Waites,6
Elbert,Petersburg,Public Service Commissioner,3,Democrat,Keisha Sean Waites,0
Elbert,Eliam,Public Service Commissioner,3,Democrat,Keisha Sean Waites,2
Elbert,Longstreet,Public Service Commissioner,3,Democrat,Keisha Sean Waites,0
Elbert,Elberton,Public Service Commissioner,3,Democrat,Keisha Sean Waites,16
Elbert,Goshen,Public Service Commissioner,3,Democrat,Keisha Sean Waites,0
Elbert,Elberton,Public Service Commissioner,3,Democrat,Peter Hubbard,11
Elbert,Goshen,Public Service Commissioner,3,Democrat,Peter Hubbard,0
Elbert,Longstreet,Public Service Commissioner,3,Democrat,Peter Hubbard,0
Elbert,Webbsboro,Public Service Commissioner,3,Democrat,Peter Hubbard,1
Elbert,Eliam,Public Service Commissioner,3,Democrat,Peter Hubbard,5
Elbert,Petersburg,Public Service Commissioner,3,Democrat,Peter Hubbard,0
Elbert,Wyche,Public Service Commissioner,3,Democrat,Peter Hubbard,4
Elbert,Moss-Ruckersville,Public Service Commissioner,3,Democrat,Peter Hubbard,0
Elbert,Pike,Public Service Commissioner,3,Democrat,Peter Hubbard,6
Elbert,Centerville,Public Service Commissioner,3,Democrat,Peter Hubbard,0
Elbert,Gaines,Public Service Commissioner,3,Democrat,Peter Hubbard,0
Emanuel,Twin City,Public Service Commissioner,3,Democrat,Keisha Sean Waites,7
Emanuel,Summertown,Public Service Commissioner,3,Democrat,Keisha Sean Waites,0
Emanuel,Canoochee,Public Service Commissioner,3,Democrat,Keisha Sean Waites,0
Emanuel,Swainsboro,Public Service Commissioner,3,Democrat,Keisha Sean Waites,37
Emanuel,Blundale,Public Service Commissioner,3,Democrat,Keisha Sean Waites,0
Emanuel,Adrian,Public Service Commissioner,3,Democrat,Keisha Sean Waites,1
Emanuel,Cross-Green,Public Service Commissioner,3,Democrat,Keisha Sean Waites,19
Emanuel,Nunez,Public Service Commissioner,3,Democrat,Keisha Sean Waites,0
Emanuel,Oak Park,Public Service Commissioner,3,Democrat,Keisha Sean Waites,0
Emanuel,Stillmore,Public Service Commissioner,3,Democrat,Keisha Sean Waites,0
Emanuel,Garfield,Public Service Commissioner,3,Democrat,Keisha Sean Waites,0
Emanuel,Summertown,Public Service Commissioner,3,Democrat,Peter Hubbard,0
Emanuel,Garfield,Public Service Commissioner,3,Democrat,Peter Hubbard,0
Emanuel,Canoochee,Public Service Commissioner,3,Democrat,Peter Hubbard,0
Emanuel,Blundale,Public Service Commissioner,3,Democrat,Peter Hubbard,0
Emanuel,Adrian,Public Service Commissioner,3,Democrat,Peter Hubbard,6
Emanuel,Nunez,Public Service Commissioner,3,Democrat,Peter Hubbard,0
Emanuel,Twin City,Public Service Commissioner,3,Democrat,Peter Hubbard,2
Emanuel,Oak Park,Public Service Commissioner,3,Democrat,Peter Hubbard,0
Emanuel,Stillmore,Public Service Commissioner,3,Democrat,Peter Hubbard,0
Emanuel,Swainsboro,Public Service Commissioner,3,Democrat,Peter Hubbard,15
Emanuel,Cross-Green,Public Service Commissioner,3,Democrat,Peter Hubbard,9
Evans,Veteran's Community Center,Public Service Commissioner,3,Democrat,Keisha Sean Waites,49
Evans,Veteran's Community Center,Public Service Commissioner,3,Democrat,Peter Hubbard,1
Fannin,Colwell,Public Service Commissioner,3,Democrat,Keisha Sean Waites,1
Fannin,Sugar Creek,Public Service Commissioner,3,Democrat,Keisha Sean Waites,3
Fannin,Toccoa,Public Service Commissioner,3,Democrat,Keisha Sean Waites,3
Fannin,Fairplay,Public Service Commissioner,3,Democrat,Keisha Sean Waites,1
Fannin,Flinthill,Public Service Commissioner,3,Democrat,Keisha Sean Waites,3
Fannin,Hemptown,Public Service Commissioner,3,Democrat,Keisha Sean Waites,0
Fannin,Hothouse,Public Service Commissioner,3,Democrat,Keisha Sean Waites,0
Fannin,Mineral Bluff,Public Service Commissioner,3,Democrat,Keisha Sean Waites,0
Fannin,Mobile,Public Service Commissioner,3,Democrat,Keisha Sean Waites,0
Fannin,Morganton,Public Service Commissioner,3,Democrat,Keisha Sean Waites,0
Fannin,Noontootla,Public Service Commissioner,3,Democrat,Keisha Sean Waites,0
Fannin,Skeniah,Public Service Commissioner,3,Democrat,Keisha Sean Waites,0
Fannin,Mineral Bluff,Public Service Commissioner,3,Democrat,Peter Hubbard,0
Fannin,Toccoa,Public Service Commissioner,3,Democrat,Peter Hubbard,17
Fannin,Sugar Creek,Public Service Commissioner,3,Democrat,Peter Hubbard,5
Fannin,Skeniah,Public Service Commissioner,3,Democrat,Peter Hubbard,0
Fannin,Noontootla,Public Service Commissioner,3,Democrat,Peter Hubbard,5
Fannin,Morganton,Public Service Commissioner,3,Democrat,Peter Hubbard,0
Fannin,Mobile,Public Service Commissioner,3,Democrat,Peter Hubbard,0
Fannin,Colwell,Public Service Commissioner,3,Democrat,Peter Hubbard,9
Fannin,Fairplay,Public Service Commissioner,3,Democrat,Peter Hubbard,8
Fannin,Flinthill,Public Service Commissioner,3,Democrat,Peter Hubbard,5
Fannin,Hemptown,Public Service Commissioner,3,Democrat,Peter Hubbard,7
Fannin,Hothouse,Public Service Commissioner,3,Democrat,Peter Hubbard,6
Fayette,Shakerag West,Public Service Commissioner,3,Democrat,Keisha Sean Waites,8
Fayette,Antioch,Public Service Commissioner,3,Democrat,Keisha Sean Waites,15
Fayette,Braelinn,Public Service Commissioner,3,Democrat,Keisha Sean Waites,6
Fayette,Flat Creek,Public Service Commissioner,3,Democrat,Keisha Sean Waites,10
Fayette,Windgate,Public Service Commissioner,3,Democrat,Keisha Sean Waites,8
Fayette,Aberdeen,Public Service Commissioner,3,Democrat,Keisha Sean Waites,7
Fayette,Kedron,Public Service Commissioner,3,Democrat,Keisha Sean Waites,37
Fayette,Oak Grove,Public Service Commissioner,3,Democrat,Keisha Sean Waites,9
Fayette,Mcintosh,Public Service Commissioner,3,Democrat,Keisha Sean Waites,20
Fayette,Woolsey,Public Service Commissioner,3,Democrat,Keisha Sean Waites,3
Fayette,Whitewater,Public Service Commissioner,3,Democrat,Keisha Sean Waites,24
Fayette,Starrsmill,Public Service Commissioner,3,Democrat,Keisha Sean Waites,18
Fayette,Rising Star,Public Service Commissioner,3,Democrat,Keisha Sean Waites,12
Fayette,Shakerag East,Public Service Commissioner,3,Democrat,Keisha Sean Waites,9
Fayette,Sandy Creek,Public Service Commissioner,3,Democrat,Keisha Sean Waites,117
Fayette,Rareover,Public Service Commissioner,3,Democrat,Keisha Sean Waites,8
Fayette,Morning Creek,Public Service Commissioner,3,Democrat,Keisha Sean Waites,74
Fayette,Hopeful,Public Service Commissioner,3,Democrat,Keisha Sean Waites,57
Fayette,Flint,Public Service Commissioner,3,Democrat,Keisha Sean Waites,32
Fayette,Fayetteville West,Public Service Commissioner,3,Democrat,Keisha Sean Waites,62
Fayette,Fayetteville East,Public Service Commissioner,3,Democrat,Keisha Sean Waites,45
Fayette,Europe,Public Service Commissioner,3,Democrat,Keisha Sean Waites,166
Fayette,Brooks,Public Service Commissioner,3,Democrat,Keisha Sean Waites,1
Fayette,Blackrock,Public Service Commissioner,3,Democrat,Keisha Sean Waites,78
Fayette,Banks,Public Service Commissioner,3,Democrat,Keisha Sean Waites,26
Fayette,Harps Crossing,Public Service Commissioner,3,Democrat,Keisha Sean Waites,18
Fayette,Willow Pond,Public Service Commissioner,3,Democrat,Keisha Sean Waites,48
Fayette,Dogwood,Public Service Commissioner,3,Democrat,Keisha Sean Waites,33
Fayette,Oak Ridge,Public Service Commissioner,3,Democrat,Keisha Sean Waites,76
Fayette,Jeff Davis,Public Service Commissioner,3,Democrat,Keisha Sean Waites,62
Fayette,Murphy,Public Service Commissioner,3,Democrat,Keisha Sean Waites,45
Fayette,Fielding Ridge,Public Service Commissioner,3,Democrat,Keisha Sean Waites,7
Fayette,Willowbend,Public Service Commissioner,3,Democrat,Keisha Sean Waites,2
Fayette,Camp Creek,Public Service Commissioner,3,Democrat,Keisha Sean Waites,10
Fayette,Spring Hill,Public Service Commissioner,3,Democrat,Keisha Sean Waites,66
Fayette,Kenwood,Public Service Commissioner,3,Democrat,Keisha Sean Waites,42
Fayette,Rising Star,Public Service Commissioner,3,Democrat,Peter Hubbard,24
Fayette,Whitewater,Public Service Commissioner,3,Democrat,Peter Hubbard,17
Fayette,Willowbend,Public Service Commissioner,3,Democrat,Peter Hubbard,16
Fayette,Fielding Ridge,Public Service Commissioner,3,Democrat,Peter Hubbard,39
Fayette,Murphy,Public Service Commissioner,3,Democrat,Peter Hubbard,47
Fayette,Jeff Davis,Public Service Commissioner,3,Democrat,Peter Hubbard,32
Fayette,Oak Ridge,Public Service Commissioner,3,Democrat,Peter Hubbard,29
Fayette,Dogwood,Public Service Commissioner,3,Democrat,Peter Hubbard,30
Fayette,Willow Pond,Public Service Commissioner,3,Democrat,Peter Hubbard,46
Fayette,Harps Crossing,Public Service Commissioner,3,Democrat,Peter Hubbard,16
Fayette,Banks,Public Service Commissioner,3,Democrat,Peter Hubbard,27
Fayette,Kenwood,Public Service Commissioner,3,Democrat,Peter Hubbard,30
Fayette,Braelinn,Public Service Commissioner,3,Democrat,Peter Hubbard,12
Fayette,Flat Creek,Public Service Commissioner,3,Democrat,Peter Hubbard,27
Fayette,Windgate,Public Service Commissioner,3,Democrat,Peter Hubbard,14
Fayette,Aberdeen,Public Service Commissioner,3,Democrat,Peter Hubbard,22
Fayette,Kedron,Public Service Commissioner,3,Democrat,Peter Hubbard,62
Fayette,Oak Grove,Public Service Commissioner,3,Democrat,Peter Hubbard,18
Fayette,Mcintosh,Public Service Commissioner,3,Democrat,Peter Hubbard,33
Fayette,Woolsey,Public Service Commissioner,3,Democrat,Peter Hubbard,7
Fayette,Antioch,Public Service Commissioner,3,Democrat,Peter Hubbard,9
Fayette,Spring Hill,Public Service Commissioner,3,Democrat,Peter Hubbard,37
Fayette,Blackrock,Public Service Commissioner,3,Democrat,Peter Hubbard,58
Fayette,Brooks,Public Service Commissioner,3,Democrat,Peter Hubbard,6
Fayette,Europe,Public Service Commissioner,3,Democrat,Peter Hubbard,112
Fayette,Fayetteville East,Public Service Commissioner,3,Democrat,Peter Hubbard,26
Fayette,Fayetteville West,Public Service Commissioner,3,Democrat,Peter Hubbard,31
Fayette,Flint,Public Service Commissioner,3,Democrat,Peter Hubbard,27
Fayette,Hopeful,Public Service Commissioner,3,Democrat,Peter Hubbard,41
Fayette,Morning Creek,Public Service Commissioner,3,Democrat,Peter Hubbard,52
Fayette,Rareover,Public Service Commissioner,3,Democrat,Peter Hubbard,14
Fayette,Sandy Creek,Public Service Commissioner,3,Democrat,Peter Hubbard,72
Fayette,Shakerag East,Public Service Commissioner,3,Democrat,Peter Hubbard,14
Fayette,Shakerag West,Public Service Commissioner,3,Democrat,Peter Hubbard,18
Fayette,Starrsmill,Public Service Commissioner,3,Democrat,Peter Hubbard,23
Fayette,Camp Creek,Public Service Commissioner,3,Democrat,Peter Hubbard,12
Floyd,Town Rome,Public Service Commissioner,3,Democrat,Keisha Sean Waites,7
Floyd,Lindale,Public Service Commissioner,3,Democrat,Keisha Sean Waites,11
Floyd,Shannon,Public Service Commissioner,3,Democrat,Keisha Sean Waites,7
Floyd,South Rome,Public Service Commissioner,3,Democrat,Keisha Sean Waites,8
Floyd,North Rome,Public Service Commissioner,3,Democrat,Keisha Sean Waites,46
Floyd,East Rome,Public Service Commissioner,3,Democrat,Keisha Sean Waites,28
Floyd,Coosa NC,Public Service Commissioner,3,Democrat,Keisha Sean Waites,3
Floyd,Howell,Public Service Commissioner,3,Democrat,Keisha Sean Waites,0
Floyd,Glenwood,Public Service Commissioner,3,Democrat,Keisha Sean Waites,4
Floyd,Garden Lakes,Public Service Commissioner,3,Democrat,Keisha Sean Waites,25
Floyd,Foster's Mill,Public Service Commissioner,3,Democrat,Keisha Sean Waites,0
Floyd,Floyd Springs,Public Service Commissioner,3,Democrat,Keisha Sean Waites,0
Floyd,Everett Springs,Public Service Commissioner,3,Democrat,Keisha Sean Waites,0
Floyd,Etowah,Public Service Commissioner,3,Democrat,Keisha Sean Waites,19
Floyd,Chulio,Public Service Commissioner,3,Democrat,Keisha Sean Waites,3
Floyd,Cave Spring,Public Service Commissioner,3,Democrat,Keisha Sean Waites,2
Floyd,South Floyd,Public Service Commissioner,3,Democrat,Keisha Sean Waites,0
Floyd,New Armuchee,Public Service Commissioner,3,Democrat,Keisha Sean Waites,2
Floyd,Alto Park,Public Service Commissioner,3,Democrat,Keisha Sean Waites,24
Floyd,Alto Park,Public Service Commissioner,3,Democrat,Peter Hubbard,40
Floyd,New Armuchee,Public Service Commissioner,3,Democrat,Peter Hubbard,3
Floyd,South Floyd,Public Service Commissioner,3,Democrat,Peter Hubbard,0
Floyd,Cave Spring,Public Service Commissioner,3,Democrat,Peter Hubbard,5
Floyd,Chulio,Public Service Commissioner,3,Democrat,Peter Hubbard,3
Floyd,Etowah,Public Service Commissioner,3,Democrat,Peter Hubbard,14
Floyd,Everett Springs,Public Service Commissioner,3,Democrat,Peter Hubbard,0
Floyd,Floyd Springs,Public Service Commissioner,3,Democrat,Peter Hubbard,0
Floyd,Foster's Mill,Public Service Commissioner,3,Democrat,Peter Hubbard,0
Floyd,Garden Lakes,Public Service Commissioner,3,Democrat,Peter Hubbard,28
Floyd,Glenwood,Public Service Commissioner,3,Democrat,Peter Hubbard,17
Floyd,Howell,Public Service Commissioner,3,Democrat,Peter Hubbard,0
Floyd,Coosa NC,Public Service Commissioner,3,Democrat,Peter Hubbard,3
Floyd,Town Rome,Public Service Commissioner,3,Democrat,Peter Hubbard,59
Floyd,Shannon,Public Service Commissioner,3,Democrat,Peter Hubbard,6
Floyd,South Rome,Public Service Commissioner,3,Democrat,Peter Hubbard,14
Floyd,North Rome,Public Service Commissioner,3,Democrat,Peter Hubbard,36
Floyd,East Rome,Public Service Commissioner,3,Democrat,Peter Hubbard,52
Floyd,Lindale,Public Service Commissioner,3,Democrat,Peter Hubbard,8
Forsyth,06 Crossroads,Public Service Commissioner,3,Democrat,Keisha Sean Waites,8
Forsyth,21 South Forsyth,Public Service Commissioner,3,Democrat,Keisha Sean Waites,0
Forsyth,04 Chestatee,Public Service Commissioner,3,Democrat,Keisha Sean Waites,2
Forsyth,02 Brandywine,Public Service Commissioner,3,Democrat,Keisha Sean Waites,2
Forsyth,01 Big Creek,Public Service Commissioner,3,Democrat,Keisha Sean Waites,7
Forsyth,51 Matt,Public Service Commissioner,3,Democrat,Keisha Sean Waites,4
Forsyth,50 Browns Bridge,Public Service Commissioner,3,Democrat,Keisha Sean Waites,4
Forsyth,49 Cheatam Creek,Public Service Commissioner,3,Democrat,Keisha Sean Waites,4
Forsyth,05 Coal Mountain,Public Service Commissioner,3,Democrat,Keisha Sean Waites,6
Forsyth,46 Sawmill Branch,Public Service Commissioner,3,Democrat,Keisha Sean Waites,1
Forsyth,45 Mountainside,Public Service Commissioner,3,Democrat,Keisha Sean Waites,3
Forsyth,44 Lanier,Public Service Commissioner,3,Democrat,Keisha Sean Waites,1
Forsyth,43 Lakeland,Public Service Commissioner,3,Democrat,Keisha Sean Waites,9
Forsyth,42 Keith Bridge,Public Service Commissioner,3,Democrat,Keisha Sean Waites,0
Forsyth,41 Grassland,Public Service Commissioner,3,Democrat,Keisha Sean Waites,4
Forsyth,40 West Forsyth,Public Service Commissioner,3,Democrat,Keisha Sean Waites,8
Forsyth,39 Mathis,Public Service Commissioner,3,Democrat,Keisha Sean Waites,1
Forsyth,38 Daves Creek,Public Service Commissioner,3,Democrat,Keisha Sean Waites,4
Forsyth,36 Nichols,Public Service Commissioner,3,Democrat,Keisha Sean Waites,3
Forsyth,35 Johns Creek,Public Service Commissioner,3,Democrat,Keisha Sean Waites,6
Forsyth,34 Fowler,Public Service Commissioner,3,Democrat,Keisha Sean Waites,1
Forsyth,25 Windermere,Public Service Commissioner,3,Democrat,Keisha Sean Waites,5
Forsyth,07 Cumming,Public Service Commissioner,3,Democrat,Keisha Sean Waites,23
Forsyth,19 Old Atlanta,Public Service Commissioner,3,Democrat,Keisha Sean Waites,0
Forsyth,16 Otwell,Public Service Commissioner,3,Democrat,Keisha Sean Waites,4
Forsyth,15 Heardsville,Public Service Commissioner,3,Democrat,Keisha Sean Waites,3
Forsyth,10 Midway,Public Service Commissioner,3,Democrat,Keisha Sean Waites,5
Forsyth,08 Mashburn,Public Service Commissioner,3,Democrat,Keisha Sean Waites,7
Forsyth,47 Riverclub,Public Service Commissioner,3,Democrat,Keisha Sean Waites,1
Forsyth,41 Grassland,Public Service Commissioner,3,Democrat,Peter Hubbard,15
Forsyth,25 Windermere,Public Service Commissioner,3,Democrat,Peter Hubbard,22
Forsyth,51 Matt,Public Service Commissioner,3,Democrat,Peter Hubbard,12
Forsyth,50 Browns Bridge,Public Service Commissioner,3,Democrat,Peter Hubbard,18
Forsyth,49 Cheatam Creek,Public Service Commissioner,3,Democrat,Peter Hubbard,2
Forsyth,47 Riverclub,Public Service Commissioner,3,Democrat,Peter Hubbard,5
Forsyth,46 Sawmill Branch,Public Service Commissioner,3,Democrat,Peter Hubbard,13
Forsyth,45 Mountainside,Public Service Commissioner,3,Democrat,Peter Hubbard,14
Forsyth,44 Lanier,Public Service Commissioner,3,Democrat,Peter Hubbard,11
Forsyth,43 Lakeland,Public Service Commissioner,3,Democrat,Peter Hubbard,30
Forsyth,42 Keith Bridge,Public Service Commissioner,3,Democrat,Peter Hubbard,11
Forsyth,07 Cumming,Public Service Commissioner,3,Democrat,Peter Hubbard,40
Forsyth,06 Crossroads,Public Service Commissioner,3,Democrat,Peter Hubbard,13
Forsyth,05 Coal Mountain,Public Service Commissioner,3,Democrat,Peter Hubbard,12
Forsyth,04 Chestatee,Public Service Commissioner,3,Democrat,Peter Hubbard,9
Forsyth,02 Brandywine,Public Service Commissioner,3,Democrat,Peter Hubbard,20
Forsyth,01 Big Creek,Public Service Commissioner,3,Democrat,Peter Hubbard,40
Forsyth,40 West Forsyth,Public Service Commissioner,3,Democrat,Peter Hubbard,27
Forsyth,39 Mathis,Public Service Commissioner,3,Democrat,Peter Hubbard,15
Forsyth,38 Daves Creek,Public Service Commissioner,3,Democrat,Peter Hubbard,28
Forsyth,36 Nichols,Public Service Commissioner,3,Democrat,Peter Hubbard,36
Forsyth,35 Johns Creek,Public Service Commissioner,3,Democrat,Peter Hubbard,16
Forsyth,08 Mashburn,Public Service Commissioner,3,Democrat,Peter Hubbard,24
Forsyth,10 Midway,Public Service Commissioner,3,Democrat,Peter Hubbard,33
Forsyth,15 Heardsville,Public Service Commissioner,3,Democrat,Peter Hubbard,10
Forsyth,16 Otwell,Public Service Commissioner,3,Democrat,Peter Hubbard,26
Forsyth,19 Old Atlanta,Public Service Commissioner,3,Democrat,Peter Hubbard,0
Forsyth,21 South Forsyth,Public Service Commissioner,3,Democrat,Peter Hubbard,8
Forsyth,34 Fowler,Public Service Commissioner,3,Democrat,Peter Hubbard,15
Franklin,Southwest Franklin,Public Service Commissioner,3,Democrat,Keisha Sean Waites,0
Franklin,Royston,Public Service Commissioner,3,Democrat,Keisha Sean Waites,0
Franklin,Canon,Public Service Commissioner,3,Democrat,Keisha Sean Waites,0
Franklin,Lavonia,Public Service Commissioner,3,Democrat,Keisha Sean Waites,0
Franklin,Northeast Franklin,Public Service Commissioner,3,Democrat,Keisha Sean Waites,0
Franklin,West Franklin,Public Service Commissioner,3,Democrat,Keisha Sean Waites,0
Franklin,Carnesville,Public Service Commissioner,3,Democrat,Keisha Sean Waites,1
Franklin,Northeast Franklin,Public Service Commissioner,3,Democrat,Peter Hubbard,0
Franklin,Royston,Public Service Commissioner,3,Democrat,Peter Hubbard,0
Franklin,West Franklin,Public Service Commissioner,3,Democrat,Peter Hubbard,0
Franklin,Lavonia,Public Service Commissioner,3,Democrat,Peter Hubbard,6
Franklin,Canon,Public Service Commissioner,3,Democrat,Peter Hubbard,0
Franklin,Southwest Franklin,Public Service Commissioner,3,Democrat,Peter Hubbard,0
Franklin,Carnesville,Public Service Commissioner,3,Democrat,Peter Hubbard,4
Fulton,01A,Public Service Commissioner,3,Democrat,Keisha Sean Waites,30
Fulton,08F1,Public Service Commissioner,3,Democrat,Keisha Sean Waites,6
Fulton,08F2,Public Service Commissioner,3,Democrat,Keisha Sean Waites,0
Fulton,08G,Public Service Commissioner,3,Democrat,Keisha Sean Waites,14
Fulton,08H,Public Service Commissioner,3,Democrat,Keisha Sean Waites,0
Fulton,08J,Public Service Commissioner,3,Democrat,Keisha Sean Waites,4
Fulton,08K,Public Service Commissioner,3,Democrat,Keisha Sean Waites,2
Fulton,08L,Public Service Commissioner,3,Democrat,Keisha Sean Waites,25
Fulton,08M,Public Service Commissioner,3,Democrat,Keisha Sean Waites,7
Fulton,08N1,Public Service Commissioner,3,Democrat,Keisha Sean Waites,3
Fulton,08N2,Public Service Commissioner,3,Democrat,Keisha Sean Waites,7
Fulton,08P,Public Service Commissioner,3,Democrat,Keisha Sean Waites,3
Fulton,08P1,Public Service Commissioner,3,Democrat,Keisha Sean Waites,0
Fulton,09A,Public Service Commissioner,3,Democrat,Keisha Sean Waites,32
Fulton,09B,Public Service Commissioner,3,Democrat,Keisha Sean Waites,0
Fulton,09C,Public Service Commissioner,3,Democrat,Keisha Sean Waites,53
Fulton,09D,Public Service Commissioner,3,Democrat,Keisha Sean Waites,22
Fulton,09E,Public Service Commissioner,3,Democrat,Keisha Sean Waites,17
Fulton,09F,Public Service Commissioner,3,Democrat,Keisha Sean Waites,13
Fulton,09G,Public Service Commissioner,3,Democrat,Keisha Sean Waites,1
Fulton,09H,Public Service Commissioner,3,Democrat,Keisha Sean Waites,1
Fulton,09I,Public Service Commissioner,3,Democrat,Keisha Sean Waites,12
Fulton,09J,Public Service Commissioner,3,Democrat,Keisha Sean Waites,0
Fulton,09K,Public Service Commissioner,3,Democrat,Keisha Sean Waites,12
Fulton,09K1,Public Service Commissioner,3,Democrat,Keisha Sean Waites,38
Fulton,09L,Public Service Commissioner,3,Democrat,Keisha Sean Waites,18
Fulton,09M,Public Service Commissioner,3,Democrat,Keisha Sean Waites,34
Fulton,09N,Public Service Commissioner,3,Democrat,Keisha Sean Waites,23
Fulton,10A,Public Service Commissioner,3,Democrat,Keisha Sean Waites,86
Fulton,10B,Public Service Commissioner,3,Democrat,Keisha Sean Waites,144
Fulton,10B1,Public Service Commissioner,3,Democrat,Keisha Sean Waites,24
Fulton,10C,Public Service Commissioner,3,Democrat,Keisha Sean Waites,27
Fulton,10D,Public Service Commissioner,3,Democrat,Keisha Sean Waites,4
Fulton,10D1,Public Service Commissioner,3,Democrat,Keisha Sean Waites,25
Fulton,10D2,Public Service Commissioner,3,Democrat,Keisha Sean Waites,21
Fulton,10E,Public Service Commissioner,3,Democrat,Keisha Sean Waites,29
Fulton,10F,Public Service Commissioner,3,Democrat,Keisha Sean Waites,25
Fulton,10G,Public Service Commissioner,3,Democrat,Keisha Sean Waites,68
Fulton,10H1,Public Service Commissioner,3,Democrat,Keisha Sean Waites,12
Fulton,10H2,Public Service Commissioner,3,Democrat,Keisha Sean Waites,48
Fulton,10I,Public Service Commissioner,3,Democrat,Keisha Sean Waites,19
Fulton,10J,Public Service Commissioner,3,Democrat,Keisha Sean Waites,9
Fulton,10K,Public Service Commissioner,3,Democrat,Keisha Sean Waites,49
Fulton,10M,Public Service Commissioner,3,Democrat,Keisha Sean Waites,53
Fulton,10P,Public Service Commissioner,3,Democrat,Keisha Sean Waites,16
Fulton,10R,Public Service Commissioner,3,Democrat,Keisha Sean Waites,4
Fulton,11B,Public Service Commissioner,3,Democrat,Keisha Sean Waites,93
Fulton,11B1,Public Service Commissioner,3,Democrat,Keisha Sean Waites,45
Fulton,11B3,Public Service Commissioner,3,Democrat,Keisha Sean Waites,10
Fulton,11C,Public Service Commissioner,3,Democrat,Keisha Sean Waites,23
Fulton,11C2,Public Service Commissioner,3,Democrat,Keisha Sean Waites,78
Fulton,11C3,Public Service Commissioner,3,Democrat,Keisha Sean Waites,34
Fulton,11E1,Public Service Commissioner,3,Democrat,Keisha Sean Waites,41
Fulton,11E2,Public Service Commissioner,3,Democrat,Keisha Sean Waites,38
Fulton,11E3,Public Service Commissioner,3,Democrat,Keisha Sean Waites,68
Fulton,11G,Public Service Commissioner,3,Democrat,Keisha Sean Waites,29
Fulton,11H,Public Service Commissioner,3,Democrat,Keisha Sean Waites,15
Fulton,11J,Public Service Commissioner,3,Democrat,Keisha Sean Waites,46
Fulton,11K,Public Service Commissioner,3,Democrat,Keisha Sean Waites,59
Fulton,11M,Public Service Commissioner,3,Democrat,Keisha Sean Waites,36
Fulton,11M1,Public Service Commissioner,3,Democrat,Keisha Sean Waites,34
Fulton,11N,Public Service Commissioner,3,Democrat,Keisha Sean Waites,77
Fulton,11P,Public Service Commissioner,3,Democrat,Keisha Sean Waites,43
Fulton,11R,Public Service Commissioner,3,Democrat,Keisha Sean Waites,16
Fulton,12A,Public Service Commissioner,3,Democrat,Keisha Sean Waites,57
Fulton,12A1,Public Service Commissioner,3,Democrat,Keisha Sean Waites,51
Fulton,12D,Public Service Commissioner,3,Democrat,Keisha Sean Waites,20
Fulton,12E1,Public Service Commissioner,3,Democrat,Keisha Sean Waites,14
Fulton,12F,Public Service Commissioner,3,Democrat,Keisha Sean Waites,15
Fulton,12G,Public Service Commissioner,3,Democrat,Keisha Sean Waites,9
Fulton,12H1,Public Service Commissioner,3,Democrat,Keisha Sean Waites,4
Fulton,12H2,Public Service Commissioner,3,Democrat,Keisha Sean Waites,56
Fulton,12I,Public Service Commissioner,3,Democrat,Keisha Sean Waites,9
Fulton,12J,Public Service Commissioner,3,Democrat,Keisha Sean Waites,32
Fulton,12K,Public Service Commissioner,3,Democrat,Keisha Sean Waites,34
Fulton,12L,Public Service Commissioner,3,Democrat,Keisha Sean Waites,10
Fulton,12M,Public Service Commissioner,3,Democrat,Keisha Sean Waites,62
Fulton,12N,Public Service Commissioner,3,Democrat,Keisha Sean Waites,10
Fulton,12S,Public Service Commissioner,3,Democrat,Keisha Sean Waites,25
Fulton,AP01A,Public Service Commissioner,3,Democrat,Keisha Sean Waites,6
Fulton,AP01B,Public Service Commissioner,3,Democrat,Keisha Sean Waites,4
Fulton,AP01C,Public Service Commissioner,3,Democrat,Keisha Sean Waites,5
Fulton,AP01D,Public Service Commissioner,3,Democrat,Keisha Sean Waites,9
Fulton,AP021,Public Service Commissioner,3,Democrat,Keisha Sean Waites,12
Fulton,AP022,Public Service Commissioner,3,Democrat,Keisha Sean Waites,5
Fulton,AP023,Public Service Commissioner,3,Democrat,Keisha Sean Waites,4
Fulton,AP02B,Public Service Commissioner,3,Democrat,Keisha Sean Waites,3
Fulton,AP03,Public Service Commissioner,3,Democrat,Keisha Sean Waites,4
Fulton,AP04A,Public Service Commissioner,3,Democrat,Keisha Sean Waites,11
Fulton,AP04B,Public Service Commissioner,3,Democrat,Keisha Sean Waites,0
Fulton,AP05,Public Service Commissioner,3,Democrat,Keisha Sean Waites,18
Fulton,AP06,Public Service Commissioner,3,Democrat,Keisha Sean Waites,6
Fulton,AP07A,Public Service Commissioner,3,Democrat,Keisha Sean Waites,18
Fulton,AP07C,Public Service Commissioner,3,Democrat,Keisha Sean Waites,2
Fulton,AP09A,Public Service Commissioner,3,Democrat,Keisha Sean Waites,18
Fulton,AP09B,Public Service Commissioner,3,Democrat,Keisha Sean Waites,4
Fulton,AP10,Public Service Commissioner,3,Democrat,Keisha Sean Waites,2
Fulton,AP12A,Public Service Commissioner,3,Democrat,Keisha Sean Waites,6
Fulton,AP12B,Public Service Commissioner,3,Democrat,Keisha Sean Waites,1
Fulton,AP12C,Public Service Commissioner,3,Democrat,Keisha Sean Waites,5
Fulton,AP14,Public Service Commissioner,3,Democrat,Keisha Sean Waites,0
Fulton,AP14A,Public Service Commissioner,3,Democrat,Keisha Sean Waites,9
Fulton,CH01,Public Service Commissioner,3,Democrat,Keisha Sean Waites,0
Fulton,CH01B,Public Service Commissioner,3,Democrat,Keisha Sean Waites,0
Fulton,CH02,Public Service Commissioner,3,Democrat,Keisha Sean Waites,0
Fulton,CH03,Public Service Commissioner,3,Democrat,Keisha Sean Waites,0
Fulton,CH04A,Public Service Commissioner,3,Democrat,Keisha Sean Waites,3
Fulton,CH05,Public Service Commissioner,3,Democrat,Keisha Sean Waites,0
Fulton,CH05A,Public Service Commissioner,3,Democrat,Keisha Sean Waites,0
Fulton,CP011,Public Service Commissioner,3,Democrat,Keisha Sean Waites,15
Fulton,CP012,Public Service Commissioner,3,Democrat,Keisha Sean Waites,29
Fulton,CP01B,Public Service Commissioner,3,Democrat,Keisha Sean Waites,9
Fulton,CP02,Public Service Commissioner,3,Democrat,Keisha Sean Waites,13
Fulton,CP04A,Public Service Commissioner,3,Democrat,Keisha Sean Waites,0
Fulton,CP05B,Public Service Commissioner,3,Democrat,Keisha Sean Waites,0
Fulton,CP05C,Public Service Commissioner,3,Democrat,Keisha Sean Waites,67
Fulton,CP06A,Public Service Commissioner,3,Democrat,Keisha Sean Waites,0
Fulton,CP06B,Public Service Commissioner,3,Democrat,Keisha Sean Waites,0
Fulton,CP07A,Public Service Commissioner,3,Democrat,Keisha Sean Waites,5
Fulton,CP07B,Public Service Commissioner,3,Democrat,Keisha Sean Waites,0
Fulton,CP07C,Public Service Commissioner,3,Democrat,Keisha Sean Waites,0
Fulton,CP07D,Public Service Commissioner,3,Democrat,Keisha Sean Waites,0
Fulton,CP081,Public Service Commissioner,3,Democrat,Keisha Sean Waites,0
Fulton,CP083,Public Service Commissioner,3,Democrat,Keisha Sean Waites,0
Fulton,CP084,Public Service Commissioner,3,Democrat,Keisha Sean Waites,0
Fulton,CP08A,Public Service Commissioner,3,Democrat,Keisha Sean Waites,0
Fulton,EP01A,Public Service Commissioner,3,Democrat,Keisha Sean Waites,33
Fulton,EP01B,Public Service Commissioner,3,Democrat,Keisha Sean Waites,29
Fulton,EP01C,Public Service Commissioner,3,Democrat,Keisha Sean Waites,7
Fulton,EP01D,Public Service Commissioner,3,Democrat,Keisha Sean Waites,11
Fulton,EP02A,Public Service Commissioner,3,Democrat,Keisha Sean Waites,21
Fulton,EP02B,Public Service Commissioner,3,Democrat,Keisha Sean Waites,25
Fulton,EP02C,Public Service Commissioner,3,Democrat,Keisha Sean Waites,3
Fulton,EP02D,Public Service Commissioner,3,Democrat,Keisha Sean Waites,3
Fulton,EP02E,Public Service Commissioner,3,Democrat,Keisha Sean Waites,13
Fulton,EP03A,Public Service Commissioner,3,Democrat,Keisha Sean Waites,118
Fulton,EP03B,Public Service Commissioner,3,Democrat,Keisha Sean Waites,60
Fulton,EP03C,Public Service Commissioner,3,Democrat,Keisha Sean Waites,9
Fulton,EP04A,Public Service Commissioner,3,Democrat,Keisha Sean Waites,36
Fulton,EP04B,Public Service Commissioner,3,Democrat,Keisha Sean Waites,38
Fulton,EP04C,Public Service Commissioner,3,Democrat,Keisha Sean Waites,10
Fulton,EP04D,Public Service Commissioner,3,Democrat,Keisha Sean Waites,44
Fulton,FA01A,Public Service Commissioner,3,Democrat,Keisha Sean Waites,69
Fulton,FA01B,Public Service Commissioner,3,Democrat,Keisha Sean Waites,79
Fulton,FA01C,Public Service Commissioner,3,Democrat,Keisha Sean Waites,10
Fulton,FA01D,Public Service Commissioner,3,Democrat,Keisha Sean Waites,0
Fulton,FC02,Public Service Commissioner,3,Democrat,Keisha Sean Waites,0
Fulton,HP01,Public Service Commissioner,3,Democrat,Keisha Sean Waites,30
Fulton,JC01,Public Service Commissioner,3,Democrat,Keisha Sean Waites,22
Fulton,JC01A,Public Service Commissioner,3,Democrat,Keisha Sean Waites,5
Fulton,JC02,Public Service Commissioner,3,Democrat,Keisha Sean Waites,7
Fulton,JC03A,Public Service Commissioner,3,Democrat,Keisha Sean Waites,5
Fulton,JC03B,Public Service Commissioner,3,Democrat,Keisha Sean Waites,6
Fulton,JC04A,Public Service Commissioner,3,Democrat,Keisha Sean Waites,13
Fulton,JC04B,Public Service Commissioner,3,Democrat,Keisha Sean Waites,0
Fulton,JC04C,Public Service Commissioner,3,Democrat,Keisha Sean Waites,2
Fulton,JC05,Public Service Commissioner,3,Democrat,Keisha Sean Waites,10
Fulton,JC06,Public Service Commissioner,3,Democrat,Keisha Sean Waites,11
Fulton,JC07,Public Service Commissioner,3,Democrat,Keisha Sean Waites,8
Fulton,JC08,Public Service Commissioner,3,Democrat,Keisha Sean Waites,24
Fulton,JC09,Public Service Commissioner,3,Democrat,Keisha Sean Waites,14
Fulton,JC10,Public Service Commissioner,3,Democrat,Keisha Sean Waites,12
Fulton,JC11,Public Service Commissioner,3,Democrat,Keisha Sean Waites,9
Fulton,JC12,Public Service Commissioner,3,Democrat,Keisha Sean Waites,23
Fulton,JC13A,Public Service Commissioner,3,Democrat,Keisha Sean Waites,5
Fulton,JC13B,Public Service Commissioner,3,Democrat,Keisha Sean Waites,0
Fulton,JC14,Public Service Commissioner,3,Democrat,Keisha Sean Waites,9
Fulton,JC15,Public Service Commissioner,3,Democrat,Keisha Sean Waites,3
Fulton,JC16,Public Service Commissioner,3,Democrat,Keisha Sean Waites,11
Fulton,JC18,Public Service Commissioner,3,Democrat,Keisha Sean Waites,12
Fulton,JC19,Public Service Commissioner,3,Democrat,Keisha Sean Waites,5
Fulton,JC19A,Public Service Commissioner,3,Democrat,Keisha Sean Waites,18
Fulton,ML01A,Public Service Commissioner,3,Democrat,Keisha Sean Waites,7
Fulton,ML01B,Public Service Commissioner,3,Democrat,Keisha Sean Waites,0
Fulton,ML01C,Public Service Commissioner,3,Democrat,Keisha Sean Waites,0
Fulton,ML02A,Public Service Commissioner,3,Democrat,Keisha Sean Waites,4
Fulton,ML02B,Public Service Commissioner,3,Democrat,Keisha Sean Waites,1
Fulton,ML03,Public Service Commissioner,3,Democrat,Keisha Sean Waites,12
Fulton,ML03A,Public Service Commissioner,3,Democrat,Keisha Sean Waites,2
Fulton,ML04,Public Service Commissioner,3,Democrat,Keisha Sean Waites,10
Fulton,ML05,Public Service Commissioner,3,Democrat,Keisha Sean Waites,9
Fulton,ML06A,Public Service Commissioner,3,Democrat,Keisha Sean Waites,14
Fulton,ML06B,Public Service Commissioner,3,Democrat,Keisha Sean Waites,9
Fulton,ML07A,Public Service Commissioner,3,Democrat,Keisha Sean Waites,3
Fulton,ML07B,Public Service Commissioner,3,Democrat,Keisha Sean Waites,8
Fulton,MP01,Public Service Commissioner,3,Democrat,Keisha Sean Waites,1
Fulton,PA01,Public Service Commissioner,3,Democrat,Keisha Sean Waites,28
Fulton,RW01,Public Service Commissioner,3,Democrat,Keisha Sean Waites,20
Fulton,RW02,Public Service Commissioner,3,Democrat,Keisha Sean Waites,14
Fulton,RW03,Public Service Commissioner,3,Democrat,Keisha Sean Waites,3
Fulton,RW03A,Public Service Commissioner,3,Democrat,Keisha Sean Waites,6
Fulton,RW03B,Public Service Commissioner,3,Democrat,Keisha Sean Waites,10
Fulton,RW03C,Public Service Commissioner,3,Democrat,Keisha Sean Waites,5
Fulton,RW04,Public Service Commissioner,3,Democrat,Keisha Sean Waites,4
Fulton,RW05,Public Service Commissioner,3,Democrat,Keisha Sean Waites,6
Fulton,RW05A,Public Service Commissioner,3,Democrat,Keisha Sean Waites,7
Fulton,RW06,Public Service Commissioner,3,Democrat,Keisha Sean Waites,11
Fulton,RW07A,Public Service Commissioner,3,Democrat,Keisha Sean Waites,10
Fulton,RW07B,Public Service Commissioner,3,Democrat,Keisha Sean Waites,2
Fulton,RW08,Public Service Commissioner,3,Democrat,Keisha Sean Waites,6
Fulton,RW09,Public Service Commissioner,3,Democrat,Keisha Sean Waites,9
Fulton,RW09A,Public Service Commissioner,3,Democrat,Keisha Sean Waites,10
Fulton,RW10,Public Service Commissioner,3,Democrat,Keisha Sean Waites,8
Fulton,RW10A,Public Service Commissioner,3,Democrat,Keisha Sean Waites,1
Fulton,RW11A,Public Service Commissioner,3,Democrat,Keisha Sean Waites,3
Fulton,RW12,Public Service Commissioner,3,Democrat,Keisha Sean Waites,9
Fulton,RW12A,Public Service Commissioner,3,Democrat,Keisha Sean Waites,11
Fulton,RW13,Public Service Commissioner,3,Democrat,Keisha Sean Waites,21
Fulton,RW16,Public Service Commissioner,3,Democrat,Keisha Sean Waites,15
Fulton,RW17,Public Service Commissioner,3,Democrat,Keisha Sean Waites,12
Fulton,RW19,Public Service Commissioner,3,Democrat,Keisha Sean Waites,14
Fulton,RW20,Public Service Commissioner,3,Democrat,Keisha Sean Waites,38
Fulton,RW21A,Public Service Commissioner,3,Democrat,Keisha Sean Waites,19
Fulton,SC01A,Public Service Commissioner,3,Democrat,Keisha Sean Waites,7
Fulton,SC01B,Public Service Commissioner,3,Democrat,Keisha Sean Waites,92
Fulton,SC01C,Public Service Commissioner,3,Democrat,Keisha Sean Waites,118
Fulton,SC01D,Public Service Commissioner,3,Democrat,Keisha Sean Waites,9
Fulton,SC02,Public Service Commissioner,3,Democrat,Keisha Sean Waites,38
Fulton,SC02A,Public Service Commissioner,3,Democrat,Keisha Sean Waites,44
Fulton,SC05A,Public Service Commissioner,3,Democrat,Keisha Sean Waites,14
Fulton,SC05B,Public Service Commissioner,3,Democrat,Keisha Sean Waites,29
Fulton,SC05C,Public Service Commissioner,3,Democrat,Keisha Sean Waites,83
Fulton,SC05D,Public Service Commissioner,3,Democrat,Keisha Sean Waites,38
Fulton,SC05E,Public Service Commissioner,3,Democrat,Keisha Sean Waites,16
Fulton,SC05G,Public Service Commissioner,3,Democrat,Keisha Sean Waites,44
Fulton,SC05H,Public Service Commissioner,3,Democrat,Keisha Sean Waites,7
Fulton,SC07A,Public Service Commissioner,3,Democrat,Keisha Sean Waites,103
Fulton,SC07C,Public Service Commissioner,3,Democrat,Keisha Sean Waites,0
Fulton,SC07D,Public Service Commissioner,3,Democrat,Keisha Sean Waites,23
Fulton,SC07F,Public Service Commissioner,3,Democrat,Keisha Sean Waites,0
Fulton,SC08A,Public Service Commissioner,3,Democrat,Keisha Sean Waites,0
Fulton,SC08B,Public Service Commissioner,3,Democrat,Keisha Sean Waites,77
Fulton,SC08C,Public Service Commissioner,3,Democrat,Keisha Sean Waites,6
Fulton,SC08D,Public Service Commissioner,3,Democrat,Keisha Sean Waites,6
Fulton,SC08E,Public Service Commissioner,3,Democrat,Keisha Sean Waites,11
Fulton,SC08F,Public Service Commissioner,3,Democrat,Keisha Sean Waites,16
Fulton,SC08G,Public Service Commissioner,3,Democrat,Keisha Sean Waites,0
Fulton,SC08I,Public Service Commissioner,3,Democrat,Keisha Sean Waites,0
Fulton,SC08J,Public Service Commissioner,3,Democrat,Keisha Sean Waites,0
Fulton,SC08K,Public Service Commissioner,3,Democrat,Keisha Sean Waites,21
Fulton,SC09A,Public Service Commissioner,3,Democrat,Keisha Sean Waites,21
Fulton,SC09B,Public Service Commissioner,3,Democrat,Keisha Sean Waites,63
Fulton,SC09C,Public Service Commissioner,3,Democrat,Keisha Sean Waites,38
Fulton,SC10,Public Service Commissioner,3,Democrat,Keisha Sean Waites,20
Fulton,SC11A,Public Service Commissioner,3,Democrat,Keisha Sean Waites,38
Fulton,SC11B,Public Service Commissioner,3,Democrat,Keisha Sean Waites,45
Fulton,SC13,Public Service Commissioner,3,Democrat,Keisha Sean Waites,69
Fulton,SC13A,Public Service Commissioner,3,Democrat,Keisha Sean Waites,15
Fulton,SC14A,Public Service Commissioner,3,Democrat,Keisha Sean Waites,13
Fulton,SC15,Public Service Commissioner,3,Democrat,Keisha Sean Waites,94
Fulton,SC15A,Public Service Commissioner,3,Democrat,Keisha Sean Waites,94
Fulton,SC15B,Public Service Commissioner,3,Democrat,Keisha Sean Waites,11
Fulton,SC17A,Public Service Commissioner,3,Democrat,Keisha Sean Waites,5
Fulton,SC17B,Public Service Commissioner,3,Democrat,Keisha Sean Waites,0
Fulton,SC17C,Public Service Commissioner,3,Democrat,Keisha Sean Waites,52
Fulton,SC17D,Public Service Commissioner,3,Democrat,Keisha Sean Waites,0
Fulton,SC18A,Public Service Commissioner,3,Democrat,Keisha Sean Waites,11
Fulton,SC18B,Public Service Commissioner,3,Democrat,Keisha Sean Waites,32
Fulton,SC18C,Public Service Commissioner,3,Democrat,Keisha Sean Waites,98
Fulton,SC18D,Public Service Commissioner,3,Democrat,Keisha Sean Waites,12
Fulton,SC19A,Public Service Commissioner,3,Democrat,Keisha Sean Waites,16
Fulton,SC19B,Public Service Commissioner,3,Democrat,Keisha Sean Waites,30
Fulton,SC19C,Public Service Commissioner,3,Democrat,Keisha Sean Waites,8
Fulton,SC20,Public Service Commissioner,3,Democrat,Keisha Sean Waites,108
Fulton,SC20A,Public Service Commissioner,3,Democrat,Keisha Sean Waites,5
Fulton,SC211,Public Service Commissioner,3,Democrat,Keisha Sean Waites,25
Fulton,SC212,Public Service Commissioner,3,Democrat,Keisha Sean Waites,72
Fulton,SC23A,Public Service Commissioner,3,Democrat,Keisha Sean Waites,75
Fulton,SC23B,Public Service Commissioner,3,Democrat,Keisha Sean Waites,14
Fulton,SC23C,Public Service Commissioner,3,Democrat,Keisha Sean Waites,43
Fulton,SC23D,Public Service Commissioner,3,Democrat,Keisha Sean Waites,0
Fulton,SC27,Public Service Commissioner,3,Democrat,Keisha Sean Waites,60
Fulton,SC29A,Public Service Commissioner,3,Democrat,Keisha Sean Waites,55
Fulton,SC29C,Public Service Commissioner,3,Democrat,Keisha Sean Waites,19
Fulton,SC30A,Public Service Commissioner,3,Democrat,Keisha Sean Waites,0
Fulton,SC30B,Public Service Commissioner,3,Democrat,Keisha Sean Waites,15
Fulton,SC31,Public Service Commissioner,3,Democrat,Keisha Sean Waites,82
Fulton,SC32,Public Service Commissioner,3,Democrat,Keisha Sean Waites,108
Fulton,SS01,Public Service Commissioner,3,Democrat,Keisha Sean Waites,10
Fulton,SS01A,Public Service Commissioner,3,Democrat,Keisha Sean Waites,4
Fulton,SS02A,Public Service Commissioner,3,Democrat,Keisha Sean Waites,2
Fulton,SS02B,Public Service Commissioner,3,Democrat,Keisha Sean Waites,10
Fulton,SS03,Public Service Commissioner,3,Democrat,Keisha Sean Waites,7
Fulton,SS03A,Public Service Commissioner,3,Democrat,Keisha Sean Waites,3
Fulton,SS04,Public Service Commissioner,3,Democrat,Keisha Sean Waites,26
Fulton,SS04A,Public Service Commissioner,3,Democrat,Keisha Sean Waites,0
Fulton,SS05,Public Service Commissioner,3,Democrat,Keisha Sean Waites,7
Fulton,SS06,Public Service Commissioner,3,Democrat,Keisha Sean Waites,0
Fulton,SS06A,Public Service Commissioner,3,Democrat,Keisha Sean Waites,1
Fulton,SS07A,Public Service Commissioner,3,Democrat,Keisha Sean Waites,3
Fulton,SS07B,Public Service Commissioner,3,Democrat,Keisha Sean Waites,11
Fulton,SS07C,Public Service Commissioner,3,Democrat,Keisha Sean Waites,0
Fulton,SS07D,Public Service Commissioner,3,Democrat,Keisha Sean Waites,0
Fulton,SS08A,Public Service Commissioner,3,Democrat,Keisha Sean Waites,6
Fulton,SS08B,Public Service Commissioner,3,Democrat,Keisha Sean Waites,10
Fulton,SS08C,Public Service Commissioner,3,Democrat,Keisha Sean Waites,8
Fulton,SS08D,Public Service Commissioner,3,Democrat,Keisha Sean Waites,10
Fulton,SS08E,Public Service Commissioner,3,Democrat,Keisha Sean Waites,3
Fulton,SS09A,Public Service Commissioner,3,Democrat,Keisha Sean Waites,8
Fulton,SS09B,Public Service Commissioner,3,Democrat,Keisha Sean Waites,6
Fulton,SS11A,Public Service Commissioner,3,Democrat,Keisha Sean Waites,18
Fulton,SS11B,Public Service Commissioner,3,Democrat,Keisha Sean Waites,6
Fulton,SS11C,Public Service Commissioner,3,Democrat,Keisha Sean Waites,1
Fulton,SS11D,Public Service Commissioner,3,Democrat,Keisha Sean Waites,1
Fulton,SS12,Public Service Commissioner,3,Democrat,Keisha Sean Waites,10
Fulton,SS13A,Public Service Commissioner,3,Democrat,Keisha Sean Waites,8
Fulton,SS13B,Public Service Commissioner,3,Democrat,Keisha Sean Waites,8
Fulton,SS14,Public Service Commissioner,3,Democrat,Keisha Sean Waites,1
Fulton,SS15A,Public Service Commissioner,3,Democrat,Keisha Sean Waites,3
Fulton,SS15B,Public Service Commissioner,3,Democrat,Keisha Sean Waites,7
Fulton,SS15C,Public Service Commissioner,3,Democrat,Keisha Sean Waites,5
Fulton,SS16,Public Service Commissioner,3,Democrat,Keisha Sean Waites,1
Fulton,SS17,Public Service Commissioner,3,Democrat,Keisha Sean Waites,14
Fulton,SS18A,Public Service Commissioner,3,Democrat,Keisha Sean Waites,2
Fulton,SS18B,Public Service Commissioner,3,Democrat,Keisha Sean Waites,0
Fulton,SS18C,Public Service Commissioner,3,Democrat,Keisha Sean Waites,0
Fulton,SS19A,Public Service Commissioner,3,Democrat,Keisha Sean Waites,31
Fulton,SS19B,Public Service Commissioner,3,Democrat,Keisha Sean Waites,20
Fulton,SS20,Public Service Commissioner,3,Democrat,Keisha Sean Waites,7
Fulton,SS22,Public Service Commissioner,3,Democrat,Keisha Sean Waites,11
Fulton,SS26,Public Service Commissioner,3,Democrat,Keisha Sean Waites,24
Fulton,SS29A,Public Service Commissioner,3,Democrat,Keisha Sean Waites,6
Fulton,SS29C,Public Service Commissioner,3,Democrat,Keisha Sean Waites,9
Fulton,SS31,Public Service Commissioner,3,Democrat,Keisha Sean Waites,6
Fulton,UC01A,Public Service Commissioner,3,Democrat,Keisha Sean Waites,28
Fulton,UC01B,Public Service Commissioner,3,Democrat,Keisha Sean Waites,0
Fulton,UC01C,Public Service Commissioner,3,Democrat,Keisha Sean Waites,0
Fulton,UC01E,Public Service Commissioner,3,Democrat,Keisha Sean Waites,12
Fulton,UC02A,Public Service Commissioner,3,Democrat,Keisha Sean Waites,0
Fulton,UC02C,Public Service Commissioner,3,Democrat,Keisha Sean Waites,0
Fulton,UC02D,Public Service Commissioner,3,Democrat,Keisha Sean Waites,56
Fulton,UC02E,Public Service Commissioner,3,Democrat,Keisha Sean Waites,0
Fulton,UC02F,Public Service Commissioner,3,Democrat,Keisha Sean Waites,13
Fulton,UC02G,Public Service Commissioner,3,Democrat,Keisha Sean Waites,80
Fulton,UC031,Public Service Commissioner,3,Democrat,Keisha Sean Waites,41
Fulton,UC033,Public Service Commissioner,3,Democrat,Keisha Sean Waites,0
Fulton,05D,Public Service Commissioner,3,Democrat,Keisha Sean Waites,11
Fulton,05K,Public Service Commissioner,3,Democrat,Keisha Sean Waites,12
Fulton,06B,Public Service Commissioner,3,Democrat,Keisha Sean Waites,3
Fulton,06D,Public Service Commissioner,3,Democrat,Keisha Sean Waites,12
Fulton,06D1,Public Service Commissioner,3,Democrat,Keisha Sean Waites,5
Fulton,07N,Public Service Commissioner,3,Democrat,Keisha Sean Waites,9
Fulton,08A,Public Service Commissioner,3,Democrat,Keisha Sean Waites,7
Fulton,08B,Public Service Commissioner,3,Democrat,Keisha Sean Waites,2
Fulton,08C,Public Service Commissioner,3,Democrat,Keisha Sean Waites,0
Fulton,08C1,Public Service Commissioner,3,Democrat,Keisha Sean Waites,0
Fulton,08D,Public Service Commissioner,3,Democrat,Keisha Sean Waites,1
Fulton,08E,Public Service Commissioner,3,Democrat,Keisha Sean Waites,8
Fulton,04C,Public Service Commissioner,3,Democrat,Keisha Sean Waites,2
Fulton,04D,Public Service Commissioner,3,Democrat,Keisha Sean Waites,28
Fulton,04F,Public Service Commissioner,3,Democrat,Keisha Sean Waites,14
Fulton,04G,Public Service Commissioner,3,Democrat,Keisha Sean Waites,14
Fulton,04I,Public Service Commissioner,3,Democrat,Keisha Sean Waites,6
Fulton,04J,Public Service Commissioner,3,Democrat,Keisha Sean Waites,0
Fulton,04K,Public Service Commissioner,3,Democrat,Keisha Sean Waites,27
Fulton,04L,Public Service Commissioner,3,Democrat,Keisha Sean Waites,27
Fulton,04M,Public Service Commissioner,3,Democrat,Keisha Sean Waites,5
Fulton,04S,Public Service Commissioner,3,Democrat,Keisha Sean Waites,63
Fulton,04T,Public Service Commissioner,3,Democrat,Keisha Sean Waites,19
Fulton,04V,Public Service Commissioner,3,Democrat,Keisha Sean Waites,27
Fulton,04W,Public Service Commissioner,3,Democrat,Keisha Sean Waites,0
Fulton,04X1,Public Service Commissioner,3,Democrat,Keisha Sean Waites,21
Fulton,04X2,Public Service Commissioner,3,Democrat,Keisha Sean Waites,9
Fulton,05A1,Public Service Commissioner,3,Democrat,Keisha Sean Waites,63
Fulton,05A2,Public Service Commissioner,3,Democrat,Keisha Sean Waites,33
Fulton,05B,Public Service Commissioner,3,Democrat,Keisha Sean Waites,16
Fulton,05C,Public Service Commissioner,3,Democrat,Keisha Sean Waites,0
Fulton,01B,Public Service Commissioner,3,Democrat,Keisha Sean Waites,47
Fulton,01C,Public Service Commissioner,3,Democrat,Keisha Sean Waites,14
Fulton,01D,Public Service Commissioner,3,Democrat,Keisha Sean Waites,20
Fulton,01E,Public Service Commissioner,3,Democrat,Keisha Sean Waites,24
Fulton,01F,Public Service Commissioner,3,Democrat,Keisha Sean Waites,0
Fulton,01G,Public Service Commissioner,3,Democrat,Keisha Sean Waites,21
Fulton,01H,Public Service Commissioner,3,Democrat,Keisha Sean Waites,5
Fulton,01J,Public Service Commissioner,3,Democrat,Keisha Sean Waites,27
Fulton,01P,Public Service Commissioner,3,Democrat,Keisha Sean Waites,14
Fulton,01R,Public Service Commissioner,3,Democrat,Keisha Sean Waites,17
Fulton,01S,Public Service Commissioner,3,Democrat,Keisha Sean Waites,32
Fulton,01T,Public Service Commissioner,3,Democrat,Keisha Sean Waites,26
Fulton,02A,Public Service Commissioner,3,Democrat,Keisha Sean Waites,21
Fulton,02A1,Public Service Commissioner,3,Democrat,Keisha Sean Waites,2
Fulton,02B,Public Service Commissioner,3,Democrat,Keisha Sean Waites,13
Fulton,02C,Public Service Commissioner,3,Democrat,Keisha Sean Waites,9
Fulton,02D,Public Service Commissioner,3,Democrat,Keisha Sean Waites,34
Fulton,02E,Public Service Commissioner,3,Democrat,Keisha Sean Waites,15
Fulton,02F1,Public Service Commissioner,3,Democrat,Keisha Sean Waites,8
Fulton,02F2,Public Service Commissioner,3,Democrat,Keisha Sean Waites,3
Fulton,02G,Public Service Commissioner,3,Democrat,Keisha Sean Waites,16
Fulton,02J,Public Service Commissioner,3,Democrat,Keisha Sean Waites,12
Fulton,02K,Public Service Commissioner,3,Democrat,Keisha Sean Waites,4
Fulton,02L1,Public Service Commissioner,3,Democrat,Keisha Sean Waites,13
Fulton,02L1A,Public Service Commissioner,3,Democrat,Keisha Sean Waites,16
Fulton,02L1B,Public Service Commissioner,3,Democrat,Keisha Sean Waites,6
Fulton,02L2,Public Service Commissioner,3,Democrat,Keisha Sean Waites,11
Fulton,02S,Public Service Commissioner,3,Democrat,Keisha Sean Waites,11
Fulton,02W,Public Service Commissioner,3,Democrat,Keisha Sean Waites,3
Fulton,03A,Public Service Commissioner,3,Democrat,Keisha Sean Waites,29
Fulton,03B,Public Service Commissioner,3,Democrat,Keisha Sean Waites,0
Fulton,03C,Public Service Commissioner,3,Democrat,Keisha Sean Waites,35
Fulton,03D,Public Service Commissioner,3,Democrat,Keisha Sean Waites,13
Fulton,03E,Public Service Commissioner,3,Democrat,Keisha Sean Waites,24
Fulton,03F,Public Service Commissioner,3,Democrat,Keisha Sean Waites,8
Fulton,03G,Public Service Commissioner,3,Democrat,Keisha Sean Waites,12
Fulton,06D2,Public Service Commissioner,3,Democrat,Keisha Sean Waites,6
Fulton,06E,Public Service Commissioner,3,Democrat,Keisha Sean Waites,14
Fulton,06F,Public Service Commissioner,3,Democrat,Keisha Sean Waites,8
Fulton,06G,Public Service Commissioner,3,Democrat,Keisha Sean Waites,2
Fulton,06I,Public Service Commissioner,3,Democrat,Keisha Sean Waites,16
Fulton,06J,Public Service Commissioner,3,Democrat,Keisha Sean Waites,9
Fulton,06L1,Public Service Commissioner,3,Democrat,Keisha Sean Waites,3
Fulton,06L2,Public Service Commissioner,3,Democrat,Keisha Sean Waites,1
Fulton,06N,Public Service Commissioner,3,Democrat,Keisha Sean Waites,10
Fulton,06Q,Public Service Commissioner,3,Democrat,Keisha Sean Waites,3
Fulton,06R,Public Service Commissioner,3,Democrat,Keisha Sean Waites,6
Fulton,06R1,Public Service Commissioner,3,Democrat,Keisha Sean Waites,0
Fulton,07A,Public Service Commissioner,3,Democrat,Keisha Sean Waites,10
Fulton,07A1,Public Service Commissioner,3,Democrat,Keisha Sean Waites,12
Fulton,07B,Public Service Commissioner,3,Democrat,Keisha Sean Waites,2
Fulton,07C,Public Service Commissioner,3,Democrat,Keisha Sean Waites,18
Fulton,07D,Public Service Commissioner,3,Democrat,Keisha Sean Waites,12
Fulton,07D1,Public Service Commissioner,3,Democrat,Keisha Sean Waites,12
Fulton,07E,Public Service Commissioner,3,Democrat,Keisha Sean Waites,9
Fulton,07F,Public Service Commissioner,3,Democrat,Keisha Sean Waites,2
Fulton,07F1,Public Service Commissioner,3,Democrat,Keisha Sean Waites,11
Fulton,07H,Public Service Commissioner,3,Democrat,Keisha Sean Waites,9
Fulton,07J,Public Service Commissioner,3,Democrat,Keisha Sean Waites,15
Fulton,07M,Public Service Commissioner,3,Democrat,Keisha Sean Waites,10
Fulton,03H,Public Service Commissioner,3,Democrat,Keisha Sean Waites,7
Fulton,03I,Public Service Commissioner,3,Democrat,Keisha Sean Waites,1
Fulton,03L,Public Service Commissioner,3,Democrat,Keisha Sean Waites,5
Fulton,03M,Public Service Commissioner,3,Democrat,Keisha Sean Waites,4
Fulton,03N,Public Service Commissioner,3,Democrat,Keisha Sean Waites,12
Fulton,03P1A,Public Service Commissioner,3,Democrat,Keisha Sean Waites,13
Fulton,03P2,Public Service Commissioner,3,Democrat,Keisha Sean Waites,0
Fulton,03S,Public Service Commissioner,3,Democrat,Keisha Sean Waites,17
Fulton,03T,Public Service Commissioner,3,Democrat,Keisha Sean Waites,11
Fulton,04A,Public Service Commissioner,3,Democrat,Keisha Sean Waites,7
Fulton,04B,Public Service Commissioner,3,Democrat,Keisha Sean Waites,15
Fulton,01A,Public Service Commissioner,3,Democrat,Peter Hubbard,275
Fulton,01B,Public Service Commissioner,3,Democrat,Peter Hubbard,469
Fulton,01C,Public Service Commissioner,3,Democrat,Peter Hubbard,30
Fulton,01D,Public Service Commissioner,3,Democrat,Peter Hubbard,36
Fulton,01E,Public Service Commissioner,3,Democrat,Peter Hubbard,216
Fulton,01F,Public Service Commissioner,3,Democrat,Peter Hubbard,0
Fulton,01G,Public Service Commissioner,3,Democrat,Peter Hubbard,60
Fulton,01H,Public Service Commissioner,3,Democrat,Peter Hubbard,1
Fulton,01J,Public Service Commissioner,3,Democrat,Peter Hubbard,37
Fulton,01P,Public Service Commissioner,3,Democrat,Peter Hubbard,11
Fulton,01R,Public Service Commissioner,3,Democrat,Peter Hubbard,7
Fulton,01S,Public Service Commissioner,3,Democrat,Peter Hubbard,24
Fulton,01T,Public Service Commissioner,3,Democrat,Peter Hubbard,61
Fulton,02A,Public Service Commissioner,3,Democrat,Peter Hubbard,110
Fulton,02A1,Public Service Commissioner,3,Democrat,Peter Hubbard,41
Fulton,02B,Public Service Commissioner,3,Democrat,Peter Hubbard,38
Fulton,02C,Public Service Commissioner,3,Democrat,Peter Hubbard,49
Fulton,02D,Public Service Commissioner,3,Democrat,Peter Hubbard,124
Fulton,02E,Public Service Commissioner,3,Democrat,Peter Hubbard,253
Fulton,02F1,Public Service Commissioner,3,Democrat,Peter Hubbard,143
Fulton,02F2,Public Service Commissioner,3,Democrat,Peter Hubbard,13
Fulton,02G,Public Service Commissioner,3,Democrat,Peter Hubbard,164
Fulton,02J,Public Service Commissioner,3,Democrat,Peter Hubbard,110
Fulton,02K,Public Service Commissioner,3,Democrat,Peter Hubbard,58
Fulton,02L1,Public Service Commissioner,3,Democrat,Peter Hubbard,41
Fulton,02L1A,Public Service Commissioner,3,Democrat,Peter Hubbard,61
Fulton,02L1B,Public Service Commissioner,3,Democrat,Peter Hubbard,106
Fulton,02L2,Public Service Commissioner,3,Democrat,Peter Hubbard,41
Fulton,02S,Public Service Commissioner,3,Democrat,Peter Hubbard,20
Fulton,02W,Public Service Commissioner,3,Democrat,Peter Hubbard,20
Fulton,03A,Public Service Commissioner,3,Democrat,Peter Hubbard,22
Fulton,03B,Public Service Commissioner,3,Democrat,Peter Hubbard,0
Fulton,03C,Public Service Commissioner,3,Democrat,Peter Hubbard,20
Fulton,03D,Public Service Commissioner,3,Democrat,Peter Hubbard,23
Fulton,03E,Public Service Commissioner,3,Democrat,Peter Hubbard,20
Fulton,03F,Public Service Commissioner,3,Democrat,Peter Hubbard,28
Fulton,03G,Public Service Commissioner,3,Democrat,Peter Hubbard,5
Fulton,03H,Public Service Commissioner,3,Democrat,Peter Hubbard,13
Fulton,03I,Public Service Commissioner,3,Democrat,Peter Hubbard,11
Fulton,03L,Public Service Commissioner,3,Democrat,Peter Hubbard,0
Fulton,03M,Public Service Commissioner,3,Democrat,Peter Hubbard,57
Fulton,03N,Public Service Commissioner,3,Democrat,Peter Hubbard,11
Fulton,03P1A,Public Service Commissioner,3,Democrat,Peter Hubbard,49
Fulton,03P2,Public Service Commissioner,3,Democrat,Peter Hubbard,0
Fulton,03S,Public Service Commissioner,3,Democrat,Peter Hubbard,2
Fulton,03T,Public Service Commissioner,3,Democrat,Peter Hubbard,15
Fulton,04A,Public Service Commissioner,3,Democrat,Peter Hubbard,28
Fulton,04B,Public Service Commissioner,3,Democrat,Peter Hubbard,13
Fulton,04C,Public Service Commissioner,3,Democrat,Peter Hubbard,3
Fulton,04D,Public Service Commissioner,3,Democrat,Peter Hubbard,34
Fulton,04F,Public Service Commissioner,3,Democrat,Peter Hubbard,24
Fulton,04G,Public Service Commissioner,3,Democrat,Peter Hubbard,28
Fulton,04I,Public Service Commissioner,3,Democrat,Peter Hubbard,23
Fulton,04J,Public Service Commissioner,3,Democrat,Peter Hubbard,0
Fulton,04K,Public Service Commissioner,3,Democrat,Peter Hubbard,41
Fulton,04L,Public Service Commissioner,3,Democrat,Peter Hubbard,62
Fulton,04M,Public Service Commissioner,3,Democrat,Peter Hubbard,10
Fulton,04S,Public Service Commissioner,3,Democrat,Peter Hubbard,57
Fulton,04T,Public Service Commissioner,3,Democrat,Peter Hubbard,27
Fulton,04V,Public Service Commissioner,3,Democrat,Peter Hubbard,17
Fulton,04W,Public Service Commissioner,3,Democrat,Peter Hubbard,0
Fulton,04X1,Public Service Commissioner,3,Democrat,Peter Hubbard,66
Fulton,04X2,Public Service Commissioner,3,Democrat,Peter Hubbard,14
Fulton,05A1,Public Service Commissioner,3,Democrat,Peter Hubbard,230
Fulton,05A2,Public Service Commissioner,3,Democrat,Peter Hubbard,229
Fulton,05B,Public Service Commissioner,3,Democrat,Peter Hubbard,21
Fulton,05C,Public Service Commissioner,3,Democrat,Peter Hubbard,0
Fulton,05D,Public Service Commissioner,3,Democrat,Peter Hubbard,23
Fulton,05K,Public Service Commissioner,3,Democrat,Peter Hubbard,25
Fulton,06B,Public Service Commissioner,3,Democrat,Peter Hubbard,98
Fulton,06D,Public Service Commissioner,3,Democrat,Peter Hubbard,92
Fulton,06D1,Public Service Commissioner,3,Democrat,Peter Hubbard,249
Fulton,06D2,Public Service Commissioner,3,Democrat,Peter Hubbard,131
Fulton,06E,Public Service Commissioner,3,Democrat,Peter Hubbard,77
Fulton,06F,Public Service Commissioner,3,Democrat,Peter Hubbard,184
Fulton,06G,Public Service Commissioner,3,Democrat,Peter Hubbard,30
Fulton,06I,Public Service Commissioner,3,Democrat,Peter Hubbard,41
Fulton,06J,Public Service Commissioner,3,Democrat,Peter Hubbard,200
Fulton,06L1,Public Service Commissioner,3,Democrat,Peter Hubbard,67
Fulton,06L2,Public Service Commissioner,3,Democrat,Peter Hubbard,33
Fulton,06N,Public Service Commissioner,3,Democrat,Peter Hubbard,51
Fulton,06Q,Public Service Commissioner,3,Democrat,Peter Hubbard,7
Fulton,06R,Public Service Commissioner,3,Democrat,Peter Hubbard,94
Fulton,06R1,Public Service Commissioner,3,Democrat,Peter Hubbard,0
Fulton,07A,Public Service Commissioner,3,Democrat,Peter Hubbard,50
Fulton,07A1,Public Service Commissioner,3,Democrat,Peter Hubbard,53
Fulton,07B,Public Service Commissioner,3,Democrat,Peter Hubbard,56
Fulton,07C,Public Service Commissioner,3,Democrat,Peter Hubbard,125
Fulton,07D,Public Service Commissioner,3,Democrat,Peter Hubbard,30
Fulton,07D1,Public Service Commissioner,3,Democrat,Peter Hubbard,24
Fulton,07E,Public Service Commissioner,3,Democrat,Peter Hubbard,67
Fulton,07F,Public Service Commissioner,3,Democrat,Peter Hubbard,8
Fulton,07F1,Public Service Commissioner,3,Democrat,Peter Hubbard,78
Fulton,07H,Public Service Commissioner,3,Democrat,Peter Hubbard,69
Fulton,07J,Public Service Commissioner,3,Democrat,Peter Hubbard,103
Fulton,07M,Public Service Commissioner,3,Democrat,Peter Hubbard,37
Fulton,07N,Public Service Commissioner,3,Democrat,Peter Hubbard,22
Fulton,08A,Public Service Commissioner,3,Democrat,Peter Hubbard,36
Fulton,08B,Public Service Commissioner,3,Democrat,Peter Hubbard,50
Fulton,08C,Public Service Commissioner,3,Democrat,Peter Hubbard,6
Fulton,08C1,Public Service Commissioner,3,Democrat,Peter Hubbard,21
Fulton,08D,Public Service Commissioner,3,Democrat,Peter Hubbard,27
Fulton,08E,Public Service Commissioner,3,Democrat,Peter Hubbard,59
Fulton,08F1,Public Service Commissioner,3,Democrat,Peter Hubbard,30
Fulton,08F2,Public Service Commissioner,3,Democrat,Peter Hubbard,0
Fulton,08G,Public Service Commissioner,3,Democrat,Peter Hubbard,45
Fulton,08H,Public Service Commissioner,3,Democrat,Peter Hubbard,64
Fulton,08J,Public Service Commissioner,3,Democrat,Peter Hubbard,47
Fulton,08K,Public Service Commissioner,3,Democrat,Peter Hubbard,23
Fulton,08L,Public Service Commissioner,3,Democrat,Peter Hubbard,110
Fulton,08M,Public Service Commissioner,3,Democrat,Peter Hubbard,35
Fulton,08N1,Public Service Commissioner,3,Democrat,Peter Hubbard,17
Fulton,08N2,Public Service Commissioner,3,Democrat,Peter Hubbard,27
Fulton,08P,Public Service Commissioner,3,Democrat,Peter Hubbard,4
Fulton,08P1,Public Service Commissioner,3,Democrat,Peter Hubbard,11
Fulton,09A,Public Service Commissioner,3,Democrat,Peter Hubbard,93
Fulton,09B,Public Service Commissioner,3,Democrat,Peter Hubbard,0
Fulton,09C,Public Service Commissioner,3,Democrat,Peter Hubbard,46
Fulton,09D,Public Service Commissioner,3,Democrat,Peter Hubbard,19
Fulton,09E,Public Service Commissioner,3,Democrat,Peter Hubbard,33
Fulton,09F,Public Service Commissioner,3,Democrat,Peter Hubbard,83
Fulton,09G,Public Service Commissioner,3,Democrat,Peter Hubbard,7
Fulton,09H,Public Service Commissioner,3,Democrat,Peter Hubbard,13
Fulton,09I,Public Service Commissioner,3,Democrat,Peter Hubbard,6
Fulton,09J,Public Service Commissioner,3,Democrat,Peter Hubbard,0
Fulton,09K,Public Service Commissioner,3,Democrat,Peter Hubbard,20
Fulton,09K1,Public Service Commissioner,3,Democrat,Peter Hubbard,20
Fulton,09L,Public Service Commissioner,3,Democrat,Peter Hubbard,15
Fulton,09M,Public Service Commissioner,3,Democrat,Peter Hubbard,104
Fulton,09N,Public Service Commissioner,3,Democrat,Peter Hubbard,79
Fulton,10A,Public Service Commissioner,3,Democrat,Peter Hubbard,34
Fulton,10B,Public Service Commissioner,3,Democrat,Peter Hubbard,93
Fulton,10B1,Public Service Commissioner,3,Democrat,Peter Hubbard,15
Fulton,10C,Public Service Commissioner,3,Democrat,Peter Hubbard,10
Fulton,10D,Public Service Commissioner,3,Democrat,Peter Hubbard,1
Fulton,10D1,Public Service Commissioner,3,Democrat,Peter Hubbard,15
Fulton,10D2,Public Service Commissioner,3,Democrat,Peter Hubbard,9
Fulton,10E,Public Service Commissioner,3,Democrat,Peter Hubbard,14
Fulton,10F,Public Service Commissioner,3,Democrat,Peter Hubbard,11
Fulton,10G,Public Service Commissioner,3,Democrat,Peter Hubbard,37
Fulton,10H1,Public Service Commissioner,3,Democrat,Peter Hubbard,9
Fulton,10H2,Public Service Commissioner,3,Democrat,Peter Hubbard,11
Fulton,10I,Public Service Commissioner,3,Democrat,Peter Hubbard,18
Fulton,10J,Public Service Commissioner,3,Democrat,Peter Hubbard,6
Fulton,10K,Public Service Commissioner,3,Democrat,Peter Hubbard,46
Fulton,10M,Public Service Commissioner,3,Democrat,Peter Hubbard,80
Fulton,10P,Public Service Commissioner,3,Democrat,Peter Hubbard,18
Fulton,10R,Public Service Commissioner,3,Democrat,Peter Hubbard,3
Fulton,11B,Public Service Commissioner,3,Democrat,Peter Hubbard,68
Fulton,11B1,Public Service Commissioner,3,Democrat,Peter Hubbard,23
Fulton,11B3,Public Service Commissioner,3,Democrat,Peter Hubbard,6
Fulton,11C,Public Service Commissioner,3,Democrat,Peter Hubbard,15
Fulton,11C2,Public Service Commissioner,3,Democrat,Peter Hubbard,51
Fulton,11C3,Public Service Commissioner,3,Democrat,Peter Hubbard,22
Fulton,11E1,Public Service Commissioner,3,Democrat,Peter Hubbard,15
Fulton,11E2,Public Service Commissioner,3,Democrat,Peter Hubbard,16
Fulton,11E3,Public Service Commissioner,3,Democrat,Peter Hubbard,43
Fulton,11G,Public Service Commissioner,3,Democrat,Peter Hubbard,5
Fulton,11H,Public Service Commissioner,3,Democrat,Peter Hubbard,18
Fulton,11J,Public Service Commissioner,3,Democrat,Peter Hubbard,23
Fulton,11K,Public Service Commissioner,3,Democrat,Peter Hubbard,73
Fulton,11M,Public Service Commissioner,3,Democrat,Peter Hubbard,29
Fulton,11M1,Public Service Commissioner,3,Democrat,Peter Hubbard,24
Fulton,11N,Public Service Commissioner,3,Democrat,Peter Hubbard,50
Fulton,11P,Public Service Commissioner,3,Democrat,Peter Hubbard,16
Fulton,11R,Public Service Commissioner,3,Democrat,Peter Hubbard,14
Fulton,12A,Public Service Commissioner,3,Democrat,Peter Hubbard,66
Fulton,12A1,Public Service Commissioner,3,Democrat,Peter Hubbard,145
Fulton,12D,Public Service Commissioner,3,Democrat,Peter Hubbard,10
Fulton,12E1,Public Service Commissioner,3,Democrat,Peter Hubbard,4
Fulton,12F,Public Service Commissioner,3,Democrat,Peter Hubbard,6
Fulton,12G,Public Service Commissioner,3,Democrat,Peter Hubbard,7
Fulton,12H1,Public Service Commissioner,3,Democrat,Peter Hubbard,2
Fulton,12H2,Public Service Commissioner,3,Democrat,Peter Hubbard,16
Fulton,12I,Public Service Commissioner,3,Democrat,Peter Hubbard,4
Fulton,12J,Public Service Commissioner,3,Democrat,Peter Hubbard,24
Fulton,12K,Public Service Commissioner,3,Democrat,Peter Hubbard,67
Fulton,12L,Public Service Commissioner,3,Democrat,Peter Hubbard,5
Fulton,12M,Public Service Commissioner,3,Democrat,Peter Hubbard,23
Fulton,12N,Public Service Commissioner,3,Democrat,Peter Hubbard,11
Fulton,12S,Public Service Commissioner,3,Democrat,Peter Hubbard,33
Fulton,AP01A,Public Service Commissioner,3,Democrat,Peter Hubbard,45
Fulton,AP01B,Public Service Commissioner,3,Democrat,Peter Hubbard,15
Fulton,AP01C,Public Service Commissioner,3,Democrat,Peter Hubbard,43
Fulton,AP01D,Public Service Commissioner,3,Democrat,Peter Hubbard,15
Fulton,AP021,Public Service Commissioner,3,Democrat,Peter Hubbard,32
Fulton,AP022,Public Service Commissioner,3,Democrat,Peter Hubbard,20
Fulton,AP023,Public Service Commissioner,3,Democrat,Peter Hubbard,4
Fulton,AP02B,Public Service Commissioner,3,Democrat,Peter Hubbard,2
Fulton,AP03,Public Service Commissioner,3,Democrat,Peter Hubbard,6
Fulton,AP04A,Public Service Commissioner,3,Democrat,Peter Hubbard,30
Fulton,AP04B,Public Service Commissioner,3,Democrat,Peter Hubbard,8
Fulton,AP05,Public Service Commissioner,3,Democrat,Peter Hubbard,26
Fulton,AP06,Public Service Commissioner,3,Democrat,Peter Hubbard,19
Fulton,AP07A,Public Service Commissioner,3,Democrat,Peter Hubbard,43
Fulton,AP07C,Public Service Commissioner,3,Democrat,Peter Hubbard,7
Fulton,AP09A,Public Service Commissioner,3,Democrat,Peter Hubbard,38
Fulton,AP09B,Public Service Commissioner,3,Democrat,Peter Hubbard,5
Fulton,AP10,Public Service Commissioner,3,Democrat,Peter Hubbard,12
Fulton,AP12A,Public Service Commissioner,3,Democrat,Peter Hubbard,5
Fulton,AP12B,Public Service Commissioner,3,Democrat,Peter Hubbard,6
Fulton,AP12C,Public Service Commissioner,3,Democrat,Peter Hubbard,28
Fulton,AP14,Public Service Commissioner,3,Democrat,Peter Hubbard,0
Fulton,AP14A,Public Service Commissioner,3,Democrat,Peter Hubbard,29
Fulton,CH01,Public Service Commissioner,3,Democrat,Peter Hubbard,0
Fulton,CH01B,Public Service Commissioner,3,Democrat,Peter Hubbard,0
Fulton,CH02,Public Service Commissioner,3,Democrat,Peter Hubbard,0
Fulton,CH03,Public Service Commissioner,3,Democrat,Peter Hubbard,7
Fulton,CH04A,Public Service Commissioner,3,Democrat,Peter Hubbard,4
Fulton,CH05,Public Service Commissioner,3,Democrat,Peter Hubbard,0
Fulton,CH05A,Public Service Commissioner,3,Democrat,Peter Hubbard,0
Fulton,CP011,Public Service Commissioner,3,Democrat,Peter Hubbard,23
Fulton,CP012,Public Service Commissioner,3,Democrat,Peter Hubbard,26
Fulton,CP01B,Public Service Commissioner,3,Democrat,Peter Hubbard,7
Fulton,CP02,Public Service Commissioner,3,Democrat,Peter Hubbard,17
Fulton,CP04A,Public Service Commissioner,3,Democrat,Peter Hubbard,0
Fulton,CP05B,Public Service Commissioner,3,Democrat,Peter Hubbard,0
Fulton,CP05C,Public Service Commissioner,3,Democrat,Peter Hubbard,34
Fulton,CP06A,Public Service Commissioner,3,Democrat,Peter Hubbard,0
Fulton,CP06B,Public Service Commissioner,3,Democrat,Peter Hubbard,0
Fulton,CP07A,Public Service Commissioner,3,Democrat,Peter Hubbard,3
Fulton,CP07B,Public Service Commissioner,3,Democrat,Peter Hubbard,0
Fulton,CP07C,Public Service Commissioner,3,Democrat,Peter Hubbard,0
Fulton,CP07D,Public Service Commissioner,3,Democrat,Peter Hubbard,0
Fulton,CP081,Public Service Commissioner,3,Democrat,Peter Hubbard,0
Fulton,CP083,Public Service Commissioner,3,Democrat,Peter Hubbard,0
Fulton,CP084,Public Service Commissioner,3,Democrat,Peter Hubbard,0
Fulton,CP08A,Public Service Commissioner,3,Democrat,Peter Hubbard,0
Fulton,EP01A,Public Service Commissioner,3,Democrat,Peter Hubbard,59
Fulton,EP01B,Public Service Commissioner,3,Democrat,Peter Hubbard,31
Fulton,EP01C,Public Service Commissioner,3,Democrat,Peter Hubbard,10
Fulton,EP01D,Public Service Commissioner,3,Democrat,Peter Hubbard,3
Fulton,EP02A,Public Service Commissioner,3,Democrat,Peter Hubbard,21
Fulton,EP02B,Public Service Commissioner,3,Democrat,Peter Hubbard,67
Fulton,EP02C,Public Service Commissioner,3,Democrat,Peter Hubbard,13
Fulton,EP02D,Public Service Commissioner,3,Democrat,Peter Hubbard,5
Fulton,EP02E,Public Service Commissioner,3,Democrat,Peter Hubbard,26
Fulton,EP03A,Public Service Commissioner,3,Democrat,Peter Hubbard,59
Fulton,EP03B,Public Service Commissioner,3,Democrat,Peter Hubbard,28
Fulton,EP03C,Public Service Commissioner,3,Democrat,Peter Hubbard,8
Fulton,EP04A,Public Service Commissioner,3,Democrat,Peter Hubbard,9
Fulton,EP04B,Public Service Commissioner,3,Democrat,Peter Hubbard,19
Fulton,EP04C,Public Service Commissioner,3,Democrat,Peter Hubbard,7
Fulton,EP04D,Public Service Commissioner,3,Democrat,Peter Hubbard,25
Fulton,FA01A,Public Service Commissioner,3,Democrat,Peter Hubbard,25
Fulton,FA01B,Public Service Commissioner,3,Democrat,Peter Hubbard,38
Fulton,FA01C,Public Service Commissioner,3,Democrat,Peter Hubbard,2
Fulton,FA01D,Public Service Commissioner,3,Democrat,Peter Hubbard,0
Fulton,FC02,Public Service Commissioner,3,Democrat,Peter Hubbard,0
Fulton,HP01,Public Service Commissioner,3,Democrat,Peter Hubbard,76
Fulton,JC01,Public Service Commissioner,3,Democrat,Peter Hubbard,33
Fulton,JC01A,Public Service Commissioner,3,Democrat,Peter Hubbard,6
Fulton,JC02,Public Service Commissioner,3,Democrat,Peter Hubbard,17
Fulton,JC03A,Public Service Commissioner,3,Democrat,Peter Hubbard,8
Fulton,JC03B,Public Service Commissioner,3,Democrat,Peter Hubbard,2
Fulton,JC04A,Public Service Commissioner,3,Democrat,Peter Hubbard,14
Fulton,JC04B,Public Service Commissioner,3,Democrat,Peter Hubbard,0
Fulton,JC04C,Public Service Commissioner,3,Democrat,Peter Hubbard,9
Fulton,JC05,Public Service Commissioner,3,Democrat,Peter Hubbard,25
Fulton,JC06,Public Service Commissioner,3,Democrat,Peter Hubbard,9
Fulton,JC07,Public Service Commissioner,3,Democrat,Peter Hubbard,25
Fulton,JC08,Public Service Commissioner,3,Democrat,Peter Hubbard,24
Fulton,JC09,Public Service Commissioner,3,Democrat,Peter Hubbard,30
Fulton,JC10,Public Service Commissioner,3,Democrat,Peter Hubbard,23
Fulton,JC11,Public Service Commissioner,3,Democrat,Peter Hubbard,14
Fulton,JC12,Public Service Commissioner,3,Democrat,Peter Hubbard,24
Fulton,JC13A,Public Service Commissioner,3,Democrat,Peter Hubbard,7
Fulton,JC13B,Public Service Commissioner,3,Democrat,Peter Hubbard,0
Fulton,JC14,Public Service Commissioner,3,Democrat,Peter Hubbard,12
Fulton,JC15,Public Service Commissioner,3,Democrat,Peter Hubbard,6
Fulton,JC16,Public Service Commissioner,3,Democrat,Peter Hubbard,37
Fulton,JC18,Public Service Commissioner,3,Democrat,Peter Hubbard,42
Fulton,JC19,Public Service Commissioner,3,Democrat,Peter Hubbard,15
Fulton,JC19A,Public Service Commissioner,3,Democrat,Peter Hubbard,31
Fulton,ML01A,Public Service Commissioner,3,Democrat,Peter Hubbard,15
Fulton,ML01B,Public Service Commissioner,3,Democrat,Peter Hubbard,9
Fulton,ML01C,Public Service Commissioner,3,Democrat,Peter Hubbard,0
Fulton,ML02A,Public Service Commissioner,3,Democrat,Peter Hubbard,15
Fulton,ML02B,Public Service Commissioner,3,Democrat,Peter Hubbard,8
Fulton,ML03,Public Service Commissioner,3,Democrat,Peter Hubbard,28
Fulton,ML03A,Public Service Commissioner,3,Democrat,Peter Hubbard,3
Fulton,ML04,Public Service Commissioner,3,Democrat,Peter Hubbard,22
Fulton,ML05,Public Service Commissioner,3,Democrat,Peter Hubbard,30
Fulton,ML06A,Public Service Commissioner,3,Democrat,Peter Hubbard,6
Fulton,ML06B,Public Service Commissioner,3,Democrat,Peter Hubbard,16
Fulton,ML07A,Public Service Commissioner,3,Democrat,Peter Hubbard,4
Fulton,ML07B,Public Service Commissioner,3,Democrat,Peter Hubbard,7
Fulton,MP01,Public Service Commissioner,3,Democrat,Peter Hubbard,31
Fulton,PA01,Public Service Commissioner,3,Democrat,Peter Hubbard,21
Fulton,RW01,Public Service Commissioner,3,Democrat,Peter Hubbard,100
Fulton,RW02,Public Service Commissioner,3,Democrat,Peter Hubbard,82
Fulton,RW03,Public Service Commissioner,3,Democrat,Peter Hubbard,11
Fulton,RW03A,Public Service Commissioner,3,Democrat,Peter Hubbard,14
Fulton,RW03B,Public Service Commissioner,3,Democrat,Peter Hubbard,34
Fulton,RW03C,Public Service Commissioner,3,Democrat,Peter Hubbard,26
Fulton,RW04,Public Service Commissioner,3,Democrat,Peter Hubbard,53
Fulton,RW05,Public Service Commissioner,3,Democrat,Peter Hubbard,17
Fulton,RW05A,Public Service Commissioner,3,Democrat,Peter Hubbard,8
Fulton,RW06,Public Service Commissioner,3,Democrat,Peter Hubbard,58
Fulton,RW07A,Public Service Commissioner,3,Democrat,Peter Hubbard,12
Fulton,RW07B,Public Service Commissioner,3,Democrat,Peter Hubbard,5
Fulton,RW08,Public Service Commissioner,3,Democrat,Peter Hubbard,27
Fulton,RW09,Public Service Commissioner,3,Democrat,Peter Hubbard,55
Fulton,RW09A,Public Service Commissioner,3,Democrat,Peter Hubbard,26
Fulton,RW10,Public Service Commissioner,3,Democrat,Peter Hubbard,52
Fulton,RW10A,Public Service Commissioner,3,Democrat,Peter Hubbard,15
Fulton,RW11A,Public Service Commissioner,3,Democrat,Peter Hubbard,35
Fulton,RW12,Public Service Commissioner,3,Democrat,Peter Hubbard,46
Fulton,RW12A,Public Service Commissioner,3,Democrat,Peter Hubbard,38
Fulton,RW13,Public Service Commissioner,3,Democrat,Peter Hubbard,59
Fulton,RW16,Public Service Commissioner,3,Democrat,Peter Hubbard,29
Fulton,RW17,Public Service Commissioner,3,Democrat,Peter Hubbard,76
Fulton,RW19,Public Service Commissioner,3,Democrat,Peter Hubbard,37
Fulton,RW20,Public Service Commissioner,3,Democrat,Peter Hubbard,88
Fulton,RW21A,Public Service Commissioner,3,Democrat,Peter Hubbard,47
Fulton,SC01A,Public Service Commissioner,3,Democrat,Peter Hubbard,0
Fulton,SC01B,Public Service Commissioner,3,Democrat,Peter Hubbard,29
Fulton,SC01C,Public Service Commissioner,3,Democrat,Peter Hubbard,41
Fulton,SC01D,Public Service Commissioner,3,Democrat,Peter Hubbard,3
Fulton,SC02,Public Service Commissioner,3,Democrat,Peter Hubbard,18
Fulton,SC02A,Public Service Commissioner,3,Democrat,Peter Hubbard,23
Fulton,SC05A,Public Service Commissioner,3,Democrat,Peter Hubbard,8
Fulton,SC05B,Public Service Commissioner,3,Democrat,Peter Hubbard,12
Fulton,SC05C,Public Service Commissioner,3,Democrat,Peter Hubbard,24
Fulton,SC05D,Public Service Commissioner,3,Democrat,Peter Hubbard,21
Fulton,SC05E,Public Service Commissioner,3,Democrat,Peter Hubbard,11
Fulton,SC05G,Public Service Commissioner,3,Democrat,Peter Hubbard,3
Fulton,SC05H,Public Service Commissioner,3,Democrat,Peter Hubbard,4
Fulton,SC07A,Public Service Commissioner,3,Democrat,Peter Hubbard,56
Fulton,SC07C,Public Service Commissioner,3,Democrat,Peter Hubbard,0
Fulton,SC07D,Public Service Commissioner,3,Democrat,Peter Hubbard,5
Fulton,SC07F,Public Service Commissioner,3,Democrat,Peter Hubbard,0
Fulton,SC08A,Public Service Commissioner,3,Democrat,Peter Hubbard,0
Fulton,SC08B,Public Service Commissioner,3,Democrat,Peter Hubbard,28
Fulton,SC08C,Public Service Commissioner,3,Democrat,Peter Hubbard,1
Fulton,SC08D,Public Service Commissioner,3,Democrat,Peter Hubbard,5
Fulton,SC08E,Public Service Commissioner,3,Democrat,Peter Hubbard,6
Fulton,SC08F,Public Service Commissioner,3,Democrat,Peter Hubbard,6
Fulton,SC08G,Public Service Commissioner,3,Democrat,Peter Hubbard,0
Fulton,SC08I,Public Service Commissioner,3,Democrat,Peter Hubbard,0
Fulton,SC08J,Public Service Commissioner,3,Democrat,Peter Hubbard,0
Fulton,SC08K,Public Service Commissioner,3,Democrat,Peter Hubbard,6
Fulton,SC09A,Public Service Commissioner,3,Democrat,Peter Hubbard,12
Fulton,SC09B,Public Service Commissioner,3,Democrat,Peter Hubbard,31
Fulton,SC09C,Public Service Commissioner,3,Democrat,Peter Hubbard,8
Fulton,SC10,Public Service Commissioner,3,Democrat,Peter Hubbard,4
Fulton,SC11A,Public Service Commissioner,3,Democrat,Peter Hubbard,18
Fulton,SC11B,Public Service Commissioner,3,Democrat,Peter Hubbard,21
Fulton,SC13,Public Service Commissioner,3,Democrat,Peter Hubbard,38
Fulton,SC13A,Public Service Commissioner,3,Democrat,Peter Hubbard,10
Fulton,SC14A,Public Service Commissioner,3,Democrat,Peter Hubbard,8
Fulton,SC15,Public Service Commissioner,3,Democrat,Peter Hubbard,50
Fulton,SC15A,Public Service Commissioner,3,Democrat,Peter Hubbard,47
Fulton,SC15B,Public Service Commissioner,3,Democrat,Peter Hubbard,4
Fulton,SC17A,Public Service Commissioner,3,Democrat,Peter Hubbard,0
Fulton,SC17B,Public Service Commissioner,3,Democrat,Peter Hubbard,0
Fulton,SC17C,Public Service Commissioner,3,Democrat,Peter Hubbard,14
Fulton,SC17D,Public Service Commissioner,3,Democrat,Peter Hubbard,0
Fulton,SC18A,Public Service Commissioner,3,Democrat,Peter Hubbard,11
Fulton,SC18B,Public Service Commissioner,3,Democrat,Peter Hubbard,31
Fulton,SC18C,Public Service Commissioner,3,Democrat,Peter Hubbard,20
Fulton,SC18D,Public Service Commissioner,3,Democrat,Peter Hubbard,6
Fulton,SC19A,Public Service Commissioner,3,Democrat,Peter Hubbard,0
Fulton,SC19B,Public Service Commissioner,3,Democrat,Peter Hubbard,12
Fulton,SC19C,Public Service Commissioner,3,Democrat,Peter Hubbard,7
Fulton,SC20,Public Service Commissioner,3,Democrat,Peter Hubbard,46
Fulton,SC20A,Public Service Commissioner,3,Democrat,Peter Hubbard,7
Fulton,SC211,Public Service Commissioner,3,Democrat,Peter Hubbard,10
Fulton,SC212,Public Service Commissioner,3,Democrat,Peter Hubbard,25
Fulton,SC23A,Public Service Commissioner,3,Democrat,Peter Hubbard,24
Fulton,SC23B,Public Service Commissioner,3,Democrat,Peter Hubbard,2
Fulton,SC23C,Public Service Commissioner,3,Democrat,Peter Hubbard,24
Fulton,SC23D,Public Service Commissioner,3,Democrat,Peter Hubbard,0
Fulton,SC27,Public Service Commissioner,3,Democrat,Peter Hubbard,19
Fulton,SC29A,Public Service Commissioner,3,Democrat,Peter Hubbard,19
Fulton,SC29C,Public Service Commissioner,3,Democrat,Peter Hubbard,11
Fulton,SC30A,Public Service Commissioner,3,Democrat,Peter Hubbard,0
Fulton,SC30B,Public Service Commissioner,3,Democrat,Peter Hubbard,12
Fulton,SC31,Public Service Commissioner,3,Democrat,Peter Hubbard,35
Fulton,SC32,Public Service Commissioner,3,Democrat,Peter Hubbard,40
Fulton,SS01,Public Service Commissioner,3,Democrat,Peter Hubbard,57
Fulton,SS01A,Public Service Commissioner,3,Democrat,Peter Hubbard,10
Fulton,SS02A,Public Service Commissioner,3,Democrat,Peter Hubbard,19
Fulton,SS02B,Public Service Commissioner,3,Democrat,Peter Hubbard,14
Fulton,SS03,Public Service Commissioner,3,Democrat,Peter Hubbard,17
Fulton,SS03A,Public Service Commissioner,3,Democrat,Peter Hubbard,6
Fulton,SS04,Public Service Commissioner,3,Democrat,Peter Hubbard,54
Fulton,SS04A,Public Service Commissioner,3,Democrat,Peter Hubbard,0
Fulton,SS05,Public Service Commissioner,3,Democrat,Peter Hubbard,53
Fulton,SS06,Public Service Commissioner,3,Democrat,Peter Hubbard,22
Fulton,SS06A,Public Service Commissioner,3,Democrat,Peter Hubbard,12
Fulton,SS07A,Public Service Commissioner,3,Democrat,Peter Hubbard,48
Fulton,SS07B,Public Service Commissioner,3,Democrat,Peter Hubbard,10
Fulton,SS07C,Public Service Commissioner,3,Democrat,Peter Hubbard,9
Fulton,SS07D,Public Service Commissioner,3,Democrat,Peter Hubbard,0
Fulton,SS08A,Public Service Commissioner,3,Democrat,Peter Hubbard,11
Fulton,SS08B,Public Service Commissioner,3,Democrat,Peter Hubbard,11
Fulton,SS08C,Public Service Commissioner,3,Democrat,Peter Hubbard,6
Fulton,SS08D,Public Service Commissioner,3,Democrat,Peter Hubbard,25
Fulton,SS08E,Public Service Commissioner,3,Democrat,Peter Hubbard,9
Fulton,SS09A,Public Service Commissioner,3,Democrat,Peter Hubbard,60
Fulton,SS09B,Public Service Commissioner,3,Democrat,Peter Hubbard,52
Fulton,SS11A,Public Service Commissioner,3,Democrat,Peter Hubbard,51
Fulton,SS11B,Public Service Commissioner,3,Democrat,Peter Hubbard,10
Fulton,SS11C,Public Service Commissioner,3,Democrat,Peter Hubbard,6
Fulton,SS11D,Public Service Commissioner,3,Democrat,Peter Hubbard,6
Fulton,SS12,Public Service Commissioner,3,Democrat,Peter Hubbard,51
Fulton,SS13A,Public Service Commissioner,3,Democrat,Peter Hubbard,28
Fulton,SS13B,Public Service Commissioner,3,Democrat,Peter Hubbard,16
Fulton,SS14,Public Service Commissioner,3,Democrat,Peter Hubbard,26
Fulton,SS15A,Public Service Commissioner,3,Democrat,Peter Hubbard,9
Fulton,SS15B,Public Service Commissioner,3,Democrat,Peter Hubbard,22
Fulton,SS15C,Public Service Commissioner,3,Democrat,Peter Hubbard,10
Fulton,SS16,Public Service Commissioner,3,Democrat,Peter Hubbard,45
Fulton,SS17,Public Service Commissioner,3,Democrat,Peter Hubbard,46
Fulton,SS18A,Public Service Commissioner,3,Democrat,Peter Hubbard,4
Fulton,SS18B,Public Service Commissioner,3,Democrat,Peter Hubbard,0
Fulton,SS18C,Public Service Commissioner,3,Democrat,Peter Hubbard,7
Fulton,SS19A,Public Service Commissioner,3,Democrat,Peter Hubbard,35
Fulton,SS19B,Public Service Commissioner,3,Democrat,Peter Hubbard,32
Fulton,SS20,Public Service Commissioner,3,Democrat,Peter Hubbard,29
Fulton,SS22,Public Service Commissioner,3,Democrat,Peter Hubbard,37
Fulton,SS26,Public Service Commissioner,3,Democrat,Peter Hubbard,38
Fulton,SS29A,Public Service Commissioner,3,Democrat,Peter Hubbard,12
Fulton,SS29C,Public Service Commissioner,3,Democrat,Peter Hubbard,39
Fulton,SS31,Public Service Commissioner,3,Democrat,Peter Hubbard,33
Fulton,UC01A,Public Service Commissioner,3,Democrat,Peter Hubbard,23
Fulton,UC01B,Public Service Commissioner,3,Democrat,Peter Hubbard,0
Fulton,UC01C,Public Service Commissioner,3,Democrat,Peter Hubbard,0
Fulton,UC01E,Public Service Commissioner,3,Democrat,Peter Hubbard,3
Fulton,UC02A,Public Service Commissioner,3,Democrat,Peter Hubbard,0
Fulton,UC02C,Public Service Commissioner,3,Democrat,Peter Hubbard,0
Fulton,UC02D,Public Service Commissioner,3,Democrat,Peter Hubbard,24
Fulton,UC02E,Public Service Commissioner,3,Democrat,Peter Hubbard,0
Fulton,UC02F,Public Service Commissioner,3,Democrat,Peter Hubbard,8
Fulton,UC02G,Public Service Commissioner,3,Democrat,Peter Hubbard,44
Fulton,UC031,Public Service Commissioner,3,Democrat,Peter Hubbard,34
Fulton,UC033,Public Service Commissioner,3,Democrat,Peter Hubbard,0
Gilmer,Ellijay South,Public Service Commissioner,3,Democrat,Keisha Sean Waites,3
Gilmer,Cartecay,Public Service Commissioner,3,Democrat,Keisha Sean Waites,1
Gilmer,Tails Creek,Public Service Commissioner,3,Democrat,Keisha Sean Waites,0
Gilmer,Town Creek,Public Service Commissioner,3,Democrat,Keisha Sean Waites,0
Gilmer,Leaches,Public Service Commissioner,3,Democrat,Keisha Sean Waites,6
Gilmer,Cherry Log,Public Service Commissioner,3,Democrat,Keisha Sean Waites,0
Gilmer,Boardtown,Public Service Commissioner,3,Democrat,Keisha Sean Waites,1
Gilmer,Mountaintown,Public Service Commissioner,3,Democrat,Keisha Sean Waites,0
Gilmer,East Ellijay,Public Service Commissioner,3,Democrat,Keisha Sean Waites,0
Gilmer,Ellijay North,Public Service Commissioner,3,Democrat,Keisha Sean Waites,0
Gilmer,Yukon,Public Service Commissioner,3,Democrat,Keisha Sean Waites,0
Gilmer,Roy Road,Public Service Commissioner,3,Democrat,Keisha Sean Waites,1
Gilmer,Ellijay Northeast,Public Service Commissioner,3,Democrat,Keisha Sean Waites,3
Gilmer,Ellijay Northeast,Public Service Commissioner,3,Democrat,Peter Hubbard,7
Gilmer,Roy Road,Public Service Commissioner,3,Democrat,Peter Hubbard,5
Gilmer,Yukon,Public Service Commissioner,3,Democrat,Peter Hubbard,9
Gilmer,Ellijay North,Public Service Commissioner,3,Democrat,Peter Hubbard,0
Gilmer,East Ellijay,Public Service Commissioner,3,Democrat,Peter Hubbard,0
Gilmer,Mountaintown,Public Service Commissioner,3,Democrat,Peter Hubbard,0
Gilmer,Boardtown,Public Service Commissioner,3,Democrat,Peter Hubbard,4
Gilmer,Cherry Log,Public Service Commissioner,3,Democrat,Peter Hubbard,5
Gilmer,Leaches,Public Service Commissioner,3,Democrat,Peter Hubbard,11
Gilmer,Town Creek,Public Service Commissioner,3,Democrat,Peter Hubbard,0
Gilmer,Tails Creek,Public Service Commissioner,3,Democrat,Peter Hubbard,0
Gilmer,Cartecay,Public Service Commissioner,3,Democrat,Peter Hubbard,4
Gilmer,Ellijay South,Public Service Commissioner,3,Democrat,Peter Hubbard,21
Glascock,Mill,Public Service Commissioner,3,Democrat,Keisha Sean Waites,0
Glascock,Gibson,Public Service Commissioner,3,Democrat,Keisha Sean Waites,0
Glascock,Edgehill,Public Service Commissioner,3,Democrat,Keisha Sean Waites,0
Glascock,Mitchell,Public Service Commissioner,3,Democrat,Keisha Sean Waites,0
Glascock,Edgehill,Public Service Commissioner,3,Democrat,Peter Hubbard,0
Glascock,Gibson,Public Service Commissioner,3,Democrat,Peter Hubbard,0
Glascock,Mill,Public Service Commissioner,3,Democrat,Peter Hubbard,0
Glascock,Mitchell,Public Service Commissioner,3,Democrat,Peter Hubbard,0
Glynn,ARCO,Public Service Commissioner,3,Democrat,Keisha Sean Waites,7
Glynn,NSSI,Public Service Commissioner,3,Democrat,Keisha Sean Waites,8
Glynn,SSSI,Public Service Commissioner,3,Democrat,Keisha Sean Waites,10
Glynn,THE,Public Service Commissioner,3,Democrat,Keisha Sean Waites,14
Glynn,UPP,Public Service Commissioner,3,Democrat,Keisha Sean Waites,35
Glynn,BAL,Public Service Commissioner,3,Democrat,Keisha Sean Waites,12
Glynn,BLY,Public Service Commissioner,3,Democrat,Keisha Sean Waites,0
Glynn,BRK,Public Service Commissioner,3,Democrat,Keisha Sean Waites,7
Glynn,COG,Public Service Commissioner,3,Democrat,Keisha Sean Waites,7
Glynn,CPM,Public Service Commissioner,3,Democrat,Keisha Sean Waites,14
Glynn,CSSI,Public Service Commissioner,3,Democrat,Keisha Sean Waites,1
Glynn,CST,Public Service Commissioner,3,Democrat,Keisha Sean Waites,19
Glynn,HCP,Public Service Commissioner,3,Democrat,Keisha Sean Waites,18
Glynn,HLD,Public Service Commissioner,3,Democrat,Keisha Sean Waites,23
Glynn,JI,Public Service Commissioner,3,Democrat,Keisha Sean Waites,3
Glynn,MAR,Public Service Commissioner,3,Democrat,Keisha Sean Waites,9
Glynn,NGLY,Public Service Commissioner,3,Democrat,Keisha Sean Waites,17
Glynn,UPP,Public Service Commissioner,3,Democrat,Peter Hubbard,15
Glynn,THE,Public Service Commissioner,3,Democrat,Peter Hubbard,8
Glynn,SSSI,Public Service Commissioner,3,Democrat,Peter Hubbard,33
Glynn,NSSI,Public Service Commissioner,3,Democrat,Peter Hubbard,30
Glynn,NGLY,Public Service Commissioner,3,Democrat,Peter Hubbard,24
Glynn,MAR,Public Service Commissioner,3,Democrat,Peter Hubbard,10
Glynn,JI,Public Service Commissioner,3,Democrat,Peter Hubbard,11
Glynn,HLD,Public Service Commissioner,3,Democrat,Peter Hubbard,13
Glynn,HCP,Public Service Commissioner,3,Democrat,Peter Hubbard,33
Glynn,CST,Public Service Commissioner,3,Democrat,Peter Hubbard,18
Glynn,CSSI,Public Service Commissioner,3,Democrat,Peter Hubbard,45
Glynn,CPM,Public Service Commissioner,3,Democrat,Peter Hubbard,8
Glynn,BAL,Public Service Commissioner,3,Democrat,Peter Hubbard,15
Glynn,ARCO,Public Service Commissioner,3,Democrat,Peter Hubbard,1
Glynn,COG,Public Service Commissioner,3,Democrat,Peter Hubbard,10
Glynn,BRK,Public Service Commissioner,3,Democrat,Peter Hubbard,2
Glynn,BLY,Public Service Commissioner,3,Democrat,Peter Hubbard,0
Gordon,Oakman,Public Service Commissioner,3,Democrat,Keisha Sean Waites,0
Gordon,Oostanaula,Public Service Commissioner,3,Democrat,Keisha Sean Waites,0
Gordon,Pine Chapel,Public Service Commissioner,3,Democrat,Keisha Sean Waites,0
Gordon,Sonoraville,Public Service Commissioner,3,Democrat,Keisha Sean Waites,8
Gordon,Plainville,Public Service Commissioner,3,Democrat,Keisha Sean Waites,0
Gordon,Sugar Valley,Public Service Commissioner,3,Democrat,Keisha Sean Waites,0
Gordon,Resaca,Public Service Commissioner,3,Democrat,Keisha Sean Waites,0
Gordon,Red Bud,Public Service Commissioner,3,Democrat,Keisha Sean Waites,0
Gordon,Fairmount,Public Service Commissioner,3,Democrat,Keisha Sean Waites,0
Gordon,Lily Pond,Public Service Commissioner,3,Democrat,Keisha Sean Waites,0
Gordon,Calhoun City,Public Service Commissioner,3,Democrat,Keisha Sean Waites,29
Gordon,Gordon County,Public Service Commissioner,3,Democrat,Keisha Sean Waites,2
Gordon,Gordon County,Public Service Commissioner,3,Democrat,Peter Hubbard,10
Gordon,Calhoun City,Public Service Commissioner,3,Democrat,Peter Hubbard,28
Gordon,Lily Pond,Public Service Commissioner,3,Democrat,Peter Hubbard,0
Gordon,Fairmount,Public Service Commissioner,3,Democrat,Peter Hubbard,0
Gordon,Red Bud,Public Service Commissioner,3,Democrat,Peter Hubbard,8
Gordon,Resaca,Public Service Commissioner,3,Democrat,Peter Hubbard,0
Gordon,Sugar Valley,Public Service Commissioner,3,Democrat,Peter Hubbard,0
Gordon,Plainville,Public Service Commissioner,3,Democrat,Peter Hubbard,0
Gordon,Sonoraville,Public Service Commissioner,3,Democrat,Peter Hubbard,2
Gordon,Pine Chapel,Public Service Commissioner,3,Democrat,Peter Hubbard,0
Gordon,Oostanaula,Public Service Commissioner,3,Democrat,Peter Hubbard,0
Gordon,Oakman,Public Service Commissioner,3,Democrat,Peter Hubbard,0
Grady,Blowing Cave,Public Service Commissioner,3,Democrat,Keisha Sean Waites,0
Grady,Woodland,Public Service Commissioner,3,Democrat,Keisha Sean Waites,3
Grady,Whigham,Public Service Commissioner,3,Democrat,Keisha Sean Waites,0
Grady,Spring Hill,Public Service Commissioner,3,Democrat,Keisha Sean Waites,0
Grady,Spence,Public Service Commissioner,3,Democrat,Keisha Sean Waites,0
Grady,Ragan,Public Service Commissioner,3,Democrat,Keisha Sean Waites,0
Grady,Pine Park,Public Service Commissioner,3,Democrat,Keisha Sean Waites,0
Grady,Midway,Public Service Commissioner,3,Democrat,Keisha Sean Waites,0
Grady,Limesink,Public Service Commissioner,3,Democrat,Keisha Sean Waites,0
Grady,Higdon,Public Service Commissioner,3,Democrat,Keisha Sean Waites,0
Grady,Duncanville,Public Service Commissioner,3,Democrat,Keisha Sean Waites,0
Grady,Cairo 5th District,Public Service Commissioner,3,Democrat,Keisha Sean Waites,11
Grady,Cairo 4th District,Public Service Commissioner,3,Democrat,Keisha Sean Waites,26
Grady,Woodland,Public Service Commissioner,3,Democrat,Peter Hubbard,3
Grady,Blowing Cave,Public Service Commissioner,3,Democrat,Peter Hubbard,0
Grady,Cairo 4th District,Public Service Commissioner,3,Democrat,Peter Hubbard,6
Grady,Cairo 5th District,Public Service Commissioner,3,Democrat,Peter Hubbard,9
Grady,Duncanville,Public Service Commissioner,3,Democrat,Peter Hubbard,0
Grady,Higdon,Public Service Commissioner,3,Democrat,Peter Hubbard,0
Grady,Limesink,Public Service Commissioner,3,Democrat,Peter Hubbard,0
Grady,Midway,Public Service Commissioner,3,Democrat,Peter Hubbard,0
Grady,Pine Park,Public Service Commissioner,3,Democrat,Peter Hubbard,0
Grady,Ragan,Public Service Commissioner,3,Democrat,Peter Hubbard,0
Grady,Spence,Public Service Commissioner,3,Democrat,Peter Hubbard,0
Grady,Spring Hill,Public Service Commissioner,3,Democrat,Peter Hubbard,0
Grady,Whigham,Public Service Commissioner,3,Democrat,Peter Hubbard,0
Greene,Greensboro,Public Service Commissioner,3,Democrat,Keisha Sean Waites,19
Greene,Union Point,Public Service Commissioner,3,Democrat,Keisha Sean Waites,8
Greene,Siloam,Public Service Commissioner,3,Democrat,Keisha Sean Waites,4
Greene,White Plains,Public Service Commissioner,3,Democrat,Keisha Sean Waites,4
Greene,Old Salem,Public Service Commissioner,3,Democrat,Keisha Sean Waites,10
Greene,Old Salem,Public Service Commissioner,3,Democrat,Peter Hubbard,44
Greene,White Plains,Public Service Commissioner,3,Democrat,Peter Hubbard,2
Greene,Siloam,Public Service Commissioner,3,Democrat,Peter Hubbard,13
Greene,Union Point,Public Service Commissioner,3,Democrat,Peter Hubbard,9
Greene,Greensboro,Public Service Commissioner,3,Democrat,Peter Hubbard,15
Gwinnett,113 Pinckneyville V,Public Service Commissioner,3,Democrat,Keisha Sean Waites,7
Gwinnett,130 Suwanee D,Public Service Commissioner,3,Democrat,Keisha Sean Waites,12
Gwinnett,131 Suwanee E,Public Service Commissioner,3,Democrat,Keisha Sean Waites,5
Gwinnett,132 Lawrenceville K,Public Service Commissioner,3,Democrat,Keisha Sean Waites,17
Gwinnett,133 Harbins B,Public Service Commissioner,3,Democrat,Keisha Sean Waites,13
Gwinnett,134 Baycreek F,Public Service Commissioner,3,Democrat,Keisha Sean Waites,39
Gwinnett,135 Pucketts C,Public Service Commissioner,3,Democrat,Keisha Sean Waites,7
Gwinnett,136 Hog Mountain C,Public Service Commissioner,3,Democrat,Keisha Sean Waites,20
Gwinnett,137 Rockycreek B,Public Service Commissioner,3,Democrat,Keisha Sean Waites,12
Gwinnett,138 Duluth I,Public Service Commissioner,3,Democrat,Keisha Sean Waites,15
Gwinnett,139 Martins K,Public Service Commissioner,3,Democrat,Keisha Sean Waites,39
Gwinnett,140 Suwanee H,Public Service Commissioner,3,Democrat,Keisha Sean Waites,8
Gwinnett,141 Sugar Hill G,Public Service Commissioner,3,Democrat,Keisha Sean Waites,9
Gwinnett,142 Suwanee F,Public Service Commissioner,3,Democrat,Keisha Sean Waites,16
Gwinnett,143 Lawrenceville L,Public Service Commissioner,3,Democrat,Keisha Sean Waites,36
Gwinnett,144 Lawrenceville M,Public Service Commissioner,3,Democrat,Keisha Sean Waites,44
Gwinnett,145 Baycreek G,Public Service Commissioner,3,Democrat,Keisha Sean Waites,47
Gwinnett,146 Baycreek H,Public Service Commissioner,3,Democrat,Keisha Sean Waites,61
Gwinnett,147 Baycreek I,Public Service Commissioner,3,Democrat,Keisha Sean Waites,38
Gwinnett,148 Berkshire Q,Public Service Commissioner,3,Democrat,Keisha Sean Waites,11
Gwinnett,149 Goodwins I,Public Service Commissioner,3,Democrat,Keisha Sean Waites,25
Gwinnett,150 Duluth K,Public Service Commissioner,3,Democrat,Keisha Sean Waites,7
Gwinnett,151 Harbins C,Public Service Commissioner,3,Democrat,Keisha Sean Waites,13
Gwinnett,152 Rockycreek C,Public Service Commissioner,3,Democrat,Keisha Sean Waites,24
Gwinnett,153 Lawrenceville N,Public Service Commissioner,3,Democrat,Keisha Sean Waites,10
Gwinnett,154 Pucketts D,Public Service Commissioner,3,Democrat,Keisha Sean Waites,15
Gwinnett,155 Suwanee G,Public Service Commissioner,3,Democrat,Keisha Sean Waites,12
Gwinnett,156 Baycreek J,Public Service Commissioner,3,Democrat,Keisha Sean Waites,55
Gwinnett,114 Pinckneyville W,Public Service Commissioner,3,Democrat,Keisha Sean Waites,13
Gwinnett,115 Martins H,Public Service Commissioner,3,Democrat,Keisha Sean Waites,22
Gwinnett,116 Martins I,Public Service Commissioner,3,Democrat,Keisha Sean Waites,12
Gwinnett,117 Martins J,Public Service Commissioner,3,Democrat,Keisha Sean Waites,17
Gwinnett,118 Garners F,Public Service Commissioner,3,Democrat,Keisha Sean Waites,12
Gwinnett,119 Berkshire O,Public Service Commissioner,3,Democrat,Keisha Sean Waites,17
Gwinnett,120 Berkshire P,Public Service Commissioner,3,Democrat,Keisha Sean Waites,7
Gwinnett,121 Pinckneyville X,Public Service Commissioner,3,Democrat,Keisha Sean Waites,18
Gwinnett,122 Rockbridge G,Public Service Commissioner,3,Democrat,Keisha Sean Waites,71
Gwinnett,123 Pinckneyville Y,Public Service Commissioner,3,Democrat,Keisha Sean Waites,19
Gwinnett,124 Goodwins G,Public Service Commissioner,3,Democrat,Keisha Sean Waites,12
Gwinnett,125 Pinckneyville Z,Public Service Commissioner,3,Democrat,Keisha Sean Waites,5
Gwinnett,126 Pinckneyville A1,Public Service Commissioner,3,Democrat,Keisha Sean Waites,12
Gwinnett,127 Lawrenceville J,Public Service Commissioner,3,Democrat,Keisha Sean Waites,10
Gwinnett,128 Goodwins H,Public Service Commissioner,3,Democrat,Keisha Sean Waites,15
Gwinnett,129 Duncans B,Public Service Commissioner,3,Democrat,Keisha Sean Waites,26
Gwinnett,028 Rockycreek A,Public Service Commissioner,3,Democrat,Keisha Sean Waites,27
Gwinnett,029 Cates B,Public Service Commissioner,3,Democrat,Keisha Sean Waites,2
Gwinnett,030 Cates C,Public Service Commissioner,3,Democrat,Keisha Sean Waites,32
Gwinnett,055 Sugar Hill D,Public Service Commissioner,3,Democrat,Keisha Sean Waites,12
Gwinnett,056 Duluth C,Public Service Commissioner,3,Democrat,Keisha Sean Waites,6
Gwinnett,057 Duluth D,Public Service Commissioner,3,Democrat,Keisha Sean Waites,21
Gwinnett,058 Pinckneyville K,Public Service Commissioner,3,Democrat,Keisha Sean Waites,14
Gwinnett,059 Pinckneyville N,Public Service Commissioner,3,Democrat,Keisha Sean Waites,23
Gwinnett,060 Lawrenceville D,Public Service Commissioner,3,Democrat,Keisha Sean Waites,24
Gwinnett,061 Lawrenceville E,Public Service Commissioner,3,Democrat,Keisha Sean Waites,18
Gwinnett,062 Pinckneyville L,Public Service Commissioner,3,Democrat,Keisha Sean Waites,9
Gwinnett,063 Pinckneyville M,Public Service Commissioner,3,Democrat,Keisha Sean Waites,11
Gwinnett,065 Berkshire H,Public Service Commissioner,3,Democrat,Keisha Sean Waites,6
Gwinnett,066 Pinckneyville O,Public Service Commissioner,3,Democrat,Keisha Sean Waites,13
Gwinnett,067 Pucketts E,Public Service Commissioner,3,Democrat,Keisha Sean Waites,20
Gwinnett,068 Cates I,Public Service Commissioner,3,Democrat,Keisha Sean Waites,27
Gwinnett,069 Cates J,Public Service Commissioner,3,Democrat,Keisha Sean Waites,20
Gwinnett,070 Goodwins B,Public Service Commissioner,3,Democrat,Keisha Sean Waites,31
Gwinnett,071 Lawrenceville F,Public Service Commissioner,3,Democrat,Keisha Sean Waites,35
Gwinnett,072 Martins E,Public Service Commissioner,3,Democrat,Keisha Sean Waites,21
Gwinnett,073 Pinckneyville P,Public Service Commissioner,3,Democrat,Keisha Sean Waites,11
Gwinnett,074 Pinckneyville Q,Public Service Commissioner,3,Democrat,Keisha Sean Waites,16
Gwinnett,075 Rockbridge C,Public Service Commissioner,3,Democrat,Keisha Sean Waites,93
Gwinnett,076 Rockbridge D,Public Service Commissioner,3,Democrat,Keisha Sean Waites,34
Gwinnett,077 Goodwins C,Public Service Commissioner,3,Democrat,Keisha Sean Waites,25
Gwinnett,078 Baycreek K,Public Service Commissioner,3,Democrat,Keisha Sean Waites,25
Gwinnett,079 Cates K,Public Service Commissioner,3,Democrat,Keisha Sean Waites,17
Gwinnett,080 Baycreek C,Public Service Commissioner,3,Democrat,Keisha Sean Waites,35
Gwinnett,081 Cates L,Public Service Commissioner,3,Democrat,Keisha Sean Waites,29
Gwinnett,082 Duluth E,Public Service Commissioner,3,Democrat,Keisha Sean Waites,34
Gwinnett,083 Goodwins D,Public Service Commissioner,3,Democrat,Keisha Sean Waites,19
Gwinnett,086 Martins F,Public Service Commissioner,3,Democrat,Keisha Sean Waites,11
Gwinnett,087 Pinckneyville S,Public Service Commissioner,3,Democrat,Keisha Sean Waites,9
Gwinnett,088 Rockbridge E,Public Service Commissioner,3,Democrat,Keisha Sean Waites,58
Gwinnett,089 Sugar Hill E,Public Service Commissioner,3,Democrat,Keisha Sean Waites,16
Gwinnett,084 Lawrenceville G,Public Service Commissioner,3,Democrat,Keisha Sean Waites,24
Gwinnett,101 Pinckneyville U,Public Service Commissioner,3,Democrat,Keisha Sean Waites,8
Gwinnett,102 Pucketts B,Public Service Commissioner,3,Democrat,Keisha Sean Waites,8
Gwinnett,103 Berkshire L,Public Service Commissioner,3,Democrat,Keisha Sean Waites,15
Gwinnett,006 Goodwins A,Public Service Commissioner,3,Democrat,Keisha Sean Waites,21
Gwinnett,007 Duluth A,Public Service Commissioner,3,Democrat,Keisha Sean Waites,24
Gwinnett,008 Duncans A,Public Service Commissioner,3,Democrat,Keisha Sean Waites,18
Gwinnett,009 Pucketts A,Public Service Commissioner,3,Democrat,Keisha Sean Waites,9
Gwinnett,003 Dacula,Public Service Commissioner,3,Democrat,Keisha Sean Waites,20
Gwinnett,004 Suwanee A,Public Service Commissioner,3,Democrat,Keisha Sean Waites,9
Gwinnett,005 Baycreek A,Public Service Commissioner,3,Democrat,Keisha Sean Waites,32
Gwinnett,106 Suwanee C,Public Service Commissioner,3,Democrat,Keisha Sean Waites,20
Gwinnett,104 Rockbridge F,Public Service Commissioner,3,Democrat,Keisha Sean Waites,51
Gwinnett,091 Baycreek D,Public Service Commissioner,3,Democrat,Keisha Sean Waites,39
Gwinnett,092 Berkshire J,Public Service Commissioner,3,Democrat,Keisha Sean Waites,22
Gwinnett,093 Cates M,Public Service Commissioner,3,Democrat,Keisha Sean Waites,17
Gwinnett,094 Cates N,Public Service Commissioner,3,Democrat,Keisha Sean Waites,19
Gwinnett,031 Hog Mountain D,Public Service Commissioner,3,Democrat,Keisha Sean Waites,10
Gwinnett,032 Berkshire D,Public Service Commissioner,3,Democrat,Keisha Sean Waites,15
Gwinnett,107 Cates O,Public Service Commissioner,3,Democrat,Keisha Sean Waites,3
Gwinnett,108 Baycreek E,Public Service Commissioner,3,Democrat,Keisha Sean Waites,17
Gwinnett,109 Berkshire M,Public Service Commissioner,3,Democrat,Keisha Sean Waites,11
Gwinnett,110 Martins G,Public Service Commissioner,3,Democrat,Keisha Sean Waites,17
Gwinnett,111 Duluth H,Public Service Commissioner,3,Democrat,Keisha Sean Waites,11
Gwinnett,038 Pinckneyville F,Public Service Commissioner,3,Democrat,Keisha Sean Waites,9
Gwinnett,039 Duncans D,Public Service Commissioner,3,Democrat,Keisha Sean Waites,20
Gwinnett,015 Lawrenceville A,Public Service Commissioner,3,Democrat,Keisha Sean Waites,30
Gwinnett,016 Lawrenceville B,Public Service Commissioner,3,Democrat,Keisha Sean Waites,51
Gwinnett,017 Martins A,Public Service Commissioner,3,Democrat,Keisha Sean Waites,17
Gwinnett,018 Martins B,Public Service Commissioner,3,Democrat,Keisha Sean Waites,10
Gwinnett,105 Sugar Hill F,Public Service Commissioner,3,Democrat,Keisha Sean Waites,12
Gwinnett,022 Pinckneyville C,Public Service Commissioner,3,Democrat,Keisha Sean Waites,18
Gwinnett,064 Garners D,Public Service Commissioner,3,Democrat,Keisha Sean Waites,25
Gwinnett,040 Pinckneyville H,Public Service Commissioner,3,Democrat,Keisha Sean Waites,21
Gwinnett,043 Martins D,Public Service Commissioner,3,Democrat,Keisha Sean Waites,18
Gwinnett,041 Baycreek B,Public Service Commissioner,3,Democrat,Keisha Sean Waites,60
Gwinnett,042 Lawrenceville C,Public Service Commissioner,3,Democrat,Keisha Sean Waites,8
Gwinnett,010 Cates A,Public Service Commissioner,3,Democrat,Keisha Sean Waites,18
Gwinnett,011 Berkshire A,Public Service Commissioner,3,Democrat,Keisha Sean Waites,15
Gwinnett,097 Goodwins E,Public Service Commissioner,3,Democrat,Keisha Sean Waites,23
Gwinnett,012 Berkshire B,Public Service Commissioner,3,Democrat,Keisha Sean Waites,18
Gwinnett,019 Martins C,Public Service Commissioner,3,Democrat,Keisha Sean Waites,16
Gwinnett,001 Harbins A,Public Service Commissioner,3,Democrat,Keisha Sean Waites,40
Gwinnett,020 Pinckneyville A,Public Service Commissioner,3,Democrat,Keisha Sean Waites,11
Gwinnett,024 Sugar Hill A,Public Service Commissioner,3,Democrat,Keisha Sean Waites,2
Gwinnett,025 Sugar Hill B,Public Service Commissioner,3,Democrat,Keisha Sean Waites,10
Gwinnett,021 Pinckneyville B,Public Service Commissioner,3,Democrat,Keisha Sean Waites,7
Gwinnett,033 Berkshire E,Public Service Commissioner,3,Democrat,Keisha Sean Waites,15
Gwinnett,013 Duncans C,Public Service Commissioner,3,Democrat,Keisha Sean Waites,13
Gwinnett,026 Hog Mountain A,Public Service Commissioner,3,Democrat,Keisha Sean Waites,19
Gwinnett,052 Berkshire G,Public Service Commissioner,3,Democrat,Keisha Sean Waites,12
Gwinnett,053 Cates H,Public Service Commissioner,3,Democrat,Keisha Sean Waites,33
Gwinnett,054 Sugar Hill C,Public Service Commissioner,3,Democrat,Keisha Sean Waites,12
Gwinnett,085 Lawrenceville H,Public Service Commissioner,3,Democrat,Keisha Sean Waites,16
Gwinnett,050 Pinckneyville I,Public Service Commissioner,3,Democrat,Keisha Sean Waites,9
Gwinnett,014 Garners A,Public Service Commissioner,3,Democrat,Keisha Sean Waites,21
Gwinnett,035 Cates D,Public Service Commissioner,3,Democrat,Keisha Sean Waites,19
Gwinnett,002 Rockbridge A,Public Service Commissioner,3,Democrat,Keisha Sean Waites,44
Gwinnett,044 Rockbridge B,Public Service Commissioner,3,Democrat,Keisha Sean Waites,33
Gwinnett,045 Garners B,Public Service Commissioner,3,Democrat,Keisha Sean Waites,26
Gwinnett,036 Cates E,Public Service Commissioner,3,Democrat,Keisha Sean Waites,16
Gwinnett,112 Berkshire N,Public Service Commissioner,3,Democrat,Keisha Sean Waites,10
Gwinnett,037 Pinckneyville E,Public Service Commissioner,3,Democrat,Keisha Sean Waites,9
Gwinnett,090 Lawrenceville I,Public Service Commissioner,3,Democrat,Keisha Sean Waites,11
Gwinnett,098 Goodwins F,Public Service Commissioner,3,Democrat,Keisha Sean Waites,23
Gwinnett,023 Pinckneyville D,Public Service Commissioner,3,Democrat,Keisha Sean Waites,4
Gwinnett,027 Hog Mountain B,Public Service Commissioner,3,Democrat,Keisha Sean Waites,23
Gwinnett,049 Garners C,Public Service Commissioner,3,Democrat,Keisha Sean Waites,12
Gwinnett,046 Cates F,Public Service Commissioner,3,Democrat,Keisha Sean Waites,11
Gwinnett,095 Duluth F,Public Service Commissioner,3,Democrat,Keisha Sean Waites,24
Gwinnett,051 Pinckneyville J,Public Service Commissioner,3,Democrat,Keisha Sean Waites,6
Gwinnett,034 Berkshire F,Public Service Commissioner,3,Democrat,Keisha Sean Waites,11
Gwinnett,047 Cates G,Public Service Commissioner,3,Democrat,Keisha Sean Waites,22
Gwinnett,100 Suwanee B,Public Service Commissioner,3,Democrat,Keisha Sean Waites,25
Gwinnett,048 Duluth B,Public Service Commissioner,3,Democrat,Keisha Sean Waites,5
Gwinnett,096 Duluth G,Public Service Commissioner,3,Democrat,Keisha Sean Waites,13
Gwinnett,099 Pinckneyville T,Public Service Commissioner,3,Democrat,Keisha Sean Waites,17
Gwinnett,093 Cates M,Public Service Commissioner,3,Democrat,Peter Hubbard,40
Gwinnett,081 Cates L,Public Service Commissioner,3,Democrat,Peter Hubbard,36
Gwinnett,080 Baycreek C,Public Service Commissioner,3,Democrat,Peter Hubbard,61
Gwinnett,079 Cates K,Public Service Commissioner,3,Democrat,Peter Hubbard,33
Gwinnett,078 Baycreek K,Public Service Commissioner,3,Democrat,Peter Hubbard,40
Gwinnett,077 Goodwins C,Public Service Commissioner,3,Democrat,Peter Hubbard,37
Gwinnett,076 Rockbridge D,Public Service Commissioner,3,Democrat,Peter Hubbard,30
Gwinnett,075 Rockbridge C,Public Service Commissioner,3,Democrat,Peter Hubbard,60
Gwinnett,074 Pinckneyville Q,Public Service Commissioner,3,Democrat,Peter Hubbard,29
Gwinnett,073 Pinckneyville P,Public Service Commissioner,3,Democrat,Peter Hubbard,38
Gwinnett,072 Martins E,Public Service Commissioner,3,Democrat,Peter Hubbard,20
Gwinnett,071 Lawrenceville F,Public Service Commissioner,3,Democrat,Peter Hubbard,27
Gwinnett,070 Goodwins B,Public Service Commissioner,3,Democrat,Peter Hubbard,40
Gwinnett,069 Cates J,Public Service Commissioner,3,Democrat,Peter Hubbard,34
Gwinnett,068 Cates I,Public Service Commissioner,3,Democrat,Peter Hubbard,32
Gwinnett,067 Pucketts E,Public Service Commissioner,3,Democrat,Peter Hubbard,26
Gwinnett,066 Pinckneyville O,Public Service Commissioner,3,Democrat,Peter Hubbard,33
Gwinnett,065 Berkshire H,Public Service Commissioner,3,Democrat,Peter Hubbard,17
Gwinnett,064 Garners D,Public Service Commissioner,3,Democrat,Peter Hubbard,34
Gwinnett,063 Pinckneyville M,Public Service Commissioner,3,Democrat,Peter Hubbard,29
Gwinnett,046 Cates F,Public Service Commissioner,3,Democrat,Peter Hubbard,23
Gwinnett,045 Garners B,Public Service Commissioner,3,Democrat,Peter Hubbard,30
Gwinnett,044 Rockbridge B,Public Service Commissioner,3,Democrat,Peter Hubbard,27
Gwinnett,043 Martins D,Public Service Commissioner,3,Democrat,Peter Hubbard,20
Gwinnett,042 Lawrenceville C,Public Service Commissioner,3,Democrat,Peter Hubbard,12
Gwinnett,041 Baycreek B,Public Service Commissioner,3,Democrat,Peter Hubbard,40
Gwinnett,040 Pinckneyville H,Public Service Commissioner,3,Democrat,Peter Hubbard,74
Gwinnett,039 Duncans D,Public Service Commissioner,3,Democrat,Peter Hubbard,30
Gwinnett,038 Pinckneyville F,Public Service Commissioner,3,Democrat,Peter Hubbard,25
Gwinnett,037 Pinckneyville E,Public Service Commissioner,3,Democrat,Peter Hubbard,17
Gwinnett,036 Cates E,Public Service Commissioner,3,Democrat,Peter Hubbard,36
Gwinnett,035 Cates D,Public Service Commissioner,3,Democrat,Peter Hubbard,45
Gwinnett,034 Berkshire F,Public Service Commissioner,3,Democrat,Peter Hubbard,16
Gwinnett,033 Berkshire E,Public Service Commissioner,3,Democrat,Peter Hubbard,30
Gwinnett,114 Pinckneyville W,Public Service Commissioner,3,Democrat,Peter Hubbard,44
Gwinnett,113 Pinckneyville V,Public Service Commissioner,3,Democrat,Peter Hubbard,29
Gwinnett,112 Berkshire N,Public Service Commissioner,3,Democrat,Peter Hubbard,37
Gwinnett,111 Duluth H,Public Service Commissioner,3,Democrat,Peter Hubbard,33
Gwinnett,032 Berkshire D,Public Service Commissioner,3,Democrat,Peter Hubbard,43
Gwinnett,031 Hog Mountain D,Public Service Commissioner,3,Democrat,Peter Hubbard,11
Gwinnett,030 Cates C,Public Service Commissioner,3,Democrat,Peter Hubbard,26
Gwinnett,029 Cates B,Public Service Commissioner,3,Democrat,Peter Hubbard,11
Gwinnett,028 Rockycreek A,Public Service Commissioner,3,Democrat,Peter Hubbard,28
Gwinnett,027 Hog Mountain B,Public Service Commissioner,3,Democrat,Peter Hubbard,32
Gwinnett,026 Hog Mountain A,Public Service Commissioner,3,Democrat,Peter Hubbard,34
Gwinnett,025 Sugar Hill B,Public Service Commissioner,3,Democrat,Peter Hubbard,31
Gwinnett,024 Sugar Hill A,Public Service Commissioner,3,Democrat,Peter Hubbard,24
Gwinnett,023 Pinckneyville D,Public Service Commissioner,3,Democrat,Peter Hubbard,15
Gwinnett,022 Pinckneyville C,Public Service Commissioner,3,Democrat,Peter Hubbard,31
Gwinnett,021 Pinckneyville B,Public Service Commissioner,3,Democrat,Peter Hubbard,37
Gwinnett,020 Pinckneyville A,Public Service Commissioner,3,Democrat,Peter Hubbard,20
Gwinnett,019 Martins C,Public Service Commissioner,3,Democrat,Peter Hubbard,39
Gwinnett,018 Martins B,Public Service Commissioner,3,Democrat,Peter Hubbard,23
Gwinnett,017 Martins A,Public Service Commissioner,3,Democrat,Peter Hubbard,23
Gwinnett,016 Lawrenceville B,Public Service Commissioner,3,Democrat,Peter Hubbard,52
Gwinnett,015 Lawrenceville A,Public Service Commissioner,3,Democrat,Peter Hubbard,41
Gwinnett,003 Dacula,Public Service Commissioner,3,Democrat,Peter Hubbard,36
Gwinnett,002 Rockbridge A,Public Service Commissioner,3,Democrat,Peter Hubbard,40
Gwinnett,110 Martins G,Public Service Commissioner,3,Democrat,Peter Hubbard,19
Gwinnett,109 Berkshire M,Public Service Commissioner,3,Democrat,Peter Hubbard,32
Gwinnett,108 Baycreek E,Public Service Commissioner,3,Democrat,Peter Hubbard,26
Gwinnett,092 Berkshire J,Public Service Commissioner,3,Democrat,Peter Hubbard,30
Gwinnett,091 Baycreek D,Public Service Commissioner,3,Democrat,Peter Hubbard,44
Gwinnett,090 Lawrenceville I,Public Service Commissioner,3,Democrat,Peter Hubbard,20
Gwinnett,089 Sugar Hill E,Public Service Commissioner,3,Democrat,Peter Hubbard,30
Gwinnett,088 Rockbridge E,Public Service Commissioner,3,Democrat,Peter Hubbard,31
Gwinnett,087 Pinckneyville S,Public Service Commissioner,3,Democrat,Peter Hubbard,28
Gwinnett,086 Martins F,Public Service Commissioner,3,Democrat,Peter Hubbard,17
Gwinnett,085 Lawrenceville H,Public Service Commissioner,3,Democrat,Peter Hubbard,32
Gwinnett,084 Lawrenceville G,Public Service Commissioner,3,Democrat,Peter Hubbard,21
Gwinnett,083 Goodwins D,Public Service Commissioner,3,Democrat,Peter Hubbard,27
Gwinnett,082 Duluth E,Public Service Commissioner,3,Democrat,Peter Hubbard,56
Gwinnett,149 Goodwins I,Public Service Commissioner,3,Democrat,Peter Hubbard,37
Gwinnett,148 Berkshire Q,Public Service Commissioner,3,Democrat,Peter Hubbard,18
Gwinnett,147 Baycreek I,Public Service Commissioner,3,Democrat,Peter Hubbard,40
Gwinnett,146 Baycreek H,Public Service Commissioner,3,Democrat,Peter Hubbard,52
Gwinnett,145 Baycreek G,Public Service Commissioner,3,Democrat,Peter Hubbard,74
Gwinnett,095 Duluth F,Public Service Commissioner,3,Democrat,Peter Hubbard,32
Gwinnett,094 Cates N,Public Service Commissioner,3,Democrat,Peter Hubbard,19
Gwinnett,150 Duluth K,Public Service Commissioner,3,Democrat,Peter Hubbard,19
Gwinnett,139 Martins K,Public Service Commissioner,3,Democrat,Peter Hubbard,39
Gwinnett,138 Duluth I,Public Service Commissioner,3,Democrat,Peter Hubbard,22
Gwinnett,140 Suwanee H,Public Service Commissioner,3,Democrat,Peter Hubbard,15
Gwinnett,001 Harbins A,Public Service Commissioner,3,Democrat,Peter Hubbard,47
Gwinnett,107 Cates O,Public Service Commissioner,3,Democrat,Peter Hubbard,17
Gwinnett,106 Suwanee C,Public Service Commissioner,3,Democrat,Peter Hubbard,42
Gwinnett,105 Sugar Hill F,Public Service Commissioner,3,Democrat,Peter Hubbard,31
Gwinnett,104 Rockbridge F,Public Service Commissioner,3,Democrat,Peter Hubbard,45
Gwinnett,103 Berkshire L,Public Service Commissioner,3,Democrat,Peter Hubbard,25
Gwinnett,102 Pucketts B,Public Service Commissioner,3,Democrat,Peter Hubbard,17
Gwinnett,101 Pinckneyville U,Public Service Commissioner,3,Democrat,Peter Hubbard,45
Gwinnett,100 Suwanee B,Public Service Commissioner,3,Democrat,Peter Hubbard,34
Gwinnett,099 Pinckneyville T,Public Service Commissioner,3,Democrat,Peter Hubbard,47
Gwinnett,098 Goodwins F,Public Service Commissioner,3,Democrat,Peter Hubbard,27
Gwinnett,097 Goodwins E,Public Service Commissioner,3,Democrat,Peter Hubbard,43
Gwinnett,096 Duluth G,Public Service Commissioner,3,Democrat,Peter Hubbard,38
Gwinnett,144 Lawrenceville M,Public Service Commissioner,3,Democrat,Peter Hubbard,35
Gwinnett,143 Lawrenceville L,Public Service Commissioner,3,Democrat,Peter Hubbard,41
Gwinnett,142 Suwanee F,Public Service Commissioner,3,Democrat,Peter Hubbard,28
Gwinnett,137 Rockycreek B,Public Service Commissioner,3,Democrat,Peter Hubbard,17
Gwinnett,136 Hog Mountain C,Public Service Commissioner,3,Democrat,Peter Hubbard,23
Gwinnett,135 Pucketts C,Public Service Commissioner,3,Democrat,Peter Hubbard,14
Gwinnett,134 Baycreek F,Public Service Commissioner,3,Democrat,Peter Hubbard,33
Gwinnett,133 Harbins B,Public Service Commissioner,3,Democrat,Peter Hubbard,31
Gwinnett,132 Lawrenceville K,Public Service Commissioner,3,Democrat,Peter Hubbard,18
Gwinnett,131 Suwanee E,Public Service Commissioner,3,Democrat,Peter Hubbard,59
Gwinnett,130 Suwanee D,Public Service Commissioner,3,Democrat,Peter Hubbard,22
Gwinnett,004 Suwanee A,Public Service Commissioner,3,Democrat,Peter Hubbard,30
Gwinnett,129 Duncans B,Public Service Commissioner,3,Democrat,Peter Hubbard,25
Gwinnett,128 Goodwins H,Public Service Commissioner,3,Democrat,Peter Hubbard,15
Gwinnett,127 Lawrenceville J,Public Service Commissioner,3,Democrat,Peter Hubbard,21
Gwinnett,126 Pinckneyville A1,Public Service Commissioner,3,Democrat,Peter Hubbard,55
Gwinnett,125 Pinckneyville Z,Public Service Commissioner,3,Democrat,Peter Hubbard,47
Gwinnett,156 Baycreek J,Public Service Commissioner,3,Democrat,Peter Hubbard,43
Gwinnett,141 Sugar Hill G,Public Service Commissioner,3,Democrat,Peter Hubbard,31
Gwinnett,124 Goodwins G,Public Service Commissioner,3,Democrat,Peter Hubbard,21
Gwinnett,123 Pinckneyville Y,Public Service Commissioner,3,Democrat,Peter Hubbard,28
Gwinnett,005 Baycreek A,Public Service Commissioner,3,Democrat,Peter Hubbard,20
Gwinnett,006 Goodwins A,Public Service Commissioner,3,Democrat,Peter Hubbard,37
Gwinnett,012 Berkshire B,Public Service Commissioner,3,Democrat,Peter Hubbard,48
Gwinnett,011 Berkshire A,Public Service Commissioner,3,Democrat,Peter Hubbard,31
Gwinnett,010 Cates A,Public Service Commissioner,3,Democrat,Peter Hubbard,26
Gwinnett,009 Pucketts A,Public Service Commissioner,3,Democrat,Peter Hubbard,27
Gwinnett,008 Duncans A,Public Service Commissioner,3,Democrat,Peter Hubbard,19
Gwinnett,007 Duluth A,Public Service Commissioner,3,Democrat,Peter Hubbard,74
Gwinnett,153 Lawrenceville N,Public Service Commissioner,3,Democrat,Peter Hubbard,17
Gwinnett,152 Rockycreek C,Public Service Commissioner,3,Democrat,Peter Hubbard,31
Gwinnett,151 Harbins C,Public Service Commissioner,3,Democrat,Peter Hubbard,14
Gwinnett,055 Sugar Hill D,Public Service Commissioner,3,Democrat,Peter Hubbard,14
Gwinnett,062 Pinckneyville L,Public Service Commissioner,3,Democrat,Peter Hubbard,47
Gwinnett,061 Lawrenceville E,Public Service Commissioner,3,Democrat,Peter Hubbard,24
Gwinnett,122 Rockbridge G,Public Service Commissioner,3,Democrat,Peter Hubbard,38
Gwinnett,121 Pinckneyville X,Public Service Commissioner,3,Democrat,Peter Hubbard,55
Gwinnett,120 Berkshire P,Public Service Commissioner,3,Democrat,Peter Hubbard,18
Gwinnett,119 Berkshire O,Public Service Commissioner,3,Democrat,Peter Hubbard,35
Gwinnett,118 Garners F,Public Service Commissioner,3,Democrat,Peter Hubbard,26
Gwinnett,117 Martins J,Public Service Commissioner,3,Democrat,Peter Hubbard,27
Gwinnett,116 Martins I,Public Service Commissioner,3,Democrat,Peter Hubbard,36
Gwinnett,115 Martins H,Public Service Commissioner,3,Democrat,Peter Hubbard,36
Gwinnett,048 Duluth B,Public Service Commissioner,3,Democrat,Peter Hubbard,38
Gwinnett,047 Cates G,Public Service Commissioner,3,Democrat,Peter Hubbard,29
Gwinnett,155 Suwanee G,Public Service Commissioner,3,Democrat,Peter Hubbard,36
Gwinnett,013 Duncans C,Public Service Commissioner,3,Democrat,Peter Hubbard,7
Gwinnett,060 Lawrenceville D,Public Service Commissioner,3,Democrat,Peter Hubbard,19
Gwinnett,054 Sugar Hill C,Public Service Commissioner,3,Democrat,Peter Hubbard,34
Gwinnett,053 Cates H,Public Service Commissioner,3,Democrat,Peter Hubbard,26
Gwinnett,052 Berkshire G,Public Service Commissioner,3,Democrat,Peter Hubbard,51
Gwinnett,051 Pinckneyville J,Public Service Commissioner,3,Democrat,Peter Hubbard,16
Gwinnett,056 Duluth C,Public Service Commissioner,3,Democrat,Peter Hubbard,38
Gwinnett,057 Duluth D,Public Service Commissioner,3,Democrat,Peter Hubbard,56
Gwinnett,014 Garners A,Public Service Commissioner,3,Democrat,Peter Hubbard,68
Gwinnett,058 Pinckneyville K,Public Service Commissioner,3,Democrat,Peter Hubbard,20
Gwinnett,059 Pinckneyville N,Public Service Commissioner,3,Democrat,Peter Hubbard,44
Gwinnett,154 Pucketts D,Public Service Commissioner,3,Democrat,Peter Hubbard,10
Gwinnett,049 Garners C,Public Service Commissioner,3,Democrat,Peter Hubbard,21
Gwinnett,050 Pinckneyville I,Public Service Commissioner,3,Democrat,Peter Hubbard,14
Habersham,Mount Airy,Public Service Commissioner,3,Democrat,Keisha Sean Waites,0
Habersham,Habersham North,Public Service Commissioner,3,Democrat,Keisha Sean Waites,30
Habersham,Habersham South,Public Service Commissioner,3,Democrat,Keisha Sean Waites,16
Habersham,Demorest,Public Service Commissioner,3,Democrat,Keisha Sean Waites,6
Habersham,Habersham North,Public Service Commissioner,3,Democrat,Peter Hubbard,80
Habersham,Mount Airy,Public Service Commissioner,3,Democrat,Peter Hubbard,0
Habersham,Demorest,Public Service Commissioner,3,Democrat,Peter Hubbard,5
Habersham,Habersham South,Public Service Commissioner,3,Democrat,Peter Hubbard,39
Hall,Morgan I,Public Service Commissioner,3,Democrat,Keisha Sean Waites,1
Hall,Whelchel,Public Service Commissioner,3,Democrat,Keisha Sean Waites,3
Hall,Roberts,Public Service Commissioner,3,Democrat,Keisha Sean Waites,4
Hall,Flowery Branch II,Public Service Commissioner,3,Democrat,Keisha Sean Waites,1
Hall,Flowery Branch I,Public Service Commissioner,3,Democrat,Keisha Sean Waites,6
Hall,Oakwood II,Public Service Commissioner,3,Democrat,Keisha Sean Waites,5
Hall,Oakwood I,Public Service Commissioner,3,Democrat,Keisha Sean Waites,2
Hall,Chicopee,Public Service Commissioner,3,Democrat,Keisha Sean Waites,3
Hall,Wilson,Public Service Commissioner,3,Democrat,Keisha Sean Waites,1
Hall,Friendship IV,Public Service Commissioner,3,Democrat,Keisha Sean Waites,6
Hall,Friendship III,Public Service Commissioner,3,Democrat,Keisha Sean Waites,3
Hall,Friendship II,Public Service Commissioner,3,Democrat,Keisha Sean Waites,2
Hall,Friendship I,Public Service Commissioner,3,Democrat,Keisha Sean Waites,4
Hall,Morgan II,Public Service Commissioner,3,Democrat,Keisha Sean Waites,1
Hall,Candler,Public Service Commissioner,3,Democrat,Keisha Sean Waites,2
Hall,Tadmore,Public Service Commissioner,3,Democrat,Keisha Sean Waites,7
Hall,Glade,Public Service Commissioner,3,Democrat,Keisha Sean Waites,5
Hall,Lula,Public Service Commissioner,3,Democrat,Keisha Sean Waites,1
Hall,Big Hickory,Public Service Commissioner,3,Democrat,Keisha Sean Waites,2
Hall,Gillsville,Public Service Commissioner,3,Democrat,Keisha Sean Waites,0
Hall,Gainesville V,Public Service Commissioner,3,Democrat,Keisha Sean Waites,1
Hall,Gainesville IV,Public Service Commissioner,3,Democrat,Keisha Sean Waites,7
Hall,Gainesville III,Public Service Commissioner,3,Democrat,Keisha Sean Waites,3
Hall,Gainesville II,Public Service Commissioner,3,Democrat,Keisha Sean Waites,15
Hall,Gainesville I,Public Service Commissioner,3,Democrat,Keisha Sean Waites,8
Hall,West Whelchel,Public Service Commissioner,3,Democrat,Keisha Sean Waites,4
Hall,Quillians,Public Service Commissioner,3,Democrat,Keisha Sean Waites,0
Hall,Bark Camp,Public Service Commissioner,3,Democrat,Keisha Sean Waites,2
Hall,Chestatee,Public Service Commissioner,3,Democrat,Keisha Sean Waites,1
Hall,Fork,Public Service Commissioner,3,Democrat,Keisha Sean Waites,1
Hall,Clermont,Public Service Commissioner,3,Democrat,Keisha Sean Waites,0
Hall,Whelchel,Public Service Commissioner,3,Democrat,Peter Hubbard,26
Hall,Wilson,Public Service Commissioner,3,Democrat,Peter Hubbard,46
Hall,Chicopee,Public Service Commissioner,3,Democrat,Peter Hubbard,6
Hall,Oakwood I,Public Service Commissioner,3,Democrat,Peter Hubbard,3
Hall,Oakwood II,Public Service Commissioner,3,Democrat,Peter Hubbard,15
Hall,Flowery Branch I,Public Service Commissioner,3,Democrat,Peter Hubbard,11
Hall,Flowery Branch II,Public Service Commissioner,3,Democrat,Peter Hubbard,6
Hall,Roberts,Public Service Commissioner,3,Democrat,Peter Hubbard,11
Hall,Morgan I,Public Service Commissioner,3,Democrat,Peter Hubbard,8
Hall,Morgan II,Public Service Commissioner,3,Democrat,Peter Hubbard,5
Hall,Candler,Public Service Commissioner,3,Democrat,Peter Hubbard,7
Hall,Tadmore,Public Service Commissioner,3,Democrat,Peter Hubbard,21
Hall,Glade,Public Service Commissioner,3,Democrat,Peter Hubbard,6
Hall,Lula,Public Service Commissioner,3,Democrat,Peter Hubbard,5
Hall,Clermont,Public Service Commissioner,3,Democrat,Peter Hubbard,0
Hall,Quillians,Public Service Commissioner,3,Democrat,Peter Hubbard,12
Hall,Bark Camp,Public Service Commissioner,3,Democrat,Peter Hubbard,16
Hall,Chestatee,Public Service Commissioner,3,Democrat,Peter Hubbard,11
Hall,Fork,Public Service Commissioner,3,Democrat,Peter Hubbard,20
Hall,Friendship IV,Public Service Commissioner,3,Democrat,Peter Hubbard,19
Hall,Friendship III,Public Service Commissioner,3,Democrat,Peter Hubbard,8
Hall,Friendship II,Public Service Commissioner,3,Democrat,Peter Hubbard,3
Hall,Friendship I,Public Service Commissioner,3,Democrat,Peter Hubbard,23
Hall,Big Hickory,Public Service Commissioner,3,Democrat,Peter Hubbard,7
Hall,Gillsville,Public Service Commissioner,3,Democrat,Peter Hubbard,0
Hall,Gainesville V,Public Service Commissioner,3,Democrat,Peter Hubbard,12
Hall,Gainesville IV,Public Service Commissioner,3,Democrat,Peter Hubbard,25
Hall,Gainesville III,Public Service Commissioner,3,Democrat,Peter Hubbard,12
Hall,Gainesville II,Public Service Commissioner,3,Democrat,Peter Hubbard,8
Hall,Gainesville I,Public Service Commissioner,3,Democrat,Peter Hubbard,34
Hall,West Whelchel,Public Service Commissioner,3,Democrat,Peter Hubbard,20
Hancock,Sparta 4C,Public Service Commissioner,3,Democrat,Keisha Sean Waites,7
Hancock,Second Darrien,Public Service Commissioner,3,Democrat,Keisha Sean Waites,13
Hancock,Second Beulah,Public Service Commissioner,3,Democrat,Keisha Sean Waites,17
Hancock,Power of God,Public Service Commissioner,3,Democrat,Keisha Sean Waites,19
Hancock,Mayfield Community Center,Public Service Commissioner,3,Democrat,Keisha Sean Waites,4
Hancock,Devereux Fire Station,Public Service Commissioner,3,Democrat,Keisha Sean Waites,19
Hancock,Hancock Senior Citizen Center,Public Service Commissioner,3,Democrat,Keisha Sean Waites,9
Hancock,Warren Chapel,Public Service Commissioner,3,Democrat,Keisha Sean Waites,7
Hancock,Hancock BOE,Public Service Commissioner,3,Democrat,Keisha Sean Waites,25
Hancock,Youth Center,Public Service Commissioner,3,Democrat,Keisha Sean Waites,16
Hancock,Youth Center,Public Service Commissioner,3,Democrat,Peter Hubbard,11
Hancock,Hancock BOE,Public Service Commissioner,3,Democrat,Peter Hubbard,10
Hancock,Devereux Fire Station,Public Service Commissioner,3,Democrat,Peter Hubbard,11
Hancock,Power of God,Public Service Commissioner,3,Democrat,Peter Hubbard,4
Hancock,Warren Chapel,Public Service Commissioner,3,Democrat,Peter Hubbard,0
Hancock,Second Darrien,Public Service Commissioner,3,Democrat,Peter Hubbard,11
Hancock,Hancock Senior Citizen Center,Public Service Commissioner,3,Democrat,Peter Hubbard,8
Hancock,Mayfield Community Center,Public Service Commissioner,3,Democrat,Peter Hubbard,3
Hancock,Sparta 4C,Public Service Commissioner,3,Democrat,Peter Hubbard,4
Hancock,Second Beulah,Public Service Commissioner,3,Democrat,Peter Hubbard,9
Haralson,Buchanan,Public Service Commissioner,3,Democrat,Keisha Sean Waites,0
Haralson,Berea-Steadman,Public Service Commissioner,3,Democrat,Keisha Sean Waites,0
Haralson,Waco,Public Service Commissioner,3,Democrat,Keisha Sean Waites,0
Haralson,Tallapoosa,Public Service Commissioner,3,Democrat,Keisha Sean Waites,0
Haralson,Mt View,Public Service Commissioner,3,Democrat,Keisha Sean Waites,0
Haralson,Little Creek,Public Service Commissioner,3,Democrat,Keisha Sean Waites,0
Haralson,Felton,Public Service Commissioner,3,Democrat,Keisha Sean Waites,0
Haralson,Twentieth,Public Service Commissioner,3,Democrat,Keisha Sean Waites,0
Haralson,Corinth,Public Service Commissioner,3,Democrat,Keisha Sean Waites,0
Haralson,Buncombe,Public Service Commissioner,3,Democrat,Keisha Sean Waites,0
Haralson,Bremen,Public Service Commissioner,3,Democrat,Keisha Sean Waites,0
Haralson,Seventh,Public Service Commissioner,3,Democrat,Keisha Sean Waites,0
Haralson,Little Creek,Public Service Commissioner,3,Democrat,Peter Hubbard,0
Haralson,Bremen,Public Service Commissioner,3,Democrat,Peter Hubbard,6
Haralson,Buchanan,Public Service Commissioner,3,Democrat,Peter Hubbard,0
Haralson,Buncombe,Public Service Commissioner,3,Democrat,Peter Hubbard,0
Haralson,Corinth,Public Service Commissioner,3,Democrat,Peter Hubbard,0
Haralson,Twentieth,Public Service Commissioner,3,Democrat,Peter Hubbard,0
Haralson,Felton,Public Service Commissioner,3,Democrat,Peter Hubbard,0
Haralson,Mt View,Public Service Commissioner,3,Democrat,Peter Hubbard,0
Haralson,Seventh,Public Service Commissioner,3,Democrat,Peter Hubbard,0
Haralson,Berea-Steadman,Public Service Commissioner,3,Democrat,Peter Hubbard,0
Haralson,Tallapoosa,Public Service Commissioner,3,Democrat,Peter Hubbard,0
Haralson,Waco,Public Service Commissioner,3,Democrat,Peter Hubbard,0
Harris,Upper 19th,Public Service Commissioner,3,Democrat,Keisha Sean Waites,0
Harris,Whitesville,Public Service Commissioner,3,Democrat,Keisha Sean Waites,0
Harris,Valley Plains,Public Service Commissioner,3,Democrat,Keisha Sean Waites,4
Harris,Waverly Hall,Public Service Commissioner,3,Democrat,Keisha Sean Waites,5
Harris,Skinner,Public Service Commissioner,3,Democrat,Keisha Sean Waites,0
Harris,Pine Mountain Valley,Public Service Commissioner,3,Democrat,Keisha Sean Waites,0
Harris,Mulberry Grove,Public Service Commissioner,3,Democrat,Keisha Sean Waites,11
Harris,Lower 19th,Public Service Commissioner,3,Democrat,Keisha Sean Waites,4
Harris,Hamilton,Public Service Commissioner,3,Democrat,Keisha Sean Waites,15
Harris,Goodman,Public Service Commissioner,3,Democrat,Keisha Sean Waites,6
Harris,Ellerslie,Public Service Commissioner,3,Democrat,Keisha Sean Waites,10
Harris,Cataula,Public Service Commissioner,3,Democrat,Keisha Sean Waites,6
Harris,Ellerslie,Public Service Commissioner,3,Democrat,Peter Hubbard,5
Harris,Lower 19th,Public Service Commissioner,3,Democrat,Peter Hubbard,4
Harris,Goodman,Public Service Commissioner,3,Democrat,Peter Hubbard,10
Harris,Hamilton,Public Service Commissioner,3,Democrat,Peter Hubbard,7
Harris,Whitesville,Public Service Commissioner,3,Democrat,Peter Hubbard,0
Harris,Waverly Hall,Public Service Commissioner,3,Democrat,Peter Hubbard,3
Harris,Valley Plains,Public Service Commissioner,3,Democrat,Peter Hubbard,2
Harris,Upper 19th,Public Service Commissioner,3,Democrat,Peter Hubbard,0
Harris,Skinner,Public Service Commissioner,3,Democrat,Peter Hubbard,0
Harris,Pine Mountain Valley,Public Service Commissioner,3,Democrat,Peter Hubbard,0
Harris,Mulberry Grove,Public Service Commissioner,3,Democrat,Peter Hubbard,6
Harris,Cataula,Public Service Commissioner,3,Democrat,Peter Hubbard,5
Hart,Bowersville,Public Service Commissioner,3,Democrat,Keisha Sean Waites,0
Hart,Hartwell,Public Service Commissioner,3,Democrat,Keisha Sean Waites,21
Hart,Goldmine,Public Service Commissioner,3,Democrat,Keisha Sean Waites,0
Hart,Cokesbury,Public Service Commissioner,3,Democrat,Keisha Sean Waites,2
Hart,Reed Creek,Public Service Commissioner,3,Democrat,Keisha Sean Waites,9
Hart,Shoal Creek,Public Service Commissioner,3,Democrat,Keisha Sean Waites,0
Hart,Bio,Public Service Commissioner,3,Democrat,Keisha Sean Waites,0
Hart,Goldmine,Public Service Commissioner,3,Democrat,Peter Hubbard,0
Hart,Bowersville,Public Service Commissioner,3,Democrat,Peter Hubbard,0
Hart,Reed Creek,Public Service Commissioner,3,Democrat,Peter Hubbard,18
Hart,Shoal Creek,Public Service Commissioner,3,Democrat,Peter Hubbard,0
Hart,Bio,Public Service Commissioner,3,Democrat,Peter Hubbard,0
Hart,Hartwell,Public Service Commissioner,3,Democrat,Peter Hubbard,25
Hart,Cokesbury,Public Service Commissioner,3,Democrat,Peter Hubbard,3
Heard,Centralhatchee,Public Service Commissioner,3,Democrat,Keisha Sean Waites,0
Heard,Cooksville-Corinth,Public Service Commissioner,3,Democrat,Keisha Sean Waites,0
Heard,Enon Grove,Public Service Commissioner,3,Democrat,Keisha Sean Waites,2
Heard,Ephesus,Public Service Commissioner,3,Democrat,Keisha Sean Waites,6
Heard,Franklin,Public Service Commissioner,3,Democrat,Keisha Sean Waites,16
Heard,Southwest,Public Service Commissioner,3,Democrat,Keisha Sean Waites,5
Heard,Southwest,Public Service Commissioner,3,Democrat,Peter Hubbard,1
Heard,Franklin,Public Service Commissioner,3,Democrat,Peter Hubbard,2
Heard,Ephesus,Public Service Commissioner,3,Democrat,Peter Hubbard,0
Heard,Enon Grove,Public Service Commissioner,3,Democrat,Peter Hubbard,4
Heard,Cooksville-Corinth,Public Service Commissioner,3,Democrat,Peter Hubbard,0
Heard,Centralhatchee,Public Service Commissioner,3,Democrat,Peter Hubbard,0
Henry,Stagecoach,Public Service Commissioner,3,Democrat,Keisha Sean Waites,18
Henry,Timberridge,Public Service Commissioner,3,Democrat,Keisha Sean Waites,32
Henry,Stockbridge Central,Public Service Commissioner,3,Democrat,Keisha Sean Waites,27
Henry,Flippen,Public Service Commissioner,3,Democrat,Keisha Sean Waites,42
Henry,Lake Dow,Public Service Commissioner,3,Democrat,Keisha Sean Waites,41
Henry,Oakland,Public Service Commissioner,3,Democrat,Keisha Sean Waites,36
Henry,Pates Creek,Public Service Commissioner,3,Democrat,Keisha Sean Waites,55
Henry,Shiloh,Public Service Commissioner,3,Democrat,Keisha Sean Waites,44
Henry,Unity Grove,Public Service Commissioner,3,Democrat,Keisha Sean Waites,24
Henry,Ellenwood,Public Service Commissioner,3,Democrat,Keisha Sean Waites,114
Henry,Shakerag,Public Service Commissioner,3,Democrat,Keisha Sean Waites,80
Henry,Swan Lake,Public Service Commissioner,3,Democrat,Keisha Sean Waites,27
Henry,Austin Road,Public Service Commissioner,3,Democrat,Keisha Sean Waites,47
Henry,Pleasant Grove,Public Service Commissioner,3,Democrat,Keisha Sean Waites,45
Henry,Cotton Indian,Public Service Commissioner,3,Democrat,Keisha Sean Waites,40
Henry,Lake Haven,Public Service Commissioner,3,Democrat,Keisha Sean Waites,29
Henry,Stockbridge East-West,Public Service Commissioner,3,Democrat,Keisha Sean Waites,66
Henry,Hickory Flat,Public Service Commissioner,3,Democrat,Keisha Sean Waites,51
Henry,East Lake,Public Service Commissioner,3,Democrat,Keisha Sean Waites,30
Henry,McMullen,Public Service Commissioner,3,Democrat,Keisha Sean Waites,17
Henry,McDonough,Public Service Commissioner,3,Democrat,Keisha Sean Waites,27
Henry,Wesley Lakes,Public Service Commissioner,3,Democrat,Keisha Sean Waites,41
Henry,Red Oak,Public Service Commissioner,3,Democrat,Keisha Sean Waites,89
Henry,Mount Carmel,Public Service Commissioner,3,Democrat,Keisha Sean Waites,81
Henry,North Hampton,Public Service Commissioner,3,Democrat,Keisha Sean Waites,35
Henry,South Hampton,Public Service Commissioner,3,Democrat,Keisha Sean Waites,43
Henry,Lowes,Public Service Commissioner,3,Democrat,Keisha Sean Waites,74
Henry,Westside,Public Service Commissioner,3,Democrat,Keisha Sean Waites,39
Henry,Sandy Ridge,Public Service Commissioner,3,Democrat,Keisha Sean Waites,19
Henry,Tussahaw,Public Service Commissioner,3,Democrat,Keisha Sean Waites,5
Henry,Locust Grove,Public Service Commissioner,3,Democrat,Keisha Sean Waites,46
Henry,Lighthouse,Public Service Commissioner,3,Democrat,Keisha Sean Waites,81
Henry,Dutchtown,Public Service Commissioner,3,Democrat,Keisha Sean Waites,13
Henry,Mt Bethel,Public Service Commissioner,3,Democrat,Keisha Sean Waites,22
Henry,Grove Park,Public Service Commissioner,3,Democrat,Keisha Sean Waites,25
Henry,McDonough Central,Public Service Commissioner,3,Democrat,Keisha Sean Waites,40
Henry,Kelleytown,Public Service Commissioner,3,Democrat,Keisha Sean Waites,55
Henry,Locust Grove,Public Service Commissioner,3,Democrat,Peter Hubbard,40
Henry,Lake Dow,Public Service Commissioner,3,Democrat,Peter Hubbard,30
Henry,Shakerag,Public Service Commissioner,3,Democrat,Peter Hubbard,45
Henry,Ellenwood,Public Service Commissioner,3,Democrat,Peter Hubbard,75
Henry,Unity Grove,Public Service Commissioner,3,Democrat,Peter Hubbard,20
Henry,Shiloh,Public Service Commissioner,3,Democrat,Peter Hubbard,26
Henry,Pates Creek,Public Service Commissioner,3,Democrat,Peter Hubbard,43
Henry,Sandy Ridge,Public Service Commissioner,3,Democrat,Peter Hubbard,23
Henry,Austin Road,Public Service Commissioner,3,Democrat,Peter Hubbard,31
Henry,Pleasant Grove,Public Service Commissioner,3,Democrat,Peter Hubbard,42
Henry,Cotton Indian,Public Service Commissioner,3,Democrat,Peter Hubbard,37
Henry,Stagecoach,Public Service Commissioner,3,Democrat,Peter Hubbard,29
Henry,Stockbridge East-West,Public Service Commissioner,3,Democrat,Peter Hubbard,55
Henry,Hickory Flat,Public Service Commissioner,3,Democrat,Peter Hubbard,54
Henry,Mt Bethel,Public Service Commissioner,3,Democrat,Peter Hubbard,10
Henry,Grove Park,Public Service Commissioner,3,Democrat,Peter Hubbard,24
Henry,Lake Haven,Public Service Commissioner,3,Democrat,Peter Hubbard,22
Henry,McDonough Central,Public Service Commissioner,3,Democrat,Peter Hubbard,31
Henry,Timberridge,Public Service Commissioner,3,Democrat,Peter Hubbard,16
Henry,Lighthouse,Public Service Commissioner,3,Democrat,Peter Hubbard,45
Henry,Dutchtown,Public Service Commissioner,3,Democrat,Peter Hubbard,20
Henry,East Lake,Public Service Commissioner,3,Democrat,Peter Hubbard,27
Henry,McMullen,Public Service Commissioner,3,Democrat,Peter Hubbard,19
Henry,McDonough,Public Service Commissioner,3,Democrat,Peter Hubbard,17
Henry,Wesley Lakes,Public Service Commissioner,3,Democrat,Peter Hubbard,51
Henry,Red Oak,Public Service Commissioner,3,Democrat,Peter Hubbard,92
Henry,Mount Carmel,Public Service Commissioner,3,Democrat,Peter Hubbard,61
Henry,North Hampton,Public Service Commissioner,3,Democrat,Peter Hubbard,30
Henry,South Hampton,Public Service Commissioner,3,Democrat,Peter Hubbard,26
Henry,Lowes,Public Service Commissioner,3,Democrat,Peter Hubbard,45
Henry,Westside,Public Service Commissioner,3,Democrat,Peter Hubbard,27
Henry,Stockbridge Central,Public Service Commissioner,3,Democrat,Peter Hubbard,37
Henry,Kelleytown,Public Service Commissioner,3,Democrat,Peter Hubbard,42
Henry,Flippen,Public Service Commissioner,3,Democrat,Peter Hubbard,60
Henry,Oakland,Public Service Commissioner,3,Democrat,Peter Hubbard,26
Henry,Tussahaw,Public Service Commissioner,3,Democrat,Peter Hubbard,3
Henry,Swan Lake,Public Service Commissioner,3,Democrat,Peter Hubbard,22
Houston,PEC,Public Service Commissioner,3,Democrat,Keisha Sean Waites,24
Houston,HHPC,Public Service Commissioner,3,Democrat,Keisha Sean Waites,58
Houston,Wellston Center,Public Service Commissioner,3,Democrat,Keisha Sean Waites,80
Houston,VHS,Public Service Commissioner,3,Democrat,Keisha Sean Waites,39
Houston,VFW,Public Service Commissioner,3,Democrat,Keisha Sean Waites,20
Houston,ROZR,Public Service Commissioner,3,Democrat,Keisha Sean Waites,28
Houston,ANNX,Public Service Commissioner,3,Democrat,Keisha Sean Waites,35
Houston,BMS,Public Service Commissioner,3,Democrat,Keisha Sean Waites,26
Houston,CENT,Public Service Commissioner,3,Democrat,Keisha Sean Waites,63
Houston,NHSC,Public Service Commissioner,3,Democrat,Keisha Sean Waites,23
Houston,CGTC,Public Service Commissioner,3,Democrat,Keisha Sean Waites,38
Houston,FMMS,Public Service Commissioner,3,Democrat,Keisha Sean Waites,61
Houston,HAFS,Public Service Commissioner,3,Democrat,Keisha Sean Waites,5
Houston,HEFS,Public Service Commissioner,3,Democrat,Keisha Sean Waites,4
Houston,TWPK,Public Service Commissioner,3,Democrat,Keisha Sean Waites,36
Houston,TMS,Public Service Commissioner,3,Democrat,Keisha Sean Waites,39
Houston,MCMS,Public Service Commissioner,3,Democrat,Keisha Sean Waites,52
Houston,FMMS,Public Service Commissioner,3,Democrat,Peter Hubbard,44
Houston,BMS,Public Service Commissioner,3,Democrat,Peter Hubbard,21
Houston,MCMS,Public Service Commissioner,3,Democrat,Peter Hubbard,27
Houston,HHPC,Public Service Commissioner,3,Democrat,Peter Hubbard,30
Houston,HEFS,Public Service Commissioner,3,Democrat,Peter Hubbard,2
Houston,HAFS,Public Service Commissioner,3,Democrat,Peter Hubbard,6
Houston,CGTC,Public Service Commissioner,3,Democrat,Peter Hubbard,31
Houston,CENT,Public Service Commissioner,3,Democrat,Peter Hubbard,19
Houston,ANNX,Public Service Commissioner,3,Democrat,Peter Hubbard,27
Houston,NHSC,Public Service Commissioner,3,Democrat,Peter Hubbard,14
Houston,ROZR,Public Service Commissioner,3,Democrat,Peter Hubbard,25
Houston,TMS,Public Service Commissioner,3,Democrat,Peter Hubbard,30
Houston,TWPK,Public Service Commissioner,3,Democrat,Peter Hubbard,31
Houston,VFW,Public Service Commissioner,3,Democrat,Peter Hubbard,27
Houston,VHS,Public Service Commissioner,3,Democrat,Peter Hubbard,35
Houston,Wellston Center,Public Service Commissioner,3,Democrat,Peter Hubbard,43
Houston,PEC,Public Service Commissioner,3,Democrat,Peter Hubbard,20
Irwin,Irwinville,Public Service Commissioner,3,Democrat,Keisha Sean Waites,0
Irwin,Ocilla,Public Service Commissioner,3,Democrat,Keisha Sean Waites,16
Irwin,Ocilla,Public Service Commissioner,3,Democrat,Peter Hubbard,23
Irwin,Irwinville,Public Service Commissioner,3,Democrat,Peter Hubbard,0
Jackson,Central Jackson,Public Service Commissioner,3,Democrat,Keisha Sean Waites,14
Jackson,North Jackson,Public Service Commissioner,3,Democrat,Keisha Sean Waites,14
Jackson,West Jackson,Public Service Commissioner,3,Democrat,Keisha Sean Waites,28
Jackson,South Jackson,Public Service Commissioner,3,Democrat,Keisha Sean Waites,6
Jackson,North Jackson,Public Service Commissioner,3,Democrat,Peter Hubbard,18
Jackson,West Jackson,Public Service Commissioner,3,Democrat,Peter Hubbard,59
Jackson,South Jackson,Public Service Commissioner,3,Democrat,Peter Hubbard,30
Jackson,Central Jackson,Public Service Commissioner,3,Democrat,Peter Hubbard,27
Jasper,Martin & Burney,Public Service Commissioner,3,Democrat,Keisha Sean Waites,0
Jasper,Wyatt,Public Service Commissioner,3,Democrat,Keisha Sean Waites,3
Jasper,Monticello,Public Service Commissioner,3,Democrat,Keisha Sean Waites,38
Jasper,Martin & Burney,Public Service Commissioner,3,Democrat,Peter Hubbard,7
Jasper,Wyatt,Public Service Commissioner,3,Democrat,Peter Hubbard,4
Jasper,Monticello,Public Service Commissioner,3,Democrat,Peter Hubbard,28
Jeff Davis,Hazlehurst,Public Service Commissioner,3,Democrat,Keisha Sean Waites,8
Jeff Davis,Altamaha 1,Public Service Commissioner,3,Democrat,Keisha Sean Waites,0
Jeff Davis,Altamaha 2,Public Service Commissioner,3,Democrat,Keisha Sean Waites,0
Jeff Davis,Blackburn 1,Public Service Commissioner,3,Democrat,Keisha Sean Waites,0
Jeff Davis,Blackburn 2,Public Service Commissioner,3,Democrat,Keisha Sean Waites,0
Jeff Davis,Whitehead 1,Public Service Commissioner,3,Democrat,Keisha Sean Waites,0
Jeff Davis,Whitehead 2,Public Service Commissioner,3,Democrat,Keisha Sean Waites,0
Jeff Davis,Ocmulgee 1,Public Service Commissioner,3,Democrat,Keisha Sean Waites,0
Jeff Davis,Ocmulgee 2,Public Service Commissioner,3,Democrat,Keisha Sean Waites,9
Jeff Davis,Altamaha 1,Public Service Commissioner,3,Democrat,Peter Hubbard,0
Jeff Davis,Altamaha 2,Public Service Commissioner,3,Democrat,Peter Hubbard,0
Jeff Davis,Blackburn 1,Public Service Commissioner,3,Democrat,Peter Hubbard,0
Jeff Davis,Blackburn 2,Public Service Commissioner,3,Democrat,Peter Hubbard,0
Jeff Davis,Whitehead 1,Public Service Commissioner,3,Democrat,Peter Hubbard,0
Jeff Davis,Whitehead 2,Public Service Commissioner,3,Democrat,Peter Hubbard,0
Jeff Davis,Ocmulgee 1,Public Service Commissioner,3,Democrat,Peter Hubbard,0
Jeff Davis,Ocmulgee 2,Public Service Commissioner,3,Democrat,Peter Hubbard,0
Jeff Davis,Hazlehurst,Public Service Commissioner,3,Democrat,Peter Hubbard,0
Jefferson,Bartow,Public Service Commissioner,3,Democrat,Keisha Sean Waites,5
Jefferson,Louisville,Public Service Commissioner,3,Democrat,Keisha Sean Waites,79
Jefferson,Matthews,Public Service Commissioner,3,Democrat,Keisha Sean Waites,6
Jefferson,Stapleton,Public Service Commissioner,3,Democrat,Keisha Sean Waites,4
Jefferson,Stapleton Crossroads,Public Service Commissioner,3,Democrat,Keisha Sean Waites,8
Jefferson,Avera,Public Service Commissioner,3,Democrat,Keisha Sean Waites,0
Jefferson,Wadley,Public Service Commissioner,3,Democrat,Keisha Sean Waites,15
Jefferson,Wrens,Public Service Commissioner,3,Democrat,Keisha Sean Waites,50
Jefferson,Louisville,Public Service Commissioner,3,Democrat,Peter Hubbard,41
Jefferson,Bartow,Public Service Commissioner,3,Democrat,Peter Hubbard,2
Jefferson,Stapleton,Public Service Commissioner,3,Democrat,Peter Hubbard,6
Jefferson,Avera,Public Service Commissioner,3,Democrat,Peter Hubbard,0
Jefferson,Wrens,Public Service Commissioner,3,Democrat,Peter Hubbard,45
Jefferson,Wadley,Public Service Commissioner,3,Democrat,Peter Hubbard,31
Jefferson,Stapleton Crossroads,Public Service Commissioner,3,Democrat,Peter Hubbard,8
Jefferson,Matthews,Public Service Commissioner,3,Democrat,Peter Hubbard,6
Jenkins,Senior Citizens Center,Public Service Commissioner,3,Democrat,Keisha Sean Waites,4
Jenkins,Four Points,Public Service Commissioner,3,Democrat,Keisha Sean Waites,0
Jenkins,Perkins,Public Service Commissioner,3,Democrat,Keisha Sean Waites,3
Jenkins,Primary School,Public Service Commissioner,3,Democrat,Keisha Sean Waites,14
Jenkins,Court House,Public Service Commissioner,3,Democrat,Keisha Sean Waites,8
Jenkins,Court House,Public Service Commissioner,3,Democrat,Peter Hubbard,4
Jenkins,Four Points,Public Service Commissioner,3,Democrat,Peter Hubbard,0
Jenkins,Perkins,Public Service Commissioner,3,Democrat,Peter Hubbard,4
Jenkins,Primary School,Public Service Commissioner,3,Democrat,Peter Hubbard,1
Jenkins,Senior Citizens Center,Public Service Commissioner,3,Democrat,Peter Hubbard,5
Johnson,Bray,Public Service Commissioner,3,Democrat,Keisha Sean Waites,0
Johnson,Kite,Public Service Commissioner,3,Democrat,Keisha Sean Waites,0
Johnson,Smith,Public Service Commissioner,3,Democrat,Keisha Sean Waites,0
Johnson,Wrightsville,Public Service Commissioner,3,Democrat,Keisha Sean Waites,13
Johnson,Kite,Public Service Commissioner,3,Democrat,Peter Hubbard,0
Johnson,Smith,Public Service Commissioner,3,Democrat,Peter Hubbard,0
Johnson,Wrightsville,Public Service Commissioner,3,Democrat,Peter Hubbard,7
Johnson,Bray,Public Service Commissioner,3,Democrat,Peter Hubbard,0
Jones,Gray,Public Service Commissioner,3,Democrat,Keisha Sean Waites,11
Jones,Davidson,Public Service Commissioner,3,Democrat,Keisha Sean Waites,3
Jones,Sanders,Public Service Commissioner,3,Democrat,Keisha Sean Waites,0
Jones,Roberts,Public Service Commissioner,3,Democrat,Keisha Sean Waites,14
Jones,Pope,Public Service Commissioner,3,Democrat,Keisha Sean Waites,13
Jones,Hawkins,Public Service Commissioner,3,Democrat,Keisha Sean Waites,8
Jones,Finney,Public Service Commissioner,3,Democrat,Keisha Sean Waites,4
Jones,Ethridge,Public Service Commissioner,3,Democrat,Keisha Sean Waites,9
Jones,Clinton,Public Service Commissioner,3,Democrat,Keisha Sean Waites,10
Jones,Barron,Public Service Commissioner,3,Democrat,Keisha Sean Waites,7
Jones,Clinton,Public Service Commissioner,3,Democrat,Peter Hubbard,4
Jones,Ethridge,Public Service Commissioner,3,Democrat,Peter Hubbard,8
Jones,Sanders,Public Service Commissioner,3,Democrat,Peter Hubbard,0
Jones,Roberts,Public Service Commissioner,3,Democrat,Peter Hubbard,1
Jones,Pope,Public Service Commissioner,3,Democrat,Peter Hubbard,1
Jones,Finney,Public Service Commissioner,3,Democrat,Peter Hubbard,2
Jones,Gray,Public Service Commissioner,3,Democrat,Peter Hubbard,11
Jones,Hawkins,Public Service Commissioner,3,Democrat,Peter Hubbard,8
Jones,Davidson,Public Service Commissioner,3,Democrat,Peter Hubbard,6
Jones,Barron,Public Service Commissioner,3,Democrat,Peter Hubbard,2
Lamar,Milner,Public Service Commissioner,3,Democrat,Keisha Sean Waites,20
Lamar,LCSC,Public Service Commissioner,3,Democrat,Keisha Sean Waites,13
Lamar,Barnesville Civic Center,Public Service Commissioner,3,Democrat,Keisha Sean Waites,15
Lamar,Barnesville Library,Public Service Commissioner,3,Democrat,Keisha Sean Waites,24
Lamar,Milner,Public Service Commissioner,3,Democrat,Peter Hubbard,20
Lamar,LCSC,Public Service Commissioner,3,Democrat,Peter Hubbard,12
Lamar,Barnesville Civic Center,Public Service Commissioner,3,Democrat,Peter Hubbard,16
Lamar,Barnesville Library,Public Service Commissioner,3,Democrat,Peter Hubbard,23
Lanier,Lakeland,Public Service Commissioner,3,Democrat,Keisha Sean Waites,31
Lanier,Lakeland,Public Service Commissioner,3,Democrat,Peter Hubbard,12
Laurens,Buckeye,Public Service Commissioner,3,Democrat,Keisha Sean Waites,7
Laurens,Hampton Mill,Public Service Commissioner,3,Democrat,Keisha Sean Waites,0
Laurens,"LCFS #10 (Valambrosia)",Public Service Commissioner,3,Democrat,Keisha Sean Waites,16
Laurens,Minter,Public Service Commissioner,3,Democrat,Keisha Sean Waites,0
Laurens,Reedy Springs,Public Service Commissioner,3,Democrat,Keisha Sean Waites,0
Laurens,"Rural Fire Station #17",Public Service Commissioner,3,Democrat,Keisha Sean Waites,0
Laurens,Smith,Public Service Commissioner,3,Democrat,Keisha Sean Waites,16
Laurens,"W T Adams Fire Sta #18",Public Service Commissioner,3,Democrat,Keisha Sean Waites,16
Laurens,"Fire Dept Station #5",Public Service Commissioner,3,Democrat,Keisha Sean Waites,16
Laurens,Dudley,Public Service Commissioner,3,Democrat,Keisha Sean Waites,0
Laurens,Calhoun Park,Public Service Commissioner,3,Democrat,Keisha Sean Waites,49
Laurens,Burch,Public Service Commissioner,3,Democrat,Keisha Sean Waites,0
Laurens,Brewton,Public Service Commissioner,3,Democrat,Keisha Sean Waites,0
Laurens,Hampton Mill,Public Service Commissioner,3,Democrat,Peter Hubbard,0
Laurens,"LCFS #10 (Valambrosia)",Public Service Commissioner,3,Democrat,Peter Hubbard,3
Laurens,Minter,Public Service Commissioner,3,Democrat,Peter Hubbard,0
Laurens,Reedy Springs,Public Service Commissioner,3,Democrat,Peter Hubbard,0
Laurens,Burch,Public Service Commissioner,3,Democrat,Peter Hubbard,0
Laurens,"Fire Dept Station #5",Public Service Commissioner,3,Democrat,Peter Hubbard,5
Laurens,Dudley,Public Service Commissioner,3,Democrat,Peter Hubbard,0
Laurens,Calhoun Park,Public Service Commissioner,3,Democrat,Peter Hubbard,21
Laurens,Smith,Public Service Commissioner,3,Democrat,Peter Hubbard,3
Laurens,Buckeye,Public Service Commissioner,3,Democrat,Peter Hubbard,0
Laurens,"W T Adams Fire Sta #18",Public Service Commissioner,3,Democrat,Peter Hubbard,2
Laurens,Brewton,Public Service Commissioner,3,Democrat,Peter Hubbard,0
Laurens,"Rural Fire Station #17",Public Service Commissioner,3,Democrat,Peter Hubbard,0
Lee,Friendship Baptist,Public Service Commissioner,3,Democrat,Keisha Sean Waites,0
Lee,Century Fire Station,Public Service Commissioner,3,Democrat,Keisha Sean Waites,4
Lee,Redbone,Public Service Commissioner,3,Democrat,Keisha Sean Waites,21
Lee,Smithville,Public Service Commissioner,3,Democrat,Keisha Sean Waites,2
Lee,CJC,Public Service Commissioner,3,Democrat,Keisha Sean Waites,0
Lee,Leesburg,Public Service Commissioner,3,Democrat,Keisha Sean Waites,7
Lee,Chokee,Public Service Commissioner,3,Democrat,Keisha Sean Waites,6
Lee,The Bindery at Oakland,Public Service Commissioner,3,Democrat,Keisha Sean Waites,7
Lee,SDA Church,Public Service Commissioner,3,Democrat,Keisha Sean Waites,2
Lee,Flint Reformed Baptist,Public Service Commissioner,3,Democrat,Keisha Sean Waites,9
Lee,CJC,Public Service Commissioner,3,Democrat,Peter Hubbard,0
Lee,Friendship Baptist,Public Service Commissioner,3,Democrat,Peter Hubbard,0
Lee,Leesburg,Public Service Commissioner,3,Democrat,Peter Hubbard,2
Lee,The Bindery at Oakland,Public Service Commissioner,3,Democrat,Peter Hubbard,6
Lee,SDA Church,Public Service Commissioner,3,Democrat,Peter Hubbard,3
Lee,Flint Reformed Baptist,Public Service Commissioner,3,Democrat,Peter Hubbard,5
Lee,Chokee,Public Service Commissioner,3,Democrat,Peter Hubbard,2
Lee,Redbone,Public Service Commissioner,3,Democrat,Peter Hubbard,5
Lee,Smithville,Public Service Commissioner,3,Democrat,Peter Hubbard,4
Lee,Century Fire Station,Public Service Commissioner,3,Democrat,Peter Hubbard,3
Liberty,Victory Baptist,Public Service Commissioner,3,Democrat,Keisha Sean Waites,46
Liberty,Town of Allenhurst,Public Service Commissioner,3,Democrat,Keisha Sean Waites,31
Liberty,Riceboro Youth Center,Public Service Commissioner,3,Democrat,Keisha Sean Waites,35
Liberty,Progressive Church,Public Service Commissioner,3,Democrat,Keisha Sean Waites,42
Liberty,Performing Arts Center,Public Service Commissioner,3,Democrat,Keisha Sean Waites,21
Liberty,Memorial Drive East,Public Service Commissioner,3,Democrat,Keisha Sean Waites,13
Liberty,Lyman Hall School,Public Service Commissioner,3,Democrat,Keisha Sean Waites,52
Liberty,Liberty Co Complex,Public Service Commissioner,3,Democrat,Keisha Sean Waites,56
Liberty,Lewis Frasier School,Public Service Commissioner,3,Democrat,Keisha Sean Waites,29
Liberty,Hinesville,Public Service Commissioner,3,Democrat,Keisha Sean Waites,26
Liberty,Gum Branch,Public Service Commissioner,3,Democrat,Keisha Sean Waites,19
Liberty,Fleming East,Public Service Commissioner,3,Democrat,Keisha Sean Waites,11
Liberty,Victory Baptist,Public Service Commissioner,3,Democrat,Peter Hubbard,23
Liberty,Riceboro Youth Center,Public Service Commissioner,3,Democrat,Peter Hubbard,15
Liberty,Town of Allenhurst,Public Service Commissioner,3,Democrat,Peter Hubbard,12
Liberty,Progressive Church,Public Service Commissioner,3,Democrat,Peter Hubbard,11
Liberty,Performing Arts Center,Public Service Commissioner,3,Democrat,Peter Hubbard,14
Liberty,Memorial Drive East,Public Service Commissioner,3,Democrat,Peter Hubbard,11
Liberty,Lyman Hall School,Public Service Commissioner,3,Democrat,Peter Hubbard,38
Liberty,Liberty Co Complex,Public Service Commissioner,3,Democrat,Peter Hubbard,35
Liberty,Lewis Frasier School,Public Service Commissioner,3,Democrat,Peter Hubbard,17
Liberty,Hinesville,Public Service Commissioner,3,Democrat,Peter Hubbard,22
Liberty,Gum Branch,Public Service Commissioner,3,Democrat,Peter Hubbard,8
Liberty,Fleming East,Public Service Commissioner,3,Democrat,Peter Hubbard,14
Lincoln,Lincoln Club House,Public Service Commissioner,3,Democrat,Keisha Sean Waites,10
Lincoln,Lincoln Center,Public Service Commissioner,3,Democrat,Keisha Sean Waites,8
Lincoln,Martins Crossroad,Public Service Commissioner,3,Democrat,Keisha Sean Waites,8
Lincoln,Bethany Church,Public Service Commissioner,3,Democrat,Keisha Sean Waites,0
Lincoln,Tabernacle,Public Service Commissioner,3,Democrat,Keisha Sean Waites,10
Lincoln,Faith Temple of Lincoln,Public Service Commissioner,3,Democrat,Keisha Sean Waites,0
Lincoln,Midway,Public Service Commissioner,3,Democrat,Keisha Sean Waites,0
Lincoln,Midway,Public Service Commissioner,3,Democrat,Peter Hubbard,0
Lincoln,Lincoln Club House,Public Service Commissioner,3,Democrat,Peter Hubbard,6
Lincoln,Lincoln Center,Public Service Commissioner,3,Democrat,Peter Hubbard,2
Lincoln,Faith Temple of Lincoln,Public Service Commissioner,3,Democrat,Peter Hubbard,0
Lincoln,Tabernacle,Public Service Commissioner,3,Democrat,Peter Hubbard,0
Lincoln,Bethany Church,Public Service Commissioner,3,Democrat,Peter Hubbard,0
Lincoln,Martins Crossroad,Public Service Commissioner,3,Democrat,Peter Hubbard,1
Long,Marcus,Public Service Commissioner,3,Democrat,Keisha Sean Waites,0
Long,City Hall,Public Service Commissioner,3,Democrat,Keisha Sean Waites,5
Long,Alma,Public Service Commissioner,3,Democrat,Keisha Sean Waites,5
Long,Tibet,Public Service Commissioner,3,Democrat,Keisha Sean Waites,0
Long,Annex Blue,Public Service Commissioner,3,Democrat,Keisha Sean Waites,2
Long,Annex Red,Public Service Commissioner,3,Democrat,Keisha Sean Waites,6
Long,Darwell,Public Service Commissioner,3,Democrat,Keisha Sean Waites,9
Long,Marcus,Public Service Commissioner,3,Democrat,Peter Hubbard,0
Long,City Hall,Public Service Commissioner,3,Democrat,Peter Hubbard,4
Long,Alma,Public Service Commissioner,3,Democrat,Peter Hubbard,1
Long,Tibet,Public Service Commissioner,3,Democrat,Peter Hubbard,0
Long,Annex Blue,Public Service Commissioner,3,Democrat,Peter Hubbard,4
Long,Annex Red,Public Service Commissioner,3,Democrat,Peter Hubbard,3
Long,Darwell,Public Service Commissioner,3,Democrat,Peter Hubbard,2
Lowndes,Trinity Church,Public Service Commissioner,3,Democrat,Keisha Sean Waites,7
Lowndes,Elections Office,Public Service Commissioner,3,Democrat,Keisha Sean Waites,24
Lowndes,Pine Grove Church,Public Service Commissioner,3,Democrat,Keisha Sean Waites,10
Lowndes,Hahira Community Center,Public Service Commissioner,3,Democrat,Keisha Sean Waites,1
Lowndes,Jaycee Community Center,Public Service Commissioner,3,Democrat,Keisha Sean Waites,20
Lowndes,South Lowndes Recreation Center,Public Service Commissioner,3,Democrat,Keisha Sean Waites,0
Lowndes,Lake Park,Public Service Commissioner,3,Democrat,Keisha Sean Waites,1
Lowndes,Dasher,Public Service Commissioner,3,Democrat,Keisha Sean Waites,0
Lowndes,Clyattville Community Center,Public Service Commissioner,3,Democrat,Keisha Sean Waites,0
Lowndes,Mildred Community Center,Public Service Commissioner,3,Democrat,Keisha Sean Waites,22
Lowndes,Mt. Calvary Church,Public Service Commissioner,3,Democrat,Keisha Sean Waites,16
Lowndes,VSU,Public Service Commissioner,3,Democrat,Keisha Sean Waites,0
Lowndes,Rainwater,Public Service Commissioner,3,Democrat,Keisha Sean Waites,50
Lowndes,Naylor Community Center,Public Service Commissioner,3,Democrat,Keisha Sean Waites,6
Lowndes,Lowndes Civic,Public Service Commissioner,3,Democrat,Keisha Sean Waites,52
Lowndes,New Jerusalem,Public Service Commissioner,3,Democrat,Keisha Sean Waites,30
Lowndes,Train Depot,Public Service Commissioner,3,Democrat,Keisha Sean Waites,4
Lowndes,Jaycee Community Center,Public Service Commissioner,3,Democrat,Peter Hubbard,5
Lowndes,South Lowndes Recreation Center,Public Service Commissioner,3,Democrat,Peter Hubbard,0
Lowndes,Naylor Community Center,Public Service Commissioner,3,Democrat,Peter Hubbard,5
Lowndes,New Jerusalem,Public Service Commissioner,3,Democrat,Peter Hubbard,10
Lowndes,Trinity Church,Public Service Commissioner,3,Democrat,Peter Hubbard,11
Lowndes,Elections Office,Public Service Commissioner,3,Democrat,Peter Hubbard,37
Lowndes,Pine Grove Church,Public Service Commissioner,3,Democrat,Peter Hubbard,6
Lowndes,Hahira Community Center,Public Service Commissioner,3,Democrat,Peter Hubbard,7
Lowndes,Train Depot,Public Service Commissioner,3,Democrat,Peter Hubbard,5
Lowndes,Rainwater,Public Service Commissioner,3,Democrat,Peter Hubbard,27
Lowndes,VSU,Public Service Commissioner,3,Democrat,Peter Hubbard,0
Lowndes,Mt. Calvary Church,Public Service Commissioner,3,Democrat,Peter Hubbard,9
Lowndes,Mildred Community Center,Public Service Commissioner,3,Democrat,Peter Hubbard,10
Lowndes,Clyattville Community Center,Public Service Commissioner,3,Democrat,Peter Hubbard,0
Lowndes,Dasher,Public Service Commissioner,3,Democrat,Peter Hubbard,0
Lowndes,Lake Park,Public Service Commissioner,3,Democrat,Peter Hubbard,7
Lowndes,Lowndes Civic,Public Service Commissioner,3,Democrat,Peter Hubbard,31
Lumpkin,Dahlonega,Public Service Commissioner,3,Democrat,Keisha Sean Waites,15
Lumpkin,Dahlonega,Public Service Commissioner,3,Democrat,Peter Hubbard,88
Macon,"Montezuma #5",Public Service Commissioner,3,Democrat,Keisha Sean Waites,38
Macon,"Montezuma #4",Public Service Commissioner,3,Democrat,Keisha Sean Waites,34
Macon,Marshallville,Public Service Commissioner,3,Democrat,Keisha Sean Waites,23
Macon,Oglethorpe,Public Service Commissioner,3,Democrat,Keisha Sean Waites,26
Macon,Ideal,Public Service Commissioner,3,Democrat,Keisha Sean Waites,13
Macon,"Montezuma #5",Public Service Commissioner,3,Democrat,Peter Hubbard,8
Macon,Ideal,Public Service Commissioner,3,Democrat,Peter Hubbard,6
Macon,Oglethorpe,Public Service Commissioner,3,Democrat,Peter Hubbard,7
Macon,Marshallville,Public Service Commissioner,3,Democrat,Peter Hubbard,14
Macon,"Montezuma #4",Public Service Commissioner,3,Democrat,Peter Hubbard,19
Madison,Poca,Public Service Commissioner,3,Democrat,Keisha Sean Waites,2
Madison,Pittman,Public Service Commissioner,3,Democrat,Keisha Sean Waites,3
Madison,Paoli,Public Service Commissioner,3,Democrat,Keisha Sean Waites,0
Madison,Mill,Public Service Commissioner,3,Democrat,Keisha Sean Waites,1
Madison,Ila,Public Service Commissioner,3,Democrat,Keisha Sean Waites,0
Madison,Hull,Public Service Commissioner,3,Democrat,Keisha Sean Waites,9
Madison,Harrison,Public Service Commissioner,3,Democrat,Keisha Sean Waites,0
Madison,Fork,Public Service Commissioner,3,Democrat,Keisha Sean Waites,1
Madison,Danielsville,Public Service Commissioner,3,Democrat,Keisha Sean Waites,5
Madison,Comer,Public Service Commissioner,3,Democrat,Keisha Sean Waites,0
Madison,Collins,Public Service Commissioner,3,Democrat,Keisha Sean Waites,0
Madison,Colbert,Public Service Commissioner,3,Democrat,Keisha Sean Waites,7
Madison,Pittman,Public Service Commissioner,3,Democrat,Peter Hubbard,8
Madison,Colbert,Public Service Commissioner,3,Democrat,Peter Hubbard,8
Madison,Collins,Public Service Commissioner,3,Democrat,Peter Hubbard,0
Madison,Comer,Public Service Commissioner,3,Democrat,Peter Hubbard,0
Madison,Danielsville,Public Service Commissioner,3,Democrat,Peter Hubbard,22
Madison,Poca,Public Service Commissioner,3,Democrat,Peter Hubbard,5
Madison,Fork,Public Service Commissioner,3,Democrat,Peter Hubbard,8
Madison,Harrison,Public Service Commissioner,3,Democrat,Peter Hubbard,0
Madison,Hull,Public Service Commissioner,3,Democrat,Peter Hubbard,11
Madison,Ila,Public Service Commissioner,3,Democrat,Peter Hubbard,0
Madison,Mill,Public Service Commissioner,3,Democrat,Peter Hubbard,5
Madison,Paoli,Public Service Commissioner,3,Democrat,Peter Hubbard,0
Marion,Brantley,Public Service Commissioner,3,Democrat,Keisha Sean Waites,0
Marion,Tazewell,Public Service Commissioner,3,Democrat,Keisha Sean Waites,0
Marion,Buena Vista,Public Service Commissioner,3,Democrat,Keisha Sean Waites,43
Marion,Pineknot,Public Service Commissioner,3,Democrat,Keisha Sean Waites,0
Marion,Fort Perry,Public Service Commissioner,3,Democrat,Keisha Sean Waites,0
Marion,Pineknot,Public Service Commissioner,3,Democrat,Peter Hubbard,0
Marion,Buena Vista,Public Service Commissioner,3,Democrat,Peter Hubbard,10
Marion,Tazewell,Public Service Commissioner,3,Democrat,Peter Hubbard,0
Marion,Brantley,Public Service Commissioner,3,Democrat,Peter Hubbard,0
Marion,Fort Perry,Public Service Commissioner,3,Democrat,Peter Hubbard,0
McDuffie,Fort Creek,Public Service Commissioner,3,Democrat,Keisha Sean Waites,0
McDuffie,Dearing,Public Service Commissioner,3,Democrat,Keisha Sean Waites,0
McDuffie,White Oak,Public Service Commissioner,3,Democrat,Keisha Sean Waites,8
McDuffie,Sweetwater,Public Service Commissioner,3,Democrat,Keisha Sean Waites,0
McDuffie,Depot,Public Service Commissioner,3,Democrat,Keisha Sean Waites,9
McDuffie,Cedar Rock,Public Service Commissioner,3,Democrat,Keisha Sean Waites,37
McDuffie,NMcDuffie,Public Service Commissioner,3,Democrat,Keisha Sean Waites,0
McDuffie,NMcDuffie,Public Service Commissioner,3,Democrat,Peter Hubbard,0
McDuffie,Cedar Rock,Public Service Commissioner,3,Democrat,Peter Hubbard,9
McDuffie,Depot,Public Service Commissioner,3,Democrat,Peter Hubbard,5
McDuffie,Sweetwater,Public Service Commissioner,3,Democrat,Peter Hubbard,0
McDuffie,White Oak,Public Service Commissioner,3,Democrat,Peter Hubbard,6
McDuffie,Dearing,Public Service Commissioner,3,Democrat,Peter Hubbard,6
McDuffie,Fort Creek,Public Service Commissioner,3,Democrat,Peter Hubbard,5
McIntosh,South Newport,Public Service Commissioner,3,Democrat,Keisha Sean Waites,11
McIntosh,Crescent,Public Service Commissioner,3,Democrat,Keisha Sean Waites,36
McIntosh,Darien,Public Service Commissioner,3,Democrat,Keisha Sean Waites,21
McIntosh,North Darien,Public Service Commissioner,3,Democrat,Keisha Sean Waites,31
McIntosh,Sapelo Island,Public Service Commissioner,3,Democrat,Keisha Sean Waites,6
McIntosh,Crescent,Public Service Commissioner,3,Democrat,Peter Hubbard,15
McIntosh,Darien,Public Service Commissioner,3,Democrat,Peter Hubbard,8
McIntosh,North Darien,Public Service Commissioner,3,Democrat,Peter Hubbard,21
McIntosh,Sapelo Island,Public Service Commissioner,3,Democrat,Peter Hubbard,3
McIntosh,South Newport,Public Service Commissioner,3,Democrat,Peter Hubbard,16
Meriwether,Chalybeate,Public Service Commissioner,3,Democrat,Keisha Sean Waites,0
Meriwether,Raleigh,Public Service Commissioner,3,Democrat,Keisha Sean Waites,0
Meriwether,Third-Durand,Public Service Commissioner,3,Democrat,Keisha Sean Waites,2
Meriwether,2nd-Warm Springs,Public Service Commissioner,3,Democrat,Keisha Sean Waites,2
Meriwether,Lower 9th-Woodbury,Public Service Commissioner,3,Democrat,Keisha Sean Waites,0
Meriwether,Middle 9th-Gay,Public Service Commissioner,3,Democrat,Keisha Sean Waites,0
Meriwether,Upper 9th-Alvaton,Public Service Commissioner,3,Democrat,Keisha Sean Waites,4
Meriwether,Luthersville,Public Service Commissioner,3,Democrat,Keisha Sean Waites,24
Meriwether,Lone Oak,Public Service Commissioner,3,Democrat,Keisha Sean Waites,15
Meriwether,8th-Greenville,Public Service Commissioner,3,Democrat,Keisha Sean Waites,16
Meriwether,7th-Odessadale,Public Service Commissioner,3,Democrat,Keisha Sean Waites,4
Meriwether,Gill II,Public Service Commissioner,3,Democrat,Keisha Sean Waites,24
Meriwether,Gill I,Public Service Commissioner,3,Democrat,Keisha Sean Waites,7
Meriwether,Cove,Public Service Commissioner,3,Democrat,Keisha Sean Waites,0
Meriwether,8th-Greenville,Public Service Commissioner,3,Democrat,Peter Hubbard,7
Meriwether,Cove,Public Service Commissioner,3,Democrat,Peter Hubbard,0
Meriwether,Chalybeate,Public Service Commissioner,3,Democrat,Peter Hubbard,0
Meriwether,Upper 9th-Alvaton,Public Service Commissioner,3,Democrat,Peter Hubbard,1
Meriwether,Lower 9th-Woodbury,Public Service Commissioner,3,Democrat,Peter Hubbard,0
Meriwether,2nd-Warm Springs,Public Service Commissioner,3,Democrat,Peter Hubbard,6
Meriwether,Lone Oak,Public Service Commissioner,3,Democrat,Peter Hubbard,2
Meriwether,Luthersville,Public Service Commissioner,3,Democrat,Peter Hubbard,13
Meriwether,7th-Odessadale,Public Service Commissioner,3,Democrat,Peter Hubbard,1
Meriwether,Gill I,Public Service Commissioner,3,Democrat,Peter Hubbard,9
Meriwether,Gill II,Public Service Commissioner,3,Democrat,Peter Hubbard,1
Meriwether,Middle 9th-Gay,Public Service Commissioner,3,Democrat,Peter Hubbard,0
Meriwether,Raleigh,Public Service Commissioner,3,Democrat,Peter Hubbard,0
Meriwether,Third-Durand,Public Service Commissioner,3,Democrat,Peter Hubbard,4
Miller,Colquitt-Miller,Public Service Commissioner,3,Democrat,Keisha Sean Waites,5
Miller,Colquitt-Miller,Public Service Commissioner,3,Democrat,Peter Hubbard,3
Mitchell,Sale City,Public Service Commissioner,3,Democrat,Keisha Sean Waites,1
Mitchell,Pelham,Public Service Commissioner,3,Democrat,Keisha Sean Waites,17
Mitchell,Branchville,Public Service Commissioner,3,Democrat,Keisha Sean Waites,0
Mitchell,Baconton,Public Service Commissioner,3,Democrat,Keisha Sean Waites,12
Mitchell,Lester,Public Service Commissioner,3,Democrat,Keisha Sean Waites,5
Mitchell,Hinsonton,Public Service Commissioner,3,Democrat,Keisha Sean Waites,0
Mitchell,Camilla South,Public Service Commissioner,3,Democrat,Keisha Sean Waites,42
Mitchell,Cotton,Public Service Commissioner,3,Democrat,Keisha Sean Waites,0
Mitchell,Hopeful,Public Service Commissioner,3,Democrat,Keisha Sean Waites,0
Mitchell,Camilla North,Public Service Commissioner,3,Democrat,Keisha Sean Waites,30
Mitchell,Baconton,Public Service Commissioner,3,Democrat,Peter Hubbard,6
Mitchell,Sale City,Public Service Commissioner,3,Democrat,Peter Hubbard,3
Mitchell,Pelham,Public Service Commissioner,3,Democrat,Peter Hubbard,15
Mitchell,Lester,Public Service Commissioner,3,Democrat,Peter Hubbard,7
Mitchell,Hinsonton,Public Service Commissioner,3,Democrat,Peter Hubbard,0
Mitchell,Hopeful,Public Service Commissioner,3,Democrat,Peter Hubbard,0
Mitchell,Camilla South,Public Service Commissioner,3,Democrat,Peter Hubbard,23
Mitchell,Cotton,Public Service Commissioner,3,Democrat,Peter Hubbard,0
Mitchell,Camilla North,Public Service Commissioner,3,Democrat,Peter Hubbard,23
Mitchell,Branchville,Public Service Commissioner,3,Democrat,Peter Hubbard,0
Monroe,Cabaniss,Public Service Commissioner,3,Democrat,Keisha Sean Waites,3
Monroe,Burgays,Public Service Commissioner,3,Democrat,Keisha Sean Waites,8
Monroe,Brantleys,Public Service Commissioner,3,Democrat,Keisha Sean Waites,0
Monroe,Bentons,Public Service Commissioner,3,Democrat,Keisha Sean Waites,6
Monroe,Russellville,Public Service Commissioner,3,Democrat,Keisha Sean Waites,0
Monroe,Proctors,Public Service Commissioner,3,Democrat,Keisha Sean Waites,4
Monroe,Middlebrooks,Public Service Commissioner,3,Democrat,Keisha Sean Waites,3
Monroe,Kelseys,Public Service Commissioner,3,Democrat,Keisha Sean Waites,0
Monroe,High Falls,Public Service Commissioner,3,Democrat,Keisha Sean Waites,9
Monroe,Forsyth,Public Service Commissioner,3,Democrat,Keisha Sean Waites,55
Monroe,Evers,Public Service Commissioner,3,Democrat,Keisha Sean Waites,3
Monroe,Dillards,Public Service Commissioner,3,Democrat,Keisha Sean Waites,2
Monroe,Culloden,Public Service Commissioner,3,Democrat,Keisha Sean Waites,0
Monroe,Cox,Public Service Commissioner,3,Democrat,Keisha Sean Waites,6
Monroe,Dillards,Public Service Commissioner,3,Democrat,Peter Hubbard,5
Monroe,Middlebrooks,Public Service Commissioner,3,Democrat,Peter Hubbard,2
Monroe,Proctors,Public Service Commissioner,3,Democrat,Peter Hubbard,2
Monroe,Burgays,Public Service Commissioner,3,Democrat,Peter Hubbard,3
Monroe,Kelseys,Public Service Commissioner,3,Democrat,Peter Hubbard,0
Monroe,High Falls,Public Service Commissioner,3,Democrat,Peter Hubbard,5
Monroe,Russellville,Public Service Commissioner,3,Democrat,Peter Hubbard,0
Monroe,Forsyth,Public Service Commissioner,3,Democrat,Peter Hubbard,21
Monroe,Evers,Public Service Commissioner,3,Democrat,Peter Hubbard,7
Monroe,Cox,Public Service Commissioner,3,Democrat,Peter Hubbard,1
Monroe,Cabaniss,Public Service Commissioner,3,Democrat,Peter Hubbard,4
Monroe,Bentons,Public Service Commissioner,3,Democrat,Peter Hubbard,3
Monroe,Brantleys,Public Service Commissioner,3,Democrat,Peter Hubbard,7
Monroe,Culloden,Public Service Commissioner,3,Democrat,Peter Hubbard,0
Montgomery,Uvalda Precinct,Public Service Commissioner,3,Democrat,Keisha Sean Waites,0
Montgomery,Mount Vernon Precinct,Public Service Commissioner,3,Democrat,Keisha Sean Waites,19
Montgomery,Higgston Precinct,Public Service Commissioner,3,Democrat,Keisha Sean Waites,0
Montgomery,Higgston Precinct,Public Service Commissioner,3,Democrat,Peter Hubbard,0
Montgomery,Uvalda Precinct,Public Service Commissioner,3,Democrat,Peter Hubbard,0
Montgomery,Mount Vernon Precinct,Public Service Commissioner,3,Democrat,Peter Hubbard,11
Morgan,Buckhead,Public Service Commissioner,3,Democrat,Keisha Sean Waites,6
Morgan,DFACS,Public Service Commissioner,3,Democrat,Keisha Sean Waites,5
Morgan,Gibbs,Public Service Commissioner,3,Democrat,Keisha Sean Waites,7
Morgan,Centennial,Public Service Commissioner,3,Democrat,Keisha Sean Waites,6
Morgan,Rec Dept,Public Service Commissioner,3,Democrat,Keisha Sean Waites,41
Morgan,Rec Dept,Public Service Commissioner,3,Democrat,Peter Hubbard,25
Morgan,Gibbs,Public Service Commissioner,3,Democrat,Peter Hubbard,9
Morgan,DFACS,Public Service Commissioner,3,Democrat,Peter Hubbard,26
Morgan,Buckhead,Public Service Commissioner,3,Democrat,Peter Hubbard,13
Morgan,Centennial,Public Service Commissioner,3,Democrat,Peter Hubbard,4
Murray,Spring Place,Public Service Commissioner,3,Democrat,Keisha Sean Waites,2
Murray,North,Public Service Commissioner,3,Democrat,Keisha Sean Waites,0
Murray,McDonald,Public Service Commissioner,3,Democrat,Keisha Sean Waites,0
Murray,Shuck Pen,Public Service Commissioner,3,Democrat,Keisha Sean Waites,0
Murray,Southwest,Public Service Commissioner,3,Democrat,Keisha Sean Waites,0
Murray,Carters-Doolittle,Public Service Commissioner,3,Democrat,Keisha Sean Waites,4
Murray,Town,Public Service Commissioner,3,Democrat,Keisha Sean Waites,5
Murray,Town,Public Service Commissioner,3,Democrat,Peter Hubbard,13
Murray,Carters-Doolittle,Public Service Commissioner,3,Democrat,Peter Hubbard,5
Murray,North,Public Service Commissioner,3,Democrat,Peter Hubbard,0
Murray,McDonald,Public Service Commissioner,3,Democrat,Peter Hubbard,0
Murray,Shuck Pen,Public Service Commissioner,3,Democrat,Peter Hubbard,0
Murray,Southwest,Public Service Commissioner,3,Democrat,Peter Hubbard,0
Murray,Spring Place,Public Service Commissioner,3,Democrat,Peter Hubbard,3
Muscogee,Faith Tabernacle,Public Service Commissioner,3,Democrat,Keisha Sean Waites,53
Muscogee,New Mt Pilgrim,Public Service Commissioner,3,Democrat,Keisha Sean Waites,79
Muscogee,Morningside Baptist Church,Public Service Commissioner,3,Democrat,Keisha Sean Waites,28
Muscogee,St Andrews,Public Service Commissioner,3,Democrat,Keisha Sean Waites,57
Muscogee,Salvation Army,Public Service Commissioner,3,Democrat,Keisha Sean Waites,25
Muscogee,First African,Public Service Commissioner,3,Democrat,Keisha Sean Waites,6
Muscogee,Britt David,Public Service Commissioner,3,Democrat,Keisha Sean Waites,18
Muscogee,Epworth UMC,Public Service Commissioner,3,Democrat,Keisha Sean Waites,6
Muscogee,Marianna Gallops,Public Service Commissioner,3,Democrat,Keisha Sean Waites,9
Muscogee,Edgewood Baptist,Public Service Commissioner,3,Democrat,Keisha Sean Waites,52
Muscogee,Psalmond,Public Service Commissioner,3,Democrat,Keisha Sean Waites,83
Muscogee,Canaan,Public Service Commissioner,3,Democrat,Keisha Sean Waites,104
Muscogee,St Paul,Public Service Commissioner,3,Democrat,Keisha Sean Waites,19
Muscogee,Ambassadors Church,Public Service Commissioner,3,Democrat,Keisha Sean Waites,33
Muscogee,Gateway,Public Service Commissioner,3,Democrat,Keisha Sean Waites,105
Muscogee,Columbus Public Library,Public Service Commissioner,3,Democrat,Keisha Sean Waites,57
Muscogee,St. Peter,Public Service Commissioner,3,Democrat,Keisha Sean Waites,16
Muscogee,Chattahoochee Church,Public Service Commissioner,3,Democrat,Keisha Sean Waites,29
Muscogee,INC Columbus,Public Service Commissioner,3,Democrat,Keisha Sean Waites,34
Muscogee,Beallwood Baptist Church,Public Service Commissioner,3,Democrat,Keisha Sean Waites,8
Muscogee,Central Baptist,Public Service Commissioner,3,Democrat,Keisha Sean Waites,36
Muscogee,Wynnbrook,Public Service Commissioner,3,Democrat,Keisha Sean Waites,7
Muscogee,Cusseta Rd,Public Service Commissioner,3,Democrat,Keisha Sean Waites,32
Muscogee,Our Lady of Lourdes,Public Service Commissioner,3,Democrat,Keisha Sean Waites,44
Muscogee,Shirley Winston Rec Ctr,Public Service Commissioner,3,Democrat,Keisha Sean Waites,119
Muscogee,Chattahoochee Church,Public Service Commissioner,3,Democrat,Peter Hubbard,36
Muscogee,Faith Tabernacle,Public Service Commissioner,3,Democrat,Peter Hubbard,28
Muscogee,Salvation Army,Public Service Commissioner,3,Democrat,Peter Hubbard,13
Muscogee,First African,Public Service Commissioner,3,Democrat,Peter Hubbard,16
Muscogee,Epworth UMC,Public Service Commissioner,3,Democrat,Peter Hubbard,24
Muscogee,Marianna Gallops,Public Service Commissioner,3,Democrat,Peter Hubbard,20
Muscogee,Beallwood Baptist Church,Public Service Commissioner,3,Democrat,Peter Hubbard,8
Muscogee,Edgewood Baptist,Public Service Commissioner,3,Democrat,Peter Hubbard,15
Muscogee,Psalmond,Public Service Commissioner,3,Democrat,Peter Hubbard,52
Muscogee,Britt David,Public Service Commissioner,3,Democrat,Peter Hubbard,7
Muscogee,Morningside Baptist Church,Public Service Commissioner,3,Democrat,Peter Hubbard,39
Muscogee,St Paul,Public Service Commissioner,3,Democrat,Peter Hubbard,57
Muscogee,Ambassadors Church,Public Service Commissioner,3,Democrat,Peter Hubbard,29
Muscogee,Gateway,Public Service Commissioner,3,Democrat,Peter Hubbard,29
Muscogee,Canaan,Public Service Commissioner,3,Democrat,Peter Hubbard,38
Muscogee,Our Lady of Lourdes,Public Service Commissioner,3,Democrat,Peter Hubbard,18
Muscogee,INC Columbus,Public Service Commissioner,3,Democrat,Peter Hubbard,38
Muscogee,Columbus Public Library,Public Service Commissioner,3,Democrat,Peter Hubbard,18
Muscogee,Shirley Winston Rec Ctr,Public Service Commissioner,3,Democrat,Peter Hubbard,34
Muscogee,Central Baptist,Public Service Commissioner,3,Democrat,Peter Hubbard,35
Muscogee,Wynnbrook,Public Service Commissioner,3,Democrat,Peter Hubbard,26
Muscogee,St. Peter,Public Service Commissioner,3,Democrat,Peter Hubbard,29
Muscogee,Cusseta Rd,Public Service Commissioner,3,Democrat,Peter Hubbard,12
Muscogee,New Mt Pilgrim,Public Service Commissioner,3,Democrat,Peter Hubbard,27
Muscogee,St Andrews,Public Service Commissioner,3,Democrat,Peter Hubbard,52
Newton,02-Town,Public Service Commissioner,3,Democrat,Keisha Sean Waites,39
Newton,03-Almon,Public Service Commissioner,3,Democrat,Keisha Sean Waites,57
Newton,04-Alcovy,Public Service Commissioner,3,Democrat,Keisha Sean Waites,19
Newton,05-Covington Mills,Public Service Commissioner,3,Democrat,Keisha Sean Waites,56
Newton,06-Brewers,Public Service Commissioner,3,Democrat,Keisha Sean Waites,16
Newton,07-Brick Store,Public Service Commissioner,3,Democrat,Keisha Sean Waites,16
Newton,09-Livingston,Public Service Commissioner,3,Democrat,Keisha Sean Waites,47
Newton,10-Downs,Public Service Commissioner,3,Democrat,Keisha Sean Waites,44
Newton,12-Gum Creek,Public Service Commissioner,3,Democrat,Keisha Sean Waites,25
Newton,13-Beaverdam,Public Service Commissioner,3,Democrat,Keisha Sean Waites,51
Newton,14-Leguinn,Public Service Commissioner,3,Democrat,Keisha Sean Waites,14
Newton,15-Mansfield,Public Service Commissioner,3,Democrat,Keisha Sean Waites,2
Newton,17-Oxford,Public Service Commissioner,3,Democrat,Keisha Sean Waites,28
Newton,18-Rocky Plains,Public Service Commissioner,3,Democrat,Keisha Sean Waites,24
Newton,19-Buck Creek,Public Service Commissioner,3,Democrat,Keisha Sean Waites,33
Newton,20-Stansells,Public Service Commissioner,3,Democrat,Keisha Sean Waites,65
Newton,23-Fairview,Public Service Commissioner,3,Democrat,Keisha Sean Waites,12
Newton,24-Crowell,Public Service Commissioner,3,Democrat,Keisha Sean Waites,33
Newton,25-Hub,Public Service Commissioner,3,Democrat,Keisha Sean Waites,5
Newton,25-Hub,Public Service Commissioner,3,Democrat,Peter Hubbard,10
Newton,24-Crowell,Public Service Commissioner,3,Democrat,Peter Hubbard,37
Newton,23-Fairview,Public Service Commissioner,3,Democrat,Peter Hubbard,7
Newton,20-Stansells,Public Service Commissioner,3,Democrat,Peter Hubbard,32
Newton,19-Buck Creek,Public Service Commissioner,3,Democrat,Peter Hubbard,36
Newton,18-Rocky Plains,Public Service Commissioner,3,Democrat,Peter Hubbard,15
Newton,17-Oxford,Public Service Commissioner,3,Democrat,Peter Hubbard,27
Newton,15-Mansfield,Public Service Commissioner,3,Democrat,Peter Hubbard,10
Newton,14-Leguinn,Public Service Commissioner,3,Democrat,Peter Hubbard,13
Newton,13-Beaverdam,Public Service Commissioner,3,Democrat,Peter Hubbard,28
Newton,12-Gum Creek,Public Service Commissioner,3,Democrat,Peter Hubbard,25
Newton,10-Downs,Public Service Commissioner,3,Democrat,Peter Hubbard,36
Newton,09-Livingston,Public Service Commissioner,3,Democrat,Peter Hubbard,21
Newton,07-Brick Store,Public Service Commissioner,3,Democrat,Peter Hubbard,14
Newton,06-Brewers,Public Service Commissioner,3,Democrat,Peter Hubbard,9
Newton,05-Covington Mills,Public Service Commissioner,3,Democrat,Peter Hubbard,24
Newton,04-Alcovy,Public Service Commissioner,3,Democrat,Peter Hubbard,36
Newton,03-Almon,Public Service Commissioner,3,Democrat,Peter Hubbard,27
Newton,02-Town,Public Service Commissioner,3,Democrat,Peter Hubbard,30
Oconee,Oconee Northeast,Public Service Commissioner,3,Democrat,Keisha Sean Waites,17
Oconee,Dark Corner,Public Service Commissioner,3,Democrat,Keisha Sean Waites,8
Oconee,Oconee South,Public Service Commissioner,3,Democrat,Keisha Sean Waites,8
Oconee,Oconee Central,Public Service Commissioner,3,Democrat,Keisha Sean Waites,44
Oconee,Dark Corner,Public Service Commissioner,3,Democrat,Peter Hubbard,11
Oconee,Oconee Northeast,Public Service Commissioner,3,Democrat,Peter Hubbard,57
Oconee,Oconee Central,Public Service Commissioner,3,Democrat,Peter Hubbard,178
Oconee,Oconee South,Public Service Commissioner,3,Democrat,Peter Hubbard,46
Oglethorpe,Lexington,Public Service Commissioner,3,Democrat,Keisha Sean Waites,13
Oglethorpe,Crawford,Public Service Commissioner,3,Democrat,Keisha Sean Waites,5
Oglethorpe,Beaverdam,Public Service Commissioner,3,Democrat,Keisha Sean Waites,6
Oglethorpe,Beaverdam,Public Service Commissioner,3,Democrat,Peter Hubbard,25
Oglethorpe,Crawford,Public Service Commissioner,3,Democrat,Peter Hubbard,34
Oglethorpe,Lexington,Public Service Commissioner,3,Democrat,Peter Hubbard,27
Paulding,S Paulding Middle School,Public Service Commissioner,3,Democrat,Keisha Sean Waites,17
Paulding,High Shoals Baptist Church,Public Service Commissioner,3,Democrat,Keisha Sean Waites,1
Paulding,Crossroads Library,Public Service Commissioner,3,Democrat,Keisha Sean Waites,1
Paulding,Shelton Elementary,Public Service Commissioner,3,Democrat,Keisha Sean Waites,8
Paulding,Russom Elementary,Public Service Commissioner,3,Democrat,Keisha Sean Waites,16
Paulding,Carl Scoggins Middle School,Public Service Commissioner,3,Democrat,Keisha Sean Waites,14
Paulding,Yorkville Baptist Church,Public Service Commissioner,3,Democrat,Keisha Sean Waites,7
Paulding,Burnt Hickory Park,Public Service Commissioner,3,Democrat,Keisha Sean Waites,0
Paulding,Airport,Public Service Commissioner,3,Democrat,Keisha Sean Waites,0
Paulding,Dobbins Middle School,Public Service Commissioner,3,Democrat,Keisha Sean Waites,30
Paulding,White Oak Park,Public Service Commissioner,3,Democrat,Keisha Sean Waites,24
Paulding,North Industrial,Public Service Commissioner,3,Democrat,Keisha Sean Waites,19
Paulding,Legacy Baptist Church,Public Service Commissioner,3,Democrat,Keisha Sean Waites,8
Paulding,Watson Govt Complex,Public Service Commissioner,3,Democrat,Keisha Sean Waites,15
Paulding,E Paulding Middle School,Public Service Commissioner,3,Democrat,Keisha Sean Waites,13
Paulding,The Events Place,Public Service Commissioner,3,Democrat,Keisha Sean Waites,7
Paulding,Poplar Springs Baptist,Public Service Commissioner,3,Democrat,Keisha Sean Waites,11
Paulding,Dianne Wright Innovation Center,Public Service Commissioner,3,Democrat,Keisha Sean Waites,8
Paulding,Taylor Farm Park,Public Service Commissioner,3,Democrat,Keisha Sean Waites,2
Paulding,Tabernacle Baptist Church,Public Service Commissioner,3,Democrat,Keisha Sean Waites,38
Paulding,Activation Church,Public Service Commissioner,3,Democrat,Keisha Sean Waites,0
Paulding,E Paulding Middle School,Public Service Commissioner,3,Democrat,Peter Hubbard,18
Paulding,Activation Church,Public Service Commissioner,3,Democrat,Peter Hubbard,0
Paulding,High Shoals Baptist Church,Public Service Commissioner,3,Democrat,Peter Hubbard,4
Paulding,Russom Elementary,Public Service Commissioner,3,Democrat,Peter Hubbard,16
Paulding,Shelton Elementary,Public Service Commissioner,3,Democrat,Peter Hubbard,19
Paulding,Crossroads Library,Public Service Commissioner,3,Democrat,Peter Hubbard,11
Paulding,Burnt Hickory Park,Public Service Commissioner,3,Democrat,Peter Hubbard,0
Paulding,Poplar Springs Baptist,Public Service Commissioner,3,Democrat,Peter Hubbard,9
Paulding,Dianne Wright Innovation Center,Public Service Commissioner,3,Democrat,Peter Hubbard,14
Paulding,Taylor Farm Park,Public Service Commissioner,3,Democrat,Peter Hubbard,4
Paulding,S Paulding Middle School,Public Service Commissioner,3,Democrat,Peter Hubbard,17
Paulding,White Oak Park,Public Service Commissioner,3,Democrat,Peter Hubbard,26
Paulding,Carl Scoggins Middle School,Public Service Commissioner,3,Democrat,Peter Hubbard,9
Paulding,Yorkville Baptist Church,Public Service Commissioner,3,Democrat,Peter Hubbard,5
Paulding,Airport,Public Service Commissioner,3,Democrat,Peter Hubbard,0
Paulding,Dobbins Middle School,Public Service Commissioner,3,Democrat,Peter Hubbard,28
Paulding,Tabernacle Baptist Church,Public Service Commissioner,3,Democrat,Peter Hubbard,32
Paulding,The Events Place,Public Service Commissioner,3,Democrat,Peter Hubbard,5
Paulding,North Industrial,Public Service Commissioner,3,Democrat,Peter Hubbard,33
Paulding,Legacy Baptist Church,Public Service Commissioner,3,Democrat,Peter Hubbard,18
Paulding,Watson Govt Complex,Public Service Commissioner,3,Democrat,Peter Hubbard,16
Peach,Powersville,Public Service Commissioner,3,Democrat,Keisha Sean Waites,4
Peach,Fort Valley 3,Public Service Commissioner,3,Democrat,Keisha Sean Waites,40
Peach,Fort Valley 2,Public Service Commissioner,3,Democrat,Keisha Sean Waites,23
Peach,Claude,Public Service Commissioner,3,Democrat,Keisha Sean Waites,0
Peach,Byron,Public Service Commissioner,3,Democrat,Keisha Sean Waites,44
Peach,Fort Valley 1,Public Service Commissioner,3,Democrat,Keisha Sean Waites,10
Peach,Fort Valley 3,Public Service Commissioner,3,Democrat,Peter Hubbard,34
Peach,Powersville,Public Service Commissioner,3,Democrat,Peter Hubbard,1
Peach,Fort Valley 2,Public Service Commissioner,3,Democrat,Peter Hubbard,22
Peach,Fort Valley 1,Public Service Commissioner,3,Democrat,Peter Hubbard,22
Peach,Claude,Public Service Commissioner,3,Democrat,Peter Hubbard,0
Peach,Byron,Public Service Commissioner,3,Democrat,Peter Hubbard,26
Pickens,Yellow Creek,Public Service Commissioner,3,Democrat,Keisha Sean Waites,3
Pickens,Hill City,Public Service Commissioner,3,Democrat,Keisha Sean Waites,2
Pickens,Hinton,Public Service Commissioner,3,Democrat,Keisha Sean Waites,0
Pickens,Jerusalem,Public Service Commissioner,3,Democrat,Keisha Sean Waites,0
Pickens,Ludville,Public Service Commissioner,3,Democrat,Keisha Sean Waites,0
Pickens,Nelson,Public Service Commissioner,3,Democrat,Keisha Sean Waites,0
Pickens,Talking Rock,Public Service Commissioner,3,Democrat,Keisha Sean Waites,3
Pickens,Jasper,Public Service Commissioner,3,Democrat,Keisha Sean Waites,2
Pickens,Tate,Public Service Commissioner,3,Democrat,Keisha Sean Waites,1
Pickens,Sharptop,Public Service Commissioner,3,Democrat,Keisha Sean Waites,4
Pickens,Appalachian,Public Service Commissioner,3,Democrat,Keisha Sean Waites,0
Pickens,Refuge,Public Service Commissioner,3,Democrat,Keisha Sean Waites,4
Pickens,Sharptop,Public Service Commissioner,3,Democrat,Peter Hubbard,25
Pickens,Tate,Public Service Commissioner,3,Democrat,Peter Hubbard,5
Pickens,Jasper,Public Service Commissioner,3,Democrat,Peter Hubbard,13
Pickens,Talking Rock,Public Service Commissioner,3,Democrat,Peter Hubbard,3
Pickens,Nelson,Public Service Commissioner,3,Democrat,Peter Hubbard,0
Pickens,Ludville,Public Service Commissioner,3,Democrat,Peter Hubbard,0
Pickens,Jerusalem,Public Service Commissioner,3,Democrat,Peter Hubbard,0
Pickens,Hinton,Public Service Commissioner,3,Democrat,Peter Hubbard,0
Pickens,Hill City,Public Service Commissioner,3,Democrat,Peter Hubbard,6
Pickens,Yellow Creek,Public Service Commissioner,3,Democrat,Peter Hubbard,14
Pickens,Refuge,Public Service Commissioner,3,Democrat,Peter Hubbard,10
Pickens,Appalachian,Public Service Commissioner,3,Democrat,Peter Hubbard,6
Pierce,Blackshear,Public Service Commissioner,3,Democrat,Keisha Sean Waites,0
Pierce,St. Johns/Blackshear,Public Service Commissioner,3,Democrat,Keisha Sean Waites,0
Pierce,Otter Creek,Public Service Commissioner,3,Democrat,Keisha Sean Waites,0
Pierce,Patterson,Public Service Commissioner,3,Democrat,Keisha Sean Waites,0
Pierce,Mershon,Public Service Commissioner,3,Democrat,Keisha Sean Waites,0
Pierce,Sunset/Sweat,Public Service Commissioner,3,Democrat,Keisha Sean Waites,0
Pierce,Hacklebarney/Cason,Public Service Commissioner,3,Democrat,Keisha Sean Waites,5
Pierce,Alabaha,Public Service Commissioner,3,Democrat,Keisha Sean Waites,0
Pierce,Alabaha,Public Service Commissioner,3,Democrat,Peter Hubbard,0
Pierce,Patterson,Public Service Commissioner,3,Democrat,Peter Hubbard,0
Pierce,Otter Creek,Public Service Commissioner,3,Democrat,Peter Hubbard,0
Pierce,St. Johns/Blackshear,Public Service Commissioner,3,Democrat,Peter Hubbard,0
Pierce,Blackshear,Public Service Commissioner,3,Democrat,Peter Hubbard,0
Pierce,Hacklebarney/Cason,Public Service Commissioner,3,Democrat,Peter Hubbard,1
Pierce,Mershon,Public Service Commissioner,3,Democrat,Peter Hubbard,0
Pierce,Sunset/Sweat,Public Service Commissioner,3,Democrat,Peter Hubbard,0
Pike,Meansville,Public Service Commissioner,3,Democrat,Keisha Sean Waites,14
Pike,Molena,Public Service Commissioner,3,Democrat,Keisha Sean Waites,0
Pike,Second District,Public Service Commissioner,3,Democrat,Keisha Sean Waites,6
Pike,Lifsey Springs,Public Service Commissioner,3,Democrat,Keisha Sean Waites,7
Pike,Williamson,Public Service Commissioner,3,Democrat,Keisha Sean Waites,0
Pike,Zebulon,Public Service Commissioner,3,Democrat,Keisha Sean Waites,21
Pike,Concord,Public Service Commissioner,3,Democrat,Keisha Sean Waites,20
Pike,Hollonville,Public Service Commissioner,3,Democrat,Keisha Sean Waites,0
Pike,Lifsey Springs,Public Service Commissioner,3,Democrat,Peter Hubbard,1
Pike,Concord,Public Service Commissioner,3,Democrat,Peter Hubbard,3
Pike,Hollonville,Public Service Commissioner,3,Democrat,Peter Hubbard,8
Pike,Meansville,Public Service Commissioner,3,Democrat,Peter Hubbard,4
Pike,Molena,Public Service Commissioner,3,Democrat,Peter Hubbard,0
Pike,Second District,Public Service Commissioner,3,Democrat,Peter Hubbard,3
Pike,Williamson,Public Service Commissioner,3,Democrat,Peter Hubbard,0
Pike,Zebulon,Public Service Commissioner,3,Democrat,Peter Hubbard,12
Polk,Lake Creek,Public Service Commissioner,3,Democrat,Keisha Sean Waites,4
Polk,Goodyear,Public Service Commissioner,3,Democrat,Keisha Sean Waites,27
Polk,Camp Antioch,Public Service Commissioner,3,Democrat,Keisha Sean Waites,0
Polk,Rockmart,Public Service Commissioner,3,Democrat,Keisha Sean Waites,3
Polk,Blooming Grove,Public Service Commissioner,3,Democrat,Keisha Sean Waites,2
Polk,Aragon,Public Service Commissioner,3,Democrat,Keisha Sean Waites,4
Polk,Fish Creek,Public Service Commissioner,3,Democrat,Keisha Sean Waites,5
Polk,Camp Antioch,Public Service Commissioner,3,Democrat,Peter Hubbard,0
Polk,Aragon,Public Service Commissioner,3,Democrat,Peter Hubbard,2
Polk,Blooming Grove,Public Service Commissioner,3,Democrat,Peter Hubbard,2
Polk,Goodyear,Public Service Commissioner,3,Democrat,Peter Hubbard,19
Polk,Fish Creek,Public Service Commissioner,3,Democrat,Peter Hubbard,3
Polk,Rockmart,Public Service Commissioner,3,Democrat,Peter Hubbard,10
Polk,Lake Creek,Public Service Commissioner,3,Democrat,Peter Hubbard,4
Pulaski,Courthouse Annex,Public Service Commissioner,3,Democrat,Keisha Sean Waites,27
Pulaski,Courthouse Annex,Public Service Commissioner,3,Democrat,Peter Hubbard,14
Putnam,104,Public Service Commissioner,3,Democrat,Keisha Sean Waites,13
Putnam,106,Public Service Commissioner,3,Democrat,Keisha Sean Waites,0
Putnam,101,Public Service Commissioner,3,Democrat,Keisha Sean Waites,14
Putnam,107,Public Service Commissioner,3,Democrat,Keisha Sean Waites,7
Putnam,105,Public Service Commissioner,3,Democrat,Keisha Sean Waites,2
Putnam,104,Public Service Commissioner,3,Democrat,Peter Hubbard,12
Putnam,107,Public Service Commissioner,3,Democrat,Peter Hubbard,9
Putnam,105,Public Service Commissioner,3,Democrat,Peter Hubbard,17
Putnam,101,Public Service Commissioner,3,Democrat,Peter Hubbard,16
Putnam,106,Public Service Commissioner,3,Democrat,Peter Hubbard,5
Quitman,Georgetown,Public Service Commissioner,3,Democrat,Keisha Sean Waites,12
Quitman,Morris,Public Service Commissioner,3,Democrat,Keisha Sean Waites,3
Quitman,Morris,Public Service Commissioner,3,Democrat,Peter Hubbard,2
Quitman,Georgetown,Public Service Commissioner,3,Democrat,Peter Hubbard,0
Rabun,Rabun County,Public Service Commissioner,3,Democrat,Keisha Sean Waites,15
Rabun,Rabun County,Public Service Commissioner,3,Democrat,Peter Hubbard,81
Randolph,Springvale,Public Service Commissioner,3,Democrat,Keisha Sean Waites,14
Randolph,Cuthbert,Public Service Commissioner,3,Democrat,Keisha Sean Waites,10
Randolph,Cuthbert-Courthouse,Public Service Commissioner,3,Democrat,Keisha Sean Waites,43
Randolph,Benevolence,Public Service Commissioner,3,Democrat,Keisha Sean Waites,7
Randolph,Shellman,Public Service Commissioner,3,Democrat,Keisha Sean Waites,12
Randolph,Coleman,Public Service Commissioner,3,Democrat,Keisha Sean Waites,4
Randolph,Coleman,Public Service Commissioner,3,Democrat,Peter Hubbard,2
Randolph,Shellman,Public Service Commissioner,3,Democrat,Peter Hubbard,1
Randolph,Benevolence,Public Service Commissioner,3,Democrat,Peter Hubbard,2
Randolph,Cuthbert-Courthouse,Public Service Commissioner,3,Democrat,Peter Hubbard,20
Randolph,Cuthbert,Public Service Commissioner,3,Democrat,Peter Hubbard,6
Randolph,Springvale,Public Service Commissioner,3,Democrat,Peter Hubbard,3
Richmond,507,Public Service Commissioner,3,Democrat,Keisha Sean Waites,7
Richmond,406,Public Service Commissioner,3,Democrat,Keisha Sean Waites,87
Richmond,405,Public Service Commissioner,3,Democrat,Keisha Sean Waites,159
Richmond,403,Public Service Commissioner,3,Democrat,Keisha Sean Waites,42
Richmond,402,Public Service Commissioner,3,Democrat,Keisha Sean Waites,34
Richmond,401,Public Service Commissioner,3,Democrat,Keisha Sean Waites,31
Richmond,310,Public Service Commissioner,3,Democrat,Keisha Sean Waites,121
Richmond,308,Public Service Commissioner,3,Democrat,Keisha Sean Waites,2
Richmond,307,Public Service Commissioner,3,Democrat,Keisha Sean Waites,9
Richmond,306,Public Service Commissioner,3,Democrat,Keisha Sean Waites,47
Richmond,304,Public Service Commissioner,3,Democrat,Keisha Sean Waites,6
Richmond,303,Public Service Commissioner,3,Democrat,Keisha Sean Waites,4
Richmond,302,Public Service Commissioner,3,Democrat,Keisha Sean Waites,3
Richmond,301,Public Service Commissioner,3,Democrat,Keisha Sean Waites,13
Richmond,210,Public Service Commissioner,3,Democrat,Keisha Sean Waites,24
Richmond,208,Public Service Commissioner,3,Democrat,Keisha Sean Waites,7
Richmond,207,Public Service Commissioner,3,Democrat,Keisha Sean Waites,32
Richmond,204,Public Service Commissioner,3,Democrat,Keisha Sean Waites,28
Richmond,203,Public Service Commissioner,3,Democrat,Keisha Sean Waites,17
Richmond,202,Public Service Commissioner,3,Democrat,Keisha Sean Waites,27
Richmond,201,Public Service Commissioner,3,Democrat,Keisha Sean Waites,23
Richmond,115,Public Service Commissioner,3,Democrat,Keisha Sean Waites,0
Richmond,112,Public Service Commissioner,3,Democrat,Keisha Sean Waites,9
Richmond,111,Public Service Commissioner,3,Democrat,Keisha Sean Waites,11
Richmond,110,Public Service Commissioner,3,Democrat,Keisha Sean Waites,16
Richmond,109,Public Service Commissioner,3,Democrat,Keisha Sean Waites,5
Richmond,108,Public Service Commissioner,3,Democrat,Keisha Sean Waites,9
Richmond,107,Public Service Commissioner,3,Democrat,Keisha Sean Waites,8
Richmond,106,Public Service Commissioner,3,Democrat,Keisha Sean Waites,0
Richmond,105,Public Service Commissioner,3,Democrat,Keisha Sean Waites,13
Richmond,104,Public Service Commissioner,3,Democrat,Keisha Sean Waites,22
Richmond,103,Public Service Commissioner,3,Democrat,Keisha Sean Waites,27
Richmond,102,Public Service Commissioner,3,Democrat,Keisha Sean Waites,3
Richmond,101,Public Service Commissioner,3,Democrat,Keisha Sean Waites,5
Richmond,506,Public Service Commissioner,3,Democrat,Keisha Sean Waites,77
Richmond,807,Public Service Commissioner,3,Democrat,Keisha Sean Waites,23
Richmond,806,Public Service Commissioner,3,Democrat,Keisha Sean Waites,18
Richmond,805,Public Service Commissioner,3,Democrat,Keisha Sean Waites,4
Richmond,804H,Public Service Commissioner,3,Democrat,Keisha Sean Waites,28
Richmond,804,Public Service Commissioner,3,Democrat,Keisha Sean Waites,14
Richmond,803,Public Service Commissioner,3,Democrat,Keisha Sean Waites,0
Richmond,802,Public Service Commissioner,3,Democrat,Keisha Sean Waites,41
Richmond,801B,Public Service Commissioner,3,Democrat,Keisha Sean Waites,3
Richmond,801,Public Service Commissioner,3,Democrat,Keisha Sean Waites,0
Richmond,709,Public Service Commissioner,3,Democrat,Keisha Sean Waites,9
Richmond,708,Public Service Commissioner,3,Democrat,Keisha Sean Waites,0
Richmond,707,Public Service Commissioner,3,Democrat,Keisha Sean Waites,17
Richmond,706,Public Service Commissioner,3,Democrat,Keisha Sean Waites,28
Richmond,705,Public Service Commissioner,3,Democrat,Keisha Sean Waites,15
Richmond,704,Public Service Commissioner,3,Democrat,Keisha Sean Waites,3
Richmond,703,Public Service Commissioner,3,Democrat,Keisha Sean Waites,18
Richmond,702,Public Service Commissioner,3,Democrat,Keisha Sean Waites,8
Richmond,701,Public Service Commissioner,3,Democrat,Keisha Sean Waites,10
Richmond,608,Public Service Commissioner,3,Democrat,Keisha Sean Waites,0
Richmond,607,Public Service Commissioner,3,Democrat,Keisha Sean Waites,101
Richmond,606,Public Service Commissioner,3,Democrat,Keisha Sean Waites,37
Richmond,605,Public Service Commissioner,3,Democrat,Keisha Sean Waites,37
Richmond,604,Public Service Commissioner,3,Democrat,Keisha Sean Waites,22
Richmond,602,Public Service Commissioner,3,Democrat,Keisha Sean Waites,5
Richmond,601,Public Service Commissioner,3,Democrat,Keisha Sean Waites,26
Richmond,505,Public Service Commissioner,3,Democrat,Keisha Sean Waites,28
Richmond,504,Public Service Commissioner,3,Democrat,Keisha Sean Waites,20
Richmond,503,Public Service Commissioner,3,Democrat,Keisha Sean Waites,44
Richmond,502,Public Service Commissioner,3,Democrat,Keisha Sean Waites,48
Richmond,501,Public Service Commissioner,3,Democrat,Keisha Sean Waites,56
Richmond,811,Public Service Commissioner,3,Democrat,Keisha Sean Waites,4
Richmond,810,Public Service Commissioner,3,Democrat,Keisha Sean Waites,5
Richmond,808,Public Service Commissioner,3,Democrat,Keisha Sean Waites,13
Richmond,304,Public Service Commissioner,3,Democrat,Peter Hubbard,6
Richmond,504,Public Service Commissioner,3,Democrat,Peter Hubbard,21
Richmond,505,Public Service Commissioner,3,Democrat,Peter Hubbard,11
Richmond,506,Public Service Commissioner,3,Democrat,Peter Hubbard,32
Richmond,507,Public Service Commissioner,3,Democrat,Peter Hubbard,7
Richmond,601,Public Service Commissioner,3,Democrat,Peter Hubbard,18
Richmond,602,Public Service Commissioner,3,Democrat,Peter Hubbard,12
Richmond,702,Public Service Commissioner,3,Democrat,Peter Hubbard,13
Richmond,608,Public Service Commissioner,3,Democrat,Peter Hubbard,0
Richmond,701,Public Service Commissioner,3,Democrat,Peter Hubbard,40
Richmond,405,Public Service Commissioner,3,Democrat,Peter Hubbard,81
Richmond,406,Public Service Commissioner,3,Democrat,Peter Hubbard,38
Richmond,501,Public Service Commissioner,3,Democrat,Peter Hubbard,27
Richmond,502,Public Service Commissioner,3,Democrat,Peter Hubbard,14
Richmond,101,Public Service Commissioner,3,Democrat,Peter Hubbard,17
Richmond,102,Public Service Commissioner,3,Democrat,Peter Hubbard,6
Richmond,103,Public Service Commissioner,3,Democrat,Peter Hubbard,8
Richmond,104,Public Service Commissioner,3,Democrat,Peter Hubbard,19
Richmond,105,Public Service Commissioner,3,Democrat,Peter Hubbard,8
Richmond,106,Public Service Commissioner,3,Democrat,Peter Hubbard,0
Richmond,107,Public Service Commissioner,3,Democrat,Peter Hubbard,30
Richmond,108,Public Service Commissioner,3,Democrat,Peter Hubbard,3
Richmond,109,Public Service Commissioner,3,Democrat,Peter Hubbard,4
Richmond,110,Public Service Commissioner,3,Democrat,Peter Hubbard,6
Richmond,111,Public Service Commissioner,3,Democrat,Peter Hubbard,13
Richmond,112,Public Service Commissioner,3,Democrat,Peter Hubbard,20
Richmond,115,Public Service Commissioner,3,Democrat,Peter Hubbard,0
Richmond,703,Public Service Commissioner,3,Democrat,Peter Hubbard,28
Richmond,704,Public Service Commissioner,3,Democrat,Peter Hubbard,4
Richmond,705,Public Service Commissioner,3,Democrat,Peter Hubbard,22
Richmond,706,Public Service Commissioner,3,Democrat,Peter Hubbard,33
Richmond,707,Public Service Commissioner,3,Democrat,Peter Hubbard,14
Richmond,708,Public Service Commissioner,3,Democrat,Peter Hubbard,0
Richmond,709,Public Service Commissioner,3,Democrat,Peter Hubbard,2
Richmond,801,Public Service Commissioner,3,Democrat,Peter Hubbard,0
Richmond,801B,Public Service Commissioner,3,Democrat,Peter Hubbard,5
Richmond,802,Public Service Commissioner,3,Democrat,Peter Hubbard,5
Richmond,306,Public Service Commissioner,3,Democrat,Peter Hubbard,39
Richmond,307,Public Service Commissioner,3,Democrat,Peter Hubbard,21
Richmond,308,Public Service Commissioner,3,Democrat,Peter Hubbard,6
Richmond,310,Public Service Commissioner,3,Democrat,Peter Hubbard,69
Richmond,401,Public Service Commissioner,3,Democrat,Peter Hubbard,3
Richmond,402,Public Service Commissioner,3,Democrat,Peter Hubbard,15
Richmond,403,Public Service Commissioner,3,Democrat,Peter Hubbard,20
Richmond,803,Public Service Commissioner,3,Democrat,Peter Hubbard,0
Richmond,804,Public Service Commissioner,3,Democrat,Peter Hubbard,12
Richmond,804H,Public Service Commissioner,3,Democrat,Peter Hubbard,14
Richmond,805,Public Service Commissioner,3,Democrat,Peter Hubbard,5
Richmond,806,Public Service Commissioner,3,Democrat,Peter Hubbard,13
Richmond,807,Public Service Commissioner,3,Democrat,Peter Hubbard,5
Richmond,808,Public Service Commissioner,3,Democrat,Peter Hubbard,12
Richmond,810,Public Service Commissioner,3,Democrat,Peter Hubbard,5
Richmond,811,Public Service Commissioner,3,Democrat,Peter Hubbard,1
Richmond,503,Public Service Commissioner,3,Democrat,Peter Hubbard,20
Richmond,604,Public Service Commissioner,3,Democrat,Peter Hubbard,11
Richmond,605,Public Service Commissioner,3,Democrat,Peter Hubbard,27
Richmond,606,Public Service Commissioner,3,Democrat,Peter Hubbard,12
Richmond,607,Public Service Commissioner,3,Democrat,Peter Hubbard,50
Richmond,201,Public Service Commissioner,3,Democrat,Peter Hubbard,8
Richmond,202,Public Service Commissioner,3,Democrat,Peter Hubbard,14
Richmond,203,Public Service Commissioner,3,Democrat,Peter Hubbard,8
Richmond,204,Public Service Commissioner,3,Democrat,Peter Hubbard,36
Richmond,207,Public Service Commissioner,3,Democrat,Peter Hubbard,9
Richmond,208,Public Service Commissioner,3,Democrat,Peter Hubbard,4
Richmond,210,Public Service Commissioner,3,Democrat,Peter Hubbard,13
Richmond,301,Public Service Commissioner,3,Democrat,Peter Hubbard,24
Richmond,302,Public Service Commissioner,3,Democrat,Peter Hubbard,4
Richmond,303,Public Service Commissioner,3,Democrat,Peter Hubbard,15
Rockdale,BA,Public Service Commissioner,3,Democrat,Keisha Sean Waites,51
Rockdale,BT,Public Service Commissioner,3,Democrat,Keisha Sean Waites,22
Rockdale,CO,Public Service Commissioner,3,Democrat,Keisha Sean Waites,28
Rockdale,FI,Public Service Commissioner,3,Democrat,Keisha Sean Waites,72
Rockdale,FS,Public Service Commissioner,3,Democrat,Keisha Sean Waites,67
Rockdale,LA,Public Service Commissioner,3,Democrat,Keisha Sean Waites,32
Rockdale,LO,Public Service Commissioner,3,Democrat,Keisha Sean Waites,85
Rockdale,MA,Public Service Commissioner,3,Democrat,Keisha Sean Waites,64
Rockdale,MI,Public Service Commissioner,3,Democrat,Keisha Sean Waites,70
Rockdale,OT,Public Service Commissioner,3,Democrat,Keisha Sean Waites,85
Rockdale,RO,Public Service Commissioner,3,Democrat,Keisha Sean Waites,83
Rockdale,SM,Public Service Commissioner,3,Democrat,Keisha Sean Waites,68
Rockdale,SP,Public Service Commissioner,3,Democrat,Keisha Sean Waites,72
Rockdale,ST,Public Service Commissioner,3,Democrat,Keisha Sean Waites,26
Rockdale,BA,Public Service Commissioner,3,Democrat,Peter Hubbard,45
Rockdale,ST,Public Service Commissioner,3,Democrat,Peter Hubbard,29
Rockdale,SP,Public Service Commissioner,3,Democrat,Peter Hubbard,53
Rockdale,SM,Public Service Commissioner,3,Democrat,Peter Hubbard,65
Rockdale,RO,Public Service Commissioner,3,Democrat,Peter Hubbard,48
Rockdale,OT,Public Service Commissioner,3,Democrat,Peter Hubbard,46
Rockdale,MI,Public Service Commissioner,3,Democrat,Peter Hubbard,93
Rockdale,MA,Public Service Commissioner,3,Democrat,Peter Hubbard,57
Rockdale,LO,Public Service Commissioner,3,Democrat,Peter Hubbard,57
Rockdale,LA,Public Service Commissioner,3,Democrat,Peter Hubbard,32
Rockdale,FS,Public Service Commissioner,3,Democrat,Peter Hubbard,52
Rockdale,FI,Public Service Commissioner,3,Democrat,Peter Hubbard,55
Rockdale,CO,Public Service Commissioner,3,Democrat,Peter Hubbard,37
Rockdale,BT,Public Service Commissioner,3,Democrat,Peter Hubbard,34
Schley,Precinct 1,Public Service Commissioner,3,Democrat,Keisha Sean Waites,8
Schley,Precinct 1,Public Service Commissioner,3,Democrat,Peter Hubbard,4
Screven,Hiltonia,Public Service Commissioner,3,Democrat,Keisha Sean Waites,10
Screven,Sylvania North,Public Service Commissioner,3,Democrat,Keisha Sean Waites,18
Screven,White Hill,Public Service Commissioner,3,Democrat,Keisha Sean Waites,6
Screven,Newington,Public Service Commissioner,3,Democrat,Keisha Sean Waites,0
Screven,Cooperville,Public Service Commissioner,3,Democrat,Keisha Sean Waites,23
Screven,Rocky Ford,Public Service Commissioner,3,Democrat,Keisha Sean Waites,0
Screven,Sylvania South,Public Service Commissioner,3,Democrat,Keisha Sean Waites,13
Screven,Newington,Public Service Commissioner,3,Democrat,Peter Hubbard,0
Screven,Rocky Ford,Public Service Commissioner,3,Democrat,Peter Hubbard,0
Screven,Sylvania South,Public Service Commissioner,3,Democrat,Peter Hubbard,6
Screven,Hiltonia,Public Service Commissioner,3,Democrat,Peter Hubbard,3
Screven,Cooperville,Public Service Commissioner,3,Democrat,Peter Hubbard,18
Screven,Sylvania North,Public Service Commissioner,3,Democrat,Peter Hubbard,5
Screven,White Hill,Public Service Commissioner,3,Democrat,Peter Hubbard,3
Seminole,Precinct 5,Public Service Commissioner,3,Democrat,Keisha Sean Waites,0
Seminole,Precinct 4,Public Service Commissioner,3,Democrat,Keisha Sean Waites,0
Seminole,Precinct 3,Public Service Commissioner,3,Democrat,Keisha Sean Waites,13
Seminole,Precinct 2,Public Service Commissioner,3,Democrat,Keisha Sean Waites,11
Seminole,Precinct 1,Public Service Commissioner,3,Democrat,Keisha Sean Waites,2
Seminole,Precinct 4,Public Service Commissioner,3,Democrat,Peter Hubbard,0
Seminole,Precinct 3,Public Service Commissioner,3,Democrat,Peter Hubbard,4
Seminole,Precinct 2,Public Service Commissioner,3,Democrat,Peter Hubbard,3
Seminole,Precinct 1,Public Service Commissioner,3,Democrat,Peter Hubbard,8
Seminole,Precinct 5,Public Service Commissioner,3,Democrat,Peter Hubbard,0
Spalding,07,Public Service Commissioner,3,Democrat,Keisha Sean Waites,12
Spalding,02,Public Service Commissioner,3,Democrat,Keisha Sean Waites,23
Spalding,06,Public Service Commissioner,3,Democrat,Keisha Sean Waites,28
Spalding,05,Public Service Commissioner,3,Democrat,Keisha Sean Waites,31
Spalding,03,Public Service Commissioner,3,Democrat,Keisha Sean Waites,9
Spalding,01,Public Service Commissioner,3,Democrat,Keisha Sean Waites,8
Spalding,21,Public Service Commissioner,3,Democrat,Keisha Sean Waites,132
Spalding,20,Public Service Commissioner,3,Democrat,Keisha Sean Waites,13
Spalding,19,Public Service Commissioner,3,Democrat,Keisha Sean Waites,18
Spalding,16,Public Service Commissioner,3,Democrat,Keisha Sean Waites,69
Spalding,14,Public Service Commissioner,3,Democrat,Keisha Sean Waites,3
Spalding,13,Public Service Commissioner,3,Democrat,Keisha Sean Waites,5
Spalding,12,Public Service Commissioner,3,Democrat,Keisha Sean Waites,12
Spalding,11,Public Service Commissioner,3,Democrat,Keisha Sean Waites,31
Spalding,10,Public Service Commissioner,3,Democrat,Keisha Sean Waites,17
Spalding,09,Public Service Commissioner,3,Democrat,Keisha Sean Waites,17
Spalding,08,Public Service Commissioner,3,Democrat,Keisha Sean Waites,13
Spalding,19,Public Service Commissioner,3,Democrat,Peter Hubbard,16
Spalding,11,Public Service Commissioner,3,Democrat,Peter Hubbard,7
Spalding,09,Public Service Commissioner,3,Democrat,Peter Hubbard,11
Spalding,14,Public Service Commissioner,3,Democrat,Peter Hubbard,2
Spalding,13,Public Service Commissioner,3,Democrat,Peter Hubbard,9
Spalding,12,Public Service Commissioner,3,Democrat,Peter Hubbard,8
Spalding,10,Public Service Commissioner,3,Democrat,Peter Hubbard,9
Spalding,21,Public Service Commissioner,3,Democrat,Peter Hubbard,59
Spalding,20,Public Service Commissioner,3,Democrat,Peter Hubbard,7
Spalding,01,Public Service Commissioner,3,Democrat,Peter Hubbard,6
Spalding,02,Public Service Commissioner,3,Democrat,Peter Hubbard,5
Spalding,03,Public Service Commissioner,3,Democrat,Peter Hubbard,16
Spalding,05,Public Service Commissioner,3,Democrat,Peter Hubbard,21
Spalding,06,Public Service Commissioner,3,Democrat,Peter Hubbard,3
Spalding,07,Public Service Commissioner,3,Democrat,Peter Hubbard,10
Spalding,08,Public Service Commissioner,3,Democrat,Peter Hubbard,7
Spalding,16,Public Service Commissioner,3,Democrat,Peter Hubbard,17
Stephens,Stephens County 1,Public Service Commissioner,3,Democrat,Keisha Sean Waites,32
Stephens,Stephens County 1,Public Service Commissioner,3,Democrat,Peter Hubbard,46
Stewart,Omaha,Public Service Commissioner,3,Democrat,Keisha Sean Waites,5
Stewart,Lumpkin,Public Service Commissioner,3,Democrat,Keisha Sean Waites,24
Stewart,Louvale,Public Service Commissioner,3,Democrat,Keisha Sean Waites,0
Stewart,Richland,Public Service Commissioner,3,Democrat,Keisha Sean Waites,14
Stewart,Louvale,Public Service Commissioner,3,Democrat,Peter Hubbard,0
Stewart,Omaha,Public Service Commissioner,3,Democrat,Peter Hubbard,1
Stewart,Lumpkin,Public Service Commissioner,3,Democrat,Peter Hubbard,8
Stewart,Richland,Public Service Commissioner,3,Democrat,Peter Hubbard,9
Sumter,Browns Mill,Public Service Commissioner,3,Democrat,Keisha Sean Waites,13
Sumter,AG Center,Public Service Commissioner,3,Democrat,Keisha Sean Waites,17
Sumter,Plains,Public Service Commissioner,3,Democrat,Keisha Sean Waites,14
Sumter,Concord,Public Service Commissioner,3,Democrat,Keisha Sean Waites,0
Sumter,Airport,Public Service Commissioner,3,Democrat,Keisha Sean Waites,14
Sumter,Rec Dept,Public Service Commissioner,3,Democrat,Keisha Sean Waites,37
Sumter,JROTC,Public Service Commissioner,3,Democrat,Keisha Sean Waites,25
Sumter,Rees Park,Public Service Commissioner,3,Democrat,Keisha Sean Waites,32
Sumter,Andersonville,Public Service Commissioner,3,Democrat,Keisha Sean Waites,6
Sumter,Thompson,Public Service Commissioner,3,Democrat,Keisha Sean Waites,9
Sumter,Leslie,Public Service Commissioner,3,Democrat,Keisha Sean Waites,19
Sumter,JROTC,Public Service Commissioner,3,Democrat,Peter Hubbard,24
Sumter,Plains,Public Service Commissioner,3,Democrat,Peter Hubbard,5
Sumter,Browns Mill,Public Service Commissioner,3,Democrat,Peter Hubbard,3
Sumter,Andersonville,Public Service Commissioner,3,Democrat,Peter Hubbard,2
Sumter,Rees Park,Public Service Commissioner,3,Democrat,Peter Hubbard,15
Sumter,Rec Dept,Public Service Commissioner,3,Democrat,Peter Hubbard,22
Sumter,Airport,Public Service Commissioner,3,Democrat,Peter Hubbard,3
Sumter,Leslie,Public Service Commissioner,3,Democrat,Peter Hubbard,7
Sumter,Concord,Public Service Commissioner,3,Democrat,Peter Hubbard,0
Sumter,Thompson,Public Service Commissioner,3,Democrat,Peter Hubbard,1
Sumter,AG Center,Public Service Commissioner,3,Democrat,Peter Hubbard,11
Talbot,Geneva,Public Service Commissioner,3,Democrat,Keisha Sean Waites,7
Talbot,Flint Hill,Public Service Commissioner,3,Democrat,Keisha Sean Waites,26
Talbot,Box Springs,Public Service Commissioner,3,Democrat,Keisha Sean Waites,0
Talbot,Talbotton,Public Service Commissioner,3,Democrat,Keisha Sean Waites,14
Talbot,ONeal,Public Service Commissioner,3,Democrat,Keisha Sean Waites,10
Talbot,Valley,Public Service Commissioner,3,Democrat,Keisha Sean Waites,14
Talbot,Junction City,Public Service Commissioner,3,Democrat,Keisha Sean Waites,10
Talbot,Talbotton,Public Service Commissioner,3,Democrat,Peter Hubbard,12
Talbot,Flint Hill,Public Service Commissioner,3,Democrat,Peter Hubbard,5
Talbot,Box Springs,Public Service Commissioner,3,Democrat,Peter Hubbard,0
Talbot,Junction City,Public Service Commissioner,3,Democrat,Peter Hubbard,1
Talbot,Valley,Public Service Commissioner,3,Democrat,Peter Hubbard,11
Talbot,ONeal,Public Service Commissioner,3,Democrat,Peter Hubbard,0
Talbot,Geneva,Public Service Commissioner,3,Democrat,Peter Hubbard,0
Taliaferro,Crawfordville,Public Service Commissioner,3,Democrat,Keisha Sean Waites,28
Taliaferro,Sharon,Public Service Commissioner,3,Democrat,Keisha Sean Waites,3
Taliaferro,Sharon,Public Service Commissioner,3,Democrat,Peter Hubbard,3
Taliaferro,Crawfordville,Public Service Commissioner,3,Democrat,Peter Hubbard,5
Tattnall,Shiloh,Public Service Commissioner,3,Democrat,Keisha Sean Waites,0
Tattnall,Cobbtown,Public Service Commissioner,3,Democrat,Keisha Sean Waites,0
Tattnall,Collins,Public Service Commissioner,3,Democrat,Keisha Sean Waites,5
Tattnall,District II,Public Service Commissioner,3,Democrat,Keisha Sean Waites,6
Tattnall,District IV,Public Service Commissioner,3,Democrat,Keisha Sean Waites,5
Tattnall,District V,Public Service Commissioner,3,Democrat,Keisha Sean Waites,0
Tattnall,East Glennville,Public Service Commissioner,3,Democrat,Keisha Sean Waites,0
Tattnall,Manassas,Public Service Commissioner,3,Democrat,Keisha Sean Waites,0
Tattnall,Shiloh,Public Service Commissioner,3,Democrat,Peter Hubbard,0
Tattnall,East Glennville,Public Service Commissioner,3,Democrat,Peter Hubbard,0
Tattnall,Manassas,Public Service Commissioner,3,Democrat,Peter Hubbard,0
Tattnall,District V,Public Service Commissioner,3,Democrat,Peter Hubbard,0
Tattnall,District IV,Public Service Commissioner,3,Democrat,Peter Hubbard,0
Tattnall,District II,Public Service Commissioner,3,Democrat,Peter Hubbard,3
Tattnall,Collins,Public Service Commissioner,3,Democrat,Peter Hubbard,2
Tattnall,Cobbtown,Public Service Commissioner,3,Democrat,Peter Hubbard,0
Taylor,Precinct 5,Public Service Commissioner,3,Democrat,Keisha Sean Waites,8
Taylor,Precinct 1,Public Service Commissioner,3,Democrat,Keisha Sean Waites,20
Taylor,Precinct 6,Public Service Commissioner,3,Democrat,Keisha Sean Waites,13
Taylor,Precinct 1,Public Service Commissioner,3,Democrat,Peter Hubbard,9
Taylor,Precinct 5,Public Service Commissioner,3,Democrat,Peter Hubbard,4
Taylor,Precinct 6,Public Service Commissioner,3,Democrat,Peter Hubbard,4
Telfair,Jacksonville,Public Service Commissioner,3,Democrat,Keisha Sean Waites,0
Telfair,Helena,Public Service Commissioner,3,Democrat,Keisha Sean Waites,0
Telfair,Lumber-City,Public Service Commissioner,3,Democrat,Keisha Sean Waites,0
Telfair,McRae,Public Service Commissioner,3,Democrat,Keisha Sean Waites,7
Telfair,Milan,Public Service Commissioner,3,Democrat,Keisha Sean Waites,0
Telfair,Scotland,Public Service Commissioner,3,Democrat,Keisha Sean Waites,0
Telfair,Scotland,Public Service Commissioner,3,Democrat,Peter Hubbard,0
Telfair,Milan,Public Service Commissioner,3,Democrat,Peter Hubbard,0
Telfair,McRae,Public Service Commissioner,3,Democrat,Peter Hubbard,2
Telfair,Lumber-City,Public Service Commissioner,3,Democrat,Peter Hubbard,0
Telfair,Jacksonville,Public Service Commissioner,3,Democrat,Peter Hubbard,0
Telfair,Helena,Public Service Commissioner,3,Democrat,Peter Hubbard,0
Terrell,Parrott,Public Service Commissioner,3,Democrat,Keisha Sean Waites,7
Terrell,Dawson,Public Service Commissioner,3,Democrat,Keisha Sean Waites,51
Terrell,Herod-Dover,Public Service Commissioner,3,Democrat,Keisha Sean Waites,0
Terrell,Graves,Public Service Commissioner,3,Democrat,Keisha Sean Waites,0
Terrell,Bronwood,Public Service Commissioner,3,Democrat,Keisha Sean Waites,10
Terrell,Sasser,Public Service Commissioner,3,Democrat,Keisha Sean Waites,5
Terrell,Dawson,Public Service Commissioner,3,Democrat,Peter Hubbard,52
Terrell,Sasser,Public Service Commissioner,3,Democrat,Peter Hubbard,13
Terrell,Bronwood,Public Service Commissioner,3,Democrat,Peter Hubbard,6
Terrell,Parrott,Public Service Commissioner,3,Democrat,Peter Hubbard,3
Terrell,Graves,Public Service Commissioner,3,Democrat,Peter Hubbard,0
Terrell,Herod-Dover,Public Service Commissioner,3,Democrat,Peter Hubbard,0
Thomas,"Fire Station #2",Public Service Commissioner,3,Democrat,Keisha Sean Waites,6
Thomas,Barwick,Public Service Commissioner,3,Democrat,Keisha Sean Waites,0
Thomas,Boston,Public Service Commissioner,3,Democrat,Keisha Sean Waites,19
Thomas,Central,Public Service Commissioner,3,Democrat,Keisha Sean Waites,14
Thomas,Coolidge,Public Service Commissioner,3,Democrat,Keisha Sean Waites,2
Thomas,Douglass,Public Service Commissioner,3,Democrat,Keisha Sean Waites,23
Thomas,Little Ochlocknee Baptist,Public Service Commissioner,3,Democrat,Keisha Sean Waites,0
Thomas,Remington Esc,Public Service Commissioner,3,Democrat,Keisha Sean Waites,9
Thomas,Gatlin Creek,Public Service Commissioner,3,Democrat,Keisha Sean Waites,4
Thomas,Harper,Public Service Commissioner,3,Democrat,Keisha Sean Waites,33
Thomas,Jerger,Public Service Commissioner,3,Democrat,Keisha Sean Waites,6
Thomas,Meigs,Public Service Commissioner,3,Democrat,Keisha Sean Waites,20
Thomas,Merrillville,Public Service Commissioner,3,Democrat,Keisha Sean Waites,0
Thomas,Metcalfe,Public Service Commissioner,3,Democrat,Keisha Sean Waites,0
Thomas,New Covenant,Public Service Commissioner,3,Democrat,Keisha Sean Waites,9
Thomas,Ochlocknee,Public Service Commissioner,3,Democrat,Keisha Sean Waites,3
Thomas,Patten,Public Service Commissioner,3,Democrat,Keisha Sean Waites,0
Thomas,Pavo,Public Service Commissioner,3,Democrat,Keisha Sean Waites,0
Thomas,Resource Center,Public Service Commissioner,3,Democrat,Keisha Sean Waites,31
Thomas,Scott,Public Service Commissioner,3,Democrat,Keisha Sean Waites,15
Thomas,Douglass,Public Service Commissioner,3,Democrat,Peter Hubbard,22
Thomas,New Covenant,Public Service Commissioner,3,Democrat,Peter Hubbard,12
Thomas,Coolidge,Public Service Commissioner,3,Democrat,Peter Hubbard,3
Thomas,Scott,Public Service Commissioner,3,Democrat,Peter Hubbard,25
Thomas,Resource Center,Public Service Commissioner,3,Democrat,Peter Hubbard,16
Thomas,Remington Esc,Public Service Commissioner,3,Democrat,Peter Hubbard,16
Thomas,Pavo,Public Service Commissioner,3,Democrat,Peter Hubbard,0
Thomas,Patten,Public Service Commissioner,3,Democrat,Peter Hubbard,0
Thomas,Central,Public Service Commissioner,3,Democrat,Peter Hubbard,8
Thomas,Boston,Public Service Commissioner,3,Democrat,Peter Hubbard,17
Thomas,Barwick,Public Service Commissioner,3,Democrat,Peter Hubbard,0
Thomas,"Fire Station #2",Public Service Commissioner,3,Democrat,Peter Hubbard,8
Thomas,Little Ochlocknee Baptist,Public Service Commissioner,3,Democrat,Peter Hubbard,0
Thomas,Metcalfe,Public Service Commissioner,3,Democrat,Peter Hubbard,0
Thomas,Merrillville,Public Service Commissioner,3,Democrat,Peter Hubbard,0
Thomas,Meigs,Public Service Commissioner,3,Democrat,Peter Hubbard,0
Thomas,Jerger,Public Service Commissioner,3,Democrat,Peter Hubbard,10
Thomas,Harper,Public Service Commissioner,3,Democrat,Peter Hubbard,18
Thomas,Ochlocknee,Public Service Commissioner,3,Democrat,Peter Hubbard,2
Thomas,Gatlin Creek,Public Service Commissioner,3,Democrat,Peter Hubbard,12
Tift,Tifton South,Public Service Commissioner,3,Democrat,Keisha Sean Waites,15
Tift,Tifton NW,Public Service Commissioner,3,Democrat,Keisha Sean Waites,15
Tift,TY TY,Public Service Commissioner,3,Democrat,Keisha Sean Waites,0
Tift,Omega,Public Service Commissioner,3,Democrat,Keisha Sean Waites,0
Tift,Eldorado,Public Service Commissioner,3,Democrat,Keisha Sean Waites,0
Tift,Docia,Public Service Commissioner,3,Democrat,Keisha Sean Waites,0
Tift,Chula,Public Service Commissioner,3,Democrat,Keisha Sean Waites,0
Tift,Brookfield,Public Service Commissioner,3,Democrat,Keisha Sean Waites,0
Tift,Brighton,Public Service Commissioner,3,Democrat,Keisha Sean Waites,3
Tift,Tifton NE,Public Service Commissioner,3,Democrat,Keisha Sean Waites,6
Tift,Mott-Litman Gym,Public Service Commissioner,3,Democrat,Keisha Sean Waites,28
Tift,Tifton Lodge,Public Service Commissioner,3,Democrat,Keisha Sean Waites,9
Tift,Brighton,Public Service Commissioner,3,Democrat,Peter Hubbard,7
Tift,Tifton NE,Public Service Commissioner,3,Democrat,Peter Hubbard,11
Tift,Brookfield,Public Service Commissioner,3,Democrat,Peter Hubbard,0
Tift,Chula,Public Service Commissioner,3,Democrat,Peter Hubbard,0
Tift,Docia,Public Service Commissioner,3,Democrat,Peter Hubbard,0
Tift,Eldorado,Public Service Commissioner,3,Democrat,Peter Hubbard,0
Tift,Omega,Public Service Commissioner,3,Democrat,Peter Hubbard,0
Tift,TY TY,Public Service Commissioner,3,Democrat,Peter Hubbard,0
Tift,Tifton NW,Public Service Commissioner,3,Democrat,Peter Hubbard,13
Tift,Tifton South,Public Service Commissioner,3,Democrat,Peter Hubbard,4
Tift,Mott-Litman Gym,Public Service Commissioner,3,Democrat,Peter Hubbard,9
Tift,Tifton Lodge,Public Service Commissioner,3,Democrat,Peter Hubbard,14
Toombs,514 S.T.I.A.L.C.,Public Service Commissioner,3,Democrat,Keisha Sean Waites,8
Toombs,39 Newbranch,Public Service Commissioner,3,Democrat,Keisha Sean Waites,0
Toombs,43 Cedar Crossing,Public Service Commissioner,3,Democrat,Keisha Sean Waites,0
Toombs,15361 Lyons,Public Service Commissioner,3,Democrat,Keisha Sean Waites,4
Toombs,513 V.P.D.,Public Service Commissioner,3,Democrat,Keisha Sean Waites,19
Toombs,43 Cedar Crossing,Public Service Commissioner,3,Democrat,Peter Hubbard,0
Toombs,15361 Lyons,Public Service Commissioner,3,Democrat,Peter Hubbard,2
Toombs,513 V.P.D.,Public Service Commissioner,3,Democrat,Peter Hubbard,11
Toombs,39 Newbranch,Public Service Commissioner,3,Democrat,Peter Hubbard,0
Toombs,514 S.T.I.A.L.C.,Public Service Commissioner,3,Democrat,Peter Hubbard,8
Towns,Hiawassee,Public Service Commissioner,3,Democrat,Keisha Sean Waites,15
Towns,Young Harris,Public Service Commissioner,3,Democrat,Keisha Sean Waites,6
Towns,Hiawassee,Public Service Commissioner,3,Democrat,Peter Hubbard,27
Towns,Young Harris,Public Service Commissioner,3,Democrat,Peter Hubbard,13
Treutlen,Soperton,Public Service Commissioner,3,Democrat,Keisha Sean Waites,15
Treutlen,Annex,Public Service Commissioner,3,Democrat,Keisha Sean Waites,0
Treutlen,Annex,Public Service Commissioner,3,Democrat,Peter Hubbard,0
Treutlen,Soperton,Public Service Commissioner,3,Democrat,Peter Hubbard,4
Troup,Gray Hill,Public Service Commissioner,3,Democrat,Keisha Sean Waites,2
Troup,East Vernon,Public Service Commissioner,3,Democrat,Keisha Sean Waites,3
Troup,Rosemont,Public Service Commissioner,3,Democrat,Keisha Sean Waites,4
Troup,Mountville,Public Service Commissioner,3,Democrat,Keisha Sean Waites,2
Troup,Hillcrest,Public Service Commissioner,3,Democrat,Keisha Sean Waites,5
Troup,Grace,Public Service Commissioner,3,Democrat,Keisha Sean Waites,15
Troup,Gardner,Public Service Commissioner,3,Democrat,Keisha Sean Waites,6
Troup,Hogansville,Public Service Commissioner,3,Democrat,Keisha Sean Waites,13
Troup,West Point,Public Service Commissioner,3,Democrat,Keisha Sean Waites,0
Troup,Griggs,Public Service Commissioner,3,Democrat,Keisha Sean Waites,28
Troup,Hammett,Public Service Commissioner,3,Democrat,Keisha Sean Waites,17
Troup,Admin,Public Service Commissioner,3,Democrat,Keisha Sean Waites,18
Troup,Hollis,Public Service Commissioner,3,Democrat,Keisha Sean Waites,12
Troup,Hogansville,Public Service Commissioner,3,Democrat,Peter Hubbard,11
Troup,West Point,Public Service Commissioner,3,Democrat,Peter Hubbard,0
Troup,Griggs,Public Service Commissioner,3,Democrat,Peter Hubbard,19
Troup,Mountville,Public Service Commissioner,3,Democrat,Peter Hubbard,6
Troup,Hillcrest,Public Service Commissioner,3,Democrat,Peter Hubbard,10
Troup,Grace,Public Service Commissioner,3,Democrat,Peter Hubbard,5
Troup,Gardner,Public Service Commissioner,3,Democrat,Peter Hubbard,10
Troup,Gray Hill,Public Service Commissioner,3,Democrat,Peter Hubbard,4
Troup,Hollis,Public Service Commissioner,3,Democrat,Peter Hubbard,11
Troup,Admin,Public Service Commissioner,3,Democrat,Peter Hubbard,14
Troup,Hammett,Public Service Commissioner,3,Democrat,Peter Hubbard,12
Troup,Rosemont,Public Service Commissioner,3,Democrat,Peter Hubbard,6
Troup,East Vernon,Public Service Commissioner,3,Democrat,Peter Hubbard,5
Turner,Ashburn,Public Service Commissioner,3,Democrat,Keisha Sean Waites,21
Turner,Sycamore,Public Service Commissioner,3,Democrat,Keisha Sean Waites,0
Turner,Rebecca,Public Service Commissioner,3,Democrat,Keisha Sean Waites,0
Turner,Rebecca,Public Service Commissioner,3,Democrat,Peter Hubbard,0
Turner,Sycamore,Public Service Commissioner,3,Democrat,Peter Hubbard,0
Turner,Ashburn,Public Service Commissioner,3,Democrat,Peter Hubbard,13
Twiggs,Higgsvillle,Public Service Commissioner,3,Democrat,Keisha Sean Waites,10
Twiggs,Jeffersonville/Ware,Public Service Commissioner,3,Democrat,Keisha Sean Waites,54
Twiggs,Shady Grove/Tarvers,Public Service Commissioner,3,Democrat,Keisha Sean Waites,7
Twiggs,Dry Branch,Public Service Commissioner,3,Democrat,Keisha Sean Waites,2
Twiggs,Golden Isles,Public Service Commissioner,3,Democrat,Keisha Sean Waites,23
Twiggs,Jeffersonville/Ware,Public Service Commissioner,3,Democrat,Peter Hubbard,11
Twiggs,Shady Grove/Tarvers,Public Service Commissioner,3,Democrat,Peter Hubbard,6
Twiggs,Dry Branch,Public Service Commissioner,3,Democrat,Peter Hubbard,4
Twiggs,Golden Isles,Public Service Commissioner,3,Democrat,Peter Hubbard,13
Twiggs,Higgsvillle,Public Service Commissioner,3,Democrat,Peter Hubbard,7
Union,Choestoe,Public Service Commissioner,3,Democrat,Keisha Sean Waites,2
Union,Coosa,Public Service Commissioner,3,Democrat,Keisha Sean Waites,1
Union,Pat Colwell,Public Service Commissioner,3,Democrat,Keisha Sean Waites,6
Union,Gumlog,Public Service Commissioner,3,Democrat,Keisha Sean Waites,1
Union,Dooley,Public Service Commissioner,3,Democrat,Keisha Sean Waites,0
Union,Trackrock,Public Service Commissioner,3,Democrat,Keisha Sean Waites,3
Union,Suches,Public Service Commissioner,3,Democrat,Keisha Sean Waites,0
Union,Ivy Log,Public Service Commissioner,3,Democrat,Keisha Sean Waites,5
Union,Owltown,Public Service Commissioner,3,Democrat,Keisha Sean Waites,4
Union,Jones Creek,Public Service Commissioner,3,Democrat,Keisha Sean Waites,3
Union,Blairsville,Public Service Commissioner,3,Democrat,Keisha Sean Waites,9
Union,Jones Creek,Public Service Commissioner,3,Democrat,Peter Hubbard,15
Union,Suches,Public Service Commissioner,3,Democrat,Peter Hubbard,0
Union,Trackrock,Public Service Commissioner,3,Democrat,Peter Hubbard,4
Union,Dooley,Public Service Commissioner,3,Democrat,Peter Hubbard,11
Union,Gumlog,Public Service Commissioner,3,Democrat,Peter Hubbard,9
Union,Pat Colwell,Public Service Commissioner,3,Democrat,Peter Hubbard,19
Union,Coosa,Public Service Commissioner,3,Democrat,Peter Hubbard,10
Union,Choestoe,Public Service Commissioner,3,Democrat,Peter Hubbard,6
Union,Owltown,Public Service Commissioner,3,Democrat,Peter Hubbard,11
Union,Ivy Log,Public Service Commissioner,3,Democrat,Peter Hubbard,2
Union,Blairsville,Public Service Commissioner,3,Democrat,Peter Hubbard,9
Upson,Redbone,Public Service Commissioner,3,Democrat,Keisha Sean Waites,21
Upson,Town,Public Service Commissioner,3,Democrat,Keisha Sean Waites,34
Upson,Yatesville,Public Service Commissioner,3,Democrat,Keisha Sean Waites,4
Upson,Salem,Public Service Commissioner,3,Democrat,Keisha Sean Waites,25
Upson,Yatesville,Public Service Commissioner,3,Democrat,Peter Hubbard,3
Upson,Salem,Public Service Commissioner,3,Democrat,Peter Hubbard,0
Upson,Redbone,Public Service Commissioner,3,Democrat,Peter Hubbard,9
Upson,Town,Public Service Commissioner,3,Democrat,Peter Hubbard,21
Walker,Fairview,Public Service Commissioner,3,Democrat,Keisha Sean Waites,0
Walker,Fairyland,Public Service Commissioner,3,Democrat,Keisha Sean Waites,2
Walker,Chickamauga,Public Service Commissioner,3,Democrat,Keisha Sean Waites,0
Walker,Rossville,Public Service Commissioner,3,Democrat,Keisha Sean Waites,1
Walker,Kensington,Public Service Commissioner,3,Democrat,Keisha Sean Waites,0
Walker,Chattanooga Valley,Public Service Commissioner,3,Democrat,Keisha Sean Waites,2
Walker,Mountain,Public Service Commissioner,3,Democrat,Keisha Sean Waites,0
Walker,Armuchee Valley,Public Service Commissioner,3,Democrat,Keisha Sean Waites,0
Walker,Rock Spring,Public Service Commissioner,3,Democrat,Keisha Sean Waites,4
Walker,Walnut Grove,Public Service Commissioner,3,Democrat,Keisha Sean Waites,0
Walker,La Fayette,Public Service Commissioner,3,Democrat,Keisha Sean Waites,5
Walker,Walnut Grove,Public Service Commissioner,3,Democrat,Peter Hubbard,5
Walker,Armuchee Valley,Public Service Commissioner,3,Democrat,Peter Hubbard,0
Walker,Mountain,Public Service Commissioner,3,Democrat,Peter Hubbard,0
Walker,La Fayette,Public Service Commissioner,3,Democrat,Peter Hubbard,23
Walker,Chattanooga Valley,Public Service Commissioner,3,Democrat,Peter Hubbard,4
Walker,Fairview,Public Service Commissioner,3,Democrat,Peter Hubbard,0
Walker,Kensington,Public Service Commissioner,3,Democrat,Peter Hubbard,0
Walker,Rock Spring,Public Service Commissioner,3,Democrat,Peter Hubbard,10
Walker,Rossville,Public Service Commissioner,3,Democrat,Peter Hubbard,4
Walker,Fairyland,Public Service Commissioner,3,Democrat,Peter Hubbard,4
Walker,Chickamauga,Public Service Commissioner,3,Democrat,Peter Hubbard,9
Walton,Walker Park,Public Service Commissioner,3,Democrat,Keisha Sean Waites,3
Walton,Bold Springs,Public Service Commissioner,3,Democrat,Keisha Sean Waites,4
Walton,Jersey,Public Service Commissioner,3,Democrat,Keisha Sean Waites,0
Walton,Tara,Public Service Commissioner,3,Democrat,Keisha Sean Waites,1
Walton,Central Monroe,Public Service Commissioner,3,Democrat,Keisha Sean Waites,25
Walton,Bay Creek,Public Service Commissioner,3,Democrat,Keisha Sean Waites,3
Walton,Broken Arrow,Public Service Commissioner,3,Democrat,Keisha Sean Waites,3
Walton,West Walton,Public Service Commissioner,3,Democrat,Keisha Sean Waites,7
Walton,South Monroe,Public Service Commissioner,3,Democrat,Keisha Sean Waites,3
Walton,Social Circle,Public Service Commissioner,3,Democrat,Keisha Sean Waites,13
Walton,Loganville Central,Public Service Commissioner,3,Democrat,Keisha Sean Waites,8
Walton,Walnut Grove,Public Service Commissioner,3,Democrat,Keisha Sean Waites,8
Walton,Between,Public Service Commissioner,3,Democrat,Keisha Sean Waites,6
Walton,Gratis,Public Service Commissioner,3,Democrat,Keisha Sean Waites,5
Walton,Good Hope,Public Service Commissioner,3,Democrat,Keisha Sean Waites,3
Walton,Ag Center,Public Service Commissioner,3,Democrat,Keisha Sean Waites,2
Walton,Walker Park,Public Service Commissioner,3,Democrat,Peter Hubbard,9
Walton,Good Hope,Public Service Commissioner,3,Democrat,Peter Hubbard,5
Walton,Jersey,Public Service Commissioner,3,Democrat,Peter Hubbard,0
Walton,Gratis,Public Service Commissioner,3,Democrat,Peter Hubbard,1
Walton,Ag Center,Public Service Commissioner,3,Democrat,Peter Hubbard,4
Walton,Bold Springs,Public Service Commissioner,3,Democrat,Peter Hubbard,7
Walton,South Monroe,Public Service Commissioner,3,Democrat,Peter Hubbard,11
Walton,Social Circle,Public Service Commissioner,3,Democrat,Peter Hubbard,11
Walton,Loganville Central,Public Service Commissioner,3,Democrat,Peter Hubbard,12
Walton,Walnut Grove,Public Service Commissioner,3,Democrat,Peter Hubbard,3
Walton,Between,Public Service Commissioner,3,Democrat,Peter Hubbard,6
Walton,Tara,Public Service Commissioner,3,Democrat,Peter Hubbard,6
Walton,Central Monroe,Public Service Commissioner,3,Democrat,Peter Hubbard,19
Walton,Bay Creek,Public Service Commissioner,3,Democrat,Peter Hubbard,12
Walton,Broken Arrow,Public Service Commissioner,3,Democrat,Peter Hubbard,2
Walton,West Walton,Public Service Commissioner,3,Democrat,Peter Hubbard,8
Ware,304 - Emerson Park,Public Service Commissioner,3,Democrat,Keisha Sean Waites,0
Ware,200B - City Auditorium,Public Service Commissioner,3,Democrat,Keisha Sean Waites,0
Ware,408 - Millwood Baptist Church,Public Service Commissioner,3,Democrat,Keisha Sean Waites,0
Ware,409 - Waresboro Church of God,Public Service Commissioner,3,Democrat,Keisha Sean Waites,0
Ware,407 - Manor Commmunity Center,Public Service Commissioner,3,Democrat,Keisha Sean Waites,0
Ware,100 - City Auditorium,Public Service Commissioner,3,Democrat,Keisha Sean Waites,51
Ware,406 - Jamestown Baptist Church,Public Service Commissioner,3,Democrat,Keisha Sean Waites,0
Ware,405 - Haywood Baptist Church,Public Service Commissioner,3,Democrat,Keisha Sean Waites,0
Ware,404 - Bickley UM Church,Public Service Commissioner,3,Democrat,Keisha Sean Waites,0
Ware,400 - Second Baptist Church,Public Service Commissioner,3,Democrat,Keisha Sean Waites,0
Ware,200A - Memorial Stadium,Public Service Commissioner,3,Democrat,Keisha Sean Waites,11
Ware,300 - Ware BoE Transportation,Public Service Commissioner,3,Democrat,Keisha Sean Waites,9
Ware,200C- Second Baptist Church,Public Service Commissioner,3,Democrat,Keisha Sean Waites,5
Ware,400 - Second Baptist Church,Public Service Commissioner,3,Democrat,Peter Hubbard,0
Ware,304 - Emerson Park,Public Service Commissioner,3,Democrat,Peter Hubbard,0
Ware,300 - Ware BoE Transportation,Public Service Commissioner,3,Democrat,Peter Hubbard,1
Ware,200C- Second Baptist Church,Public Service Commissioner,3,Democrat,Peter Hubbard,1
Ware,200B - City Auditorium,Public Service Commissioner,3,Democrat,Peter Hubbard,0
Ware,200A - Memorial Stadium,Public Service Commissioner,3,Democrat,Peter Hubbard,10
Ware,100 - City Auditorium,Public Service Commissioner,3,Democrat,Peter Hubbard,22
Ware,409 - Waresboro Church of God,Public Service Commissioner,3,Democrat,Peter Hubbard,0
Ware,408 - Millwood Baptist Church,Public Service Commissioner,3,Democrat,Peter Hubbard,0
Ware,407 - Manor Commmunity Center,Public Service Commissioner,3,Democrat,Peter Hubbard,0
Ware,406 - Jamestown Baptist Church,Public Service Commissioner,3,Democrat,Peter Hubbard,0
Ware,405 - Haywood Baptist Church,Public Service Commissioner,3,Democrat,Peter Hubbard,0
Ware,404 - Bickley UM Church,Public Service Commissioner,3,Democrat,Peter Hubbard,0
Warren,Warrenton,Public Service Commissioner,3,Democrat,Keisha Sean Waites,26
Warren,Warrenton,Public Service Commissioner,3,Democrat,Peter Hubbard,17
Washington,Davisboro,Public Service Commissioner,3,Democrat,Keisha Sean Waites,2
Washington,Deepstep,Public Service Commissioner,3,Democrat,Keisha Sean Waites,0
Washington,Oconee,Public Service Commissioner,3,Democrat,Keisha Sean Waites,4
Washington,Riddleville,Public Service Commissioner,3,Democrat,Keisha Sean Waites,9
Washington,Sandersville,Public Service Commissioner,3,Democrat,Keisha Sean Waites,139
Washington,Tennille,Public Service Commissioner,3,Democrat,Keisha Sean Waites,29
Washington,Warthen,Public Service Commissioner,3,Democrat,Keisha Sean Waites,8
Washington,Harrison,Public Service Commissioner,3,Democrat,Keisha Sean Waites,13
Washington,Davisboro,Public Service Commissioner,3,Democrat,Peter Hubbard,6
Washington,Harrison,Public Service Commissioner,3,Democrat,Peter Hubbard,4
Washington,Warthen,Public Service Commissioner,3,Democrat,Peter Hubbard,10
Washington,Tennille,Public Service Commissioner,3,Democrat,Peter Hubbard,12
Washington,Sandersville,Public Service Commissioner,3,Democrat,Peter Hubbard,35
Washington,Riddleville,Public Service Commissioner,3,Democrat,Peter Hubbard,0
Washington,Oconee,Public Service Commissioner,3,Democrat,Peter Hubbard,8
Washington,Deepstep,Public Service Commissioner,3,Democrat,Peter Hubbard,0
Wayne,Altamaha,Public Service Commissioner,3,Democrat,Keisha Sean Waites,0
Wayne,Screven,Public Service Commissioner,3,Democrat,Keisha Sean Waites,6
Wayne,VFW,Public Service Commissioner,3,Democrat,Keisha Sean Waites,22
Wayne,Empire,Public Service Commissioner,3,Democrat,Keisha Sean Waites,0
Wayne,Gardi,Public Service Commissioner,3,Democrat,Keisha Sean Waites,0
Wayne,Madray Springs,Public Service Commissioner,3,Democrat,Keisha Sean Waites,0
Wayne,Odum,Public Service Commissioner,3,Democrat,Keisha Sean Waites,0
Wayne,Oglethorpe,Public Service Commissioner,3,Democrat,Keisha Sean Waites,0
Wayne,Pine Street,Public Service Commissioner,3,Democrat,Keisha Sean Waites,9
Wayne,Rec Center,Public Service Commissioner,3,Democrat,Keisha Sean Waites,2
Wayne,Red Hill,Public Service Commissioner,3,Democrat,Keisha Sean Waites,0
Wayne,Unity,Public Service Commissioner,3,Democrat,Keisha Sean Waites,11
Wayne,Oglethorpe,Public Service Commissioner,3,Democrat,Peter Hubbard,0
Wayne,Altamaha,Public Service Commissioner,3,Democrat,Peter Hubbard,0
Wayne,Rec Center,Public Service Commissioner,3,Democrat,Peter Hubbard,3
Wayne,Gardi,Public Service Commissioner,3,Democrat,Peter Hubbard,0
Wayne,Red Hill,Public Service Commissioner,3,Democrat,Peter Hubbard,0
Wayne,Screven,Public Service Commissioner,3,Democrat,Peter Hubbard,4
Wayne,Unity,Public Service Commissioner,3,Democrat,Peter Hubbard,4
Wayne,VFW,Public Service Commissioner,3,Democrat,Peter Hubbard,7
Wayne,Empire,Public Service Commissioner,3,Democrat,Peter Hubbard,0
Wayne,Madray Springs,Public Service Commissioner,3,Democrat,Peter Hubbard,0
Wayne,Odum,Public Service Commissioner,3,Democrat,Peter Hubbard,0
Wayne,Pine Street,Public Service Commissioner,3,Democrat,Peter Hubbard,3
Webster,Preston 1,Public Service Commissioner,3,Democrat,Keisha Sean Waites,21
Webster,Preston 1,Public Service Commissioner,3,Democrat,Peter Hubbard,11
Wheeler,Alamo,Public Service Commissioner,3,Democrat,Keisha Sean Waites,38
Wheeler,Glenwood,Public Service Commissioner,3,Democrat,Keisha Sean Waites,26
Wheeler,Glenwood,Public Service Commissioner,3,Democrat,Peter Hubbard,7
Wheeler,Alamo,Public Service Commissioner,3,Democrat,Peter Hubbard,25
White,Blue Creek,Public Service Commissioner,3,Democrat,Keisha Sean Waites,3
White,Tesnatee,Public Service Commissioner,3,Democrat,Keisha Sean Waites,3
White,Shoal Creek,Public Service Commissioner,3,Democrat,Keisha Sean Waites,6
White,Nacoochee,Public Service Commissioner,3,Democrat,Keisha Sean Waites,4
White,Mt Yonah,Public Service Commissioner,3,Democrat,Keisha Sean Waites,5
White,Mossy Creek,Public Service Commissioner,3,Democrat,Keisha Sean Waites,1
White,Robertstown-Helen,Public Service Commissioner,3,Democrat,Keisha Sean Waites,2
White,Blue Ridge,Public Service Commissioner,3,Democrat,Keisha Sean Waites,0
White,Town Creek,Public Service Commissioner,3,Democrat,Keisha Sean Waites,3
White,White Creek,Public Service Commissioner,3,Democrat,Keisha Sean Waites,0
White,Blue Ridge,Public Service Commissioner,3,Democrat,Peter Hubbard,0
White,Robertstown-Helen,Public Service Commissioner,3,Democrat,Peter Hubbard,10
White,Mossy Creek,Public Service Commissioner,3,Democrat,Peter Hubbard,8
White,Mt Yonah,Public Service Commissioner,3,Democrat,Peter Hubbard,19
White,Nacoochee,Public Service Commissioner,3,Democrat,Peter Hubbard,15
White,Shoal Creek,Public Service Commissioner,3,Democrat,Peter Hubbard,6
White,Tesnatee,Public Service Commissioner,3,Democrat,Peter Hubbard,5
White,Town Creek,Public Service Commissioner,3,Democrat,Peter Hubbard,7
White,White Creek,Public Service Commissioner,3,Democrat,Peter Hubbard,0
White,Blue Creek,Public Service Commissioner,3,Democrat,Peter Hubbard,16
Whitfield,NI,Public Service Commissioner,3,Democrat,Keisha Sean Waites,5
Whitfield,VA,Public Service Commissioner,3,Democrat,Keisha Sean Waites,3
Whitfield,UT,Public Service Commissioner,3,Democrat,Keisha Sean Waites,0
Whitfield,TR,Public Service Commissioner,3,Democrat,Keisha Sean Waites,2
Whitfield,TI,Public Service Commissioner,3,Democrat,Keisha Sean Waites,0
Whitfield,TH,Public Service Commissioner,3,Democrat,Keisha Sean Waites,2
Whitfield,PG,Public Service Commissioner,3,Democrat,Keisha Sean Waites,4
Whitfield,MC,Public Service Commissioner,3,Democrat,Keisha Sean Waites,0
Whitfield,LT,Public Service Commissioner,3,Democrat,Keisha Sean Waites,0
Whitfield,GL,Public Service Commissioner,3,Democrat,Keisha Sean Waites,5
Whitfield,FI,Public Service Commissioner,3,Democrat,Keisha Sean Waites,2
Whitfield,ES,Public Service Commissioner,3,Democrat,Keisha Sean Waites,0
Whitfield,DG,Public Service Commissioner,3,Democrat,Keisha Sean Waites,0
Whitfield,CO,Public Service Commissioner,3,Democrat,Keisha Sean Waites,0
Whitfield,CA,Public Service Commissioner,3,Democrat,Keisha Sean Waites,0
Whitfield,WS,Public Service Commissioner,3,Democrat,Keisha Sean Waites,0
Whitfield,6A,Public Service Commissioner,3,Democrat,Keisha Sean Waites,2
Whitfield,5A,Public Service Commissioner,3,Democrat,Keisha Sean Waites,5
Whitfield,4A,Public Service Commissioner,3,Democrat,Keisha Sean Waites,7
Whitfield,3A,Public Service Commissioner,3,Democrat,Keisha Sean Waites,8
Whitfield,2A,Public Service Commissioner,3,Democrat,Keisha Sean Waites,7
Whitfield,1A,Public Service Commissioner,3,Democrat,Keisha Sean Waites,12
Whitfield,AN,Public Service Commissioner,3,Democrat,Keisha Sean Waites,4
Whitfield,CO,Public Service Commissioner,3,Democrat,Peter Hubbard,0
Whitfield,FI,Public Service Commissioner,3,Democrat,Peter Hubbard,5
Whitfield,VA,Public Service Commissioner,3,Democrat,Peter Hubbard,13
Whitfield,WS,Public Service Commissioner,3,Democrat,Peter Hubbard,0
Whitfield,DG,Public Service Commissioner,3,Democrat,Peter Hubbard,13
Whitfield,NI,Public Service Commissioner,3,Democrat,Peter Hubbard,1
Whitfield,CA,Public Service Commissioner,3,Democrat,Peter Hubbard,0
Whitfield,AN,Public Service Commissioner,3,Democrat,Peter Hubbard,7
Whitfield,6A,Public Service Commissioner,3,Democrat,Peter Hubbard,7
Whitfield,5A,Public Service Commissioner,3,Democrat,Peter Hubbard,5
Whitfield,4A,Public Service Commissioner,3,Democrat,Peter Hubbard,14
Whitfield,3A,Public Service Commissioner,3,Democrat,Peter Hubbard,15
Whitfield,2A,Public Service Commissioner,3,Democrat,Peter Hubbard,8
Whitfield,1A,Public Service Commissioner,3,Democrat,Peter Hubbard,7
Whitfield,TR,Public Service Commissioner,3,Democrat,Peter Hubbard,3
Whitfield,GL,Public Service Commissioner,3,Democrat,Peter Hubbard,4
Whitfield,MC,Public Service Commissioner,3,Democrat,Peter Hubbard,0
Whitfield,PG,Public Service Commissioner,3,Democrat,Peter Hubbard,9
Whitfield,LT,Public Service Commissioner,3,Democrat,Peter Hubbard,0
Whitfield,TH,Public Service Commissioner,3,Democrat,Peter Hubbard,6
Whitfield,TI,Public Service Commissioner,3,Democrat,Peter Hubbard,0
Whitfield,ES,Public Service Commissioner,3,Democrat,Peter Hubbard,0
Whitfield,UT,Public Service Commissioner,3,Democrat,Peter Hubbard,0
Wilcox,Abbeville South 5,Public Service Commissioner,3,Democrat,Keisha Sean Waites,0
Wilcox,Rochelle South 4,Public Service Commissioner,3,Democrat,Keisha Sean Waites,0
Wilcox,Pitts 3,Public Service Commissioner,3,Democrat,Keisha Sean Waites,0
Wilcox,Pineview 2,Public Service Commissioner,3,Democrat,Keisha Sean Waites,0
Wilcox,Abbeville North 2,Public Service Commissioner,3,Democrat,Keisha Sean Waites,0
Wilcox,Rochelle North 1,Public Service Commissioner,3,Democrat,Keisha Sean Waites,5
Wilcox,Pitts 3,Public Service Commissioner,3,Democrat,Peter Hubbard,0
Wilcox,Abbeville North 2,Public Service Commissioner,3,Democrat,Peter Hubbard,0
Wilcox,Rochelle North 1,Public Service Commissioner,3,Democrat,Peter Hubbard,0
Wilcox,Rochelle South 4,Public Service Commissioner,3,Democrat,Peter Hubbard,0
Wilcox,Pineview 2,Public Service Commissioner,3,Democrat,Peter Hubbard,0
Wilcox,Abbeville South 5,Public Service Commissioner,3,Democrat,Peter Hubbard,0
Wilkes,Senior Citizen Center,Public Service Commissioner,3,Democrat,Keisha Sean Waites,38
Wilkes,Young Famer's Bldg,Public Service Commissioner,3,Democrat,Keisha Sean Waites,5
Wilkes,Tignall Sch Lunch Rm,Public Service Commissioner,3,Democrat,Keisha Sean Waites,10
Wilkes,Rayle City Hall,Public Service Commissioner,3,Democrat,Keisha Sean Waites,9
Wilkes,Edward B Pope Center,Public Service Commissioner,3,Democrat,Keisha Sean Waites,28
Wilkes,Metasville Fire Sta,Public Service Commissioner,3,Democrat,Keisha Sean Waites,5
Wilkes,Courthouse,Public Service Commissioner,3,Democrat,Keisha Sean Waites,9
Wilkes,Metasville Fire Sta,Public Service Commissioner,3,Democrat,Peter Hubbard,1
Wilkes,Senior Citizen Center,Public Service Commissioner,3,Democrat,Peter Hubbard,15
Wilkes,Rayle City Hall,Public Service Commissioner,3,Democrat,Peter Hubbard,3
Wilkes,Edward B Pope Center,Public Service Commissioner,3,Democrat,Peter Hubbard,7
Wilkes,Young Famer's Bldg,Public Service Commissioner,3,Democrat,Peter Hubbard,5
Wilkes,Tignall Sch Lunch Rm,Public Service Commissioner,3,Democrat,Peter Hubbard,4
Wilkes,Courthouse,Public Service Commissioner,3,Democrat,Peter Hubbard,3
Wilkinson,Turkey Creek,Public Service Commissioner,3,Democrat,Keisha Sean Waites,0
Wilkinson,Ramah,Public Service Commissioner,3,Democrat,Keisha Sean Waites,17
Wilkinson,Midway,Public Service Commissioner,3,Democrat,Keisha Sean Waites,21
Wilkinson,Lord,Public Service Commissioner,3,Democrat,Keisha Sean Waites,6
Wilkinson,Ivey,Public Service Commissioner,3,Democrat,Keisha Sean Waites,0
Wilkinson,Irwinton,Public Service Commissioner,3,Democrat,Keisha Sean Waites,15
Wilkinson,High Hill,Public Service Commissioner,3,Democrat,Keisha Sean Waites,0
Wilkinson,Griffin,Public Service Commissioner,3,Democrat,Keisha Sean Waites,0
Wilkinson,Bloodworth,Public Service Commissioner,3,Democrat,Keisha Sean Waites,0
Wilkinson,Ramah,Public Service Commissioner,3,Democrat,Peter Hubbard,20
Wilkinson,Griffin,Public Service Commissioner,3,Democrat,Peter Hubbard,0
Wilkinson,Turkey Creek,Public Service Commissioner,3,Democrat,Peter Hubbard,0
Wilkinson,Midway,Public Service Commissioner,3,Democrat,Peter Hubbard,14
Wilkinson,Lord,Public Service Commissioner,3,Democrat,Peter Hubbard,5
Wilkinson,Ivey,Public Service Commissioner,3,Democrat,Peter Hubbard,0
Wilkinson,Irwinton,Public Service Commissioner,3,Democrat,Peter Hubbard,4
Wilkinson,High Hill,Public Service Commissioner,3,Democrat,Peter Hubbard,0
Wilkinson,Bloodworth,Public Service Commissioner,3,Democrat,Peter Hubbard,0
Worth,Warwick,Public Service Commissioner,3,Democrat,Keisha Sean Waites,0
Worth,Doles,Public Service Commissioner,3,Democrat,Keisha Sean Waites,0
Worth,Red Rock,Public Service Commissioner,3,Democrat,Keisha Sean Waites,0
Worth,Sumner,Public Service Commissioner,3,Democrat,Keisha Sean Waites,0
Worth,Poulan,Public Service Commissioner,3,Democrat,Keisha Sean Waites,0
Worth,Sylvester East,Public Service Commissioner,3,Democrat,Keisha Sean Waites,6
Worth,Isabella,Public Service Commissioner,3,Democrat,Keisha Sean Waites,0
Worth,County Line,Public Service Commissioner,3,Democrat,Keisha Sean Waites,0
Worth,Bridgeboro,Public Service Commissioner,3,Democrat,Keisha Sean Waites,0
Worth,Minton,Public Service Commissioner,3,Democrat,Keisha Sean Waites,0
Worth,Scooterville,Public Service Commissioner,3,Democrat,Keisha Sean Waites,0
Worth,Sylvester,Public Service Commissioner,3,Democrat,Keisha Sean Waites,28
Worth,County Line,Public Service Commissioner,3,Democrat,Peter Hubbard,0
Worth,Sylvester,Public Service Commissioner,3,Democrat,Peter Hubbard,8
Worth,Scooterville,Public Service Commissioner,3,Democrat,Peter Hubbard,0
Worth,Minton,Public Service Commissioner,3,Democrat,Peter Hubbard,0
Worth,Isabella,Public Service Commissioner,3,Democrat,Peter Hubbard,0
Worth,Red Rock,Public Service Commissioner,3,Democrat,Peter Hubbard,0
Worth,Doles,Public Service Commissioner,3,Democrat,Peter Hubbard,0
Worth,Warwick,Public Service Commissioner,3,Democrat,Peter Hubbard,0
Worth,Bridgeboro,Public Service Commissioner,3,Democrat,Peter Hubbard,0
Worth,Sumner,Public Service Commissioner,3,Democrat,Peter Hubbard,0
Worth,Sylvester East,Public Service Commissioner,3,Democrat,Peter Hubbard,2
Worth,Poulan,Public Service Commissioner,3,Democrat,Peter Hubbard,0
